speaker_1,recording_1,language_1,speaker_2,recording_2,language_2,pair_type,cosine_similarity
S4259997700308565,data_pipeline/raw/hi/hi_001_S4259997700308565.flac,hi,S4259997700308565,data_pipeline/raw/hi/hi_002_S4259997700308565.flac,hi,same_speaker,0.767091705738503
S4259997700308565,data_pipeline/raw/hi/hi_001_S4259997700308565.flac,hi,S4259997700308565,data_pipeline/raw/hi/hi_003_S4259997700308565.flac,hi,same_speaker,0.5865157526024531
S4259997700308565,data_pipeline/raw/hi/hi_001_S4259997700308565.flac,hi,S4259161200398412,data_pipeline/raw/hi/hi_004_S4259161200398412.flac,hi,different_speaker,-0.27612243274176024
S4259997700308565,data_pipeline/raw/hi/hi_001_S4259997700308565.flac,hi,S4259161200398412,data_pipeline/raw/hi/hi_005_S4259161200398412.flac,hi,different_speaker,-0.018482138353825322
S4259997700308565,data_pipeline/raw/hi/hi_001_S4259997700308565.flac,hi,S4259161200398412,data_pipeline/raw/hi/hi_006_S4259161200398412.flac,hi,different_speaker,-0.2260774567023614
S4259997700308565,data_pipeline/raw/hi/hi_001_S4259997700308565.flac,hi,S4258240200343210,data_pipeline/raw/hi/hi_007_S4258240200343210.flac,hi,different_speaker,-0.13188635933345996
S4259997700308565,data_pipeline/raw/hi/hi_001_S4259997700308565.flac,hi,S4258240200343210,data_pipeline/raw/hi/hi_008_S4258240200343210.flac,hi,different_speaker,0.19985862142731467
S4259997700308565,data_pipeline/raw/hi/hi_001_S4259997700308565.flac,hi,S4258240200343210,data_pipeline/raw/hi/hi_009_S4258240200343210.flac,hi,different_speaker,-0.063068107968114
S4259997700308565,data_pipeline/raw/hi/hi_001_S4259997700308565.flac,hi,S4259552600341552,data_pipeline/raw/hi/hi_010_S4259552600341552.flac,hi,different_speaker,-0.21023192307754637
S4259997700308565,data_pipeline/raw/hi/hi_001_S4259997700308565.flac,hi,S4259552600341552,data_pipeline/raw/hi/hi_011_S4259552600341552.flac,hi,different_speaker,-0.4147962829788213
S4259997700308565,data_pipeline/raw/hi/hi_001_S4259997700308565.flac,hi,S4259552600341552,data_pipeline/raw/hi/hi_012_S4259552600341552.flac,hi,different_speaker,-0.3213505230005098
S4259997700308565,data_pipeline/raw/hi/hi_001_S4259997700308565.flac,hi,S4259918700378788,data_pipeline/raw/hi/hi_013_S4259918700378788.flac,hi,different_speaker,0.008160972994641857
S4259997700308565,data_pipeline/raw/hi/hi_001_S4259997700308565.flac,hi,S4259918700378788,data_pipeline/raw/hi/hi_014_S4259918700378788.flac,hi,different_speaker,0.10935777394284488
S4259997700308565,data_pipeline/raw/hi/hi_001_S4259997700308565.flac,hi,S4259918700378788,data_pipeline/raw/hi/hi_015_S4259918700378788.flac,hi,different_speaker,0.11647330815190432
S4259997700308565,data_pipeline/raw/hi/hi_001_S4259997700308565.flac,hi,S4259758000344036,/Users/adityasingh/Projects/Vocal-X/data_pipeline/raw/bn/bn_001_S4259758000344036.flac,bengali,different_speaker,0.611646191816501
S4259997700308565,data_pipeline/raw/hi/hi_001_S4259997700308565.flac,hi,S4259758000344036,/Users/adityasingh/Projects/Vocal-X/data_pipeline/raw/bn/bn_002_S4259758000344036.flac,bengali,different_speaker,0.6864130847712202
S4259997700308565,data_pipeline/raw/hi/hi_001_S4259997700308565.flac,hi,S4259758000344036,/Users/adityasingh/Projects/Vocal-X/data_pipeline/raw/bn/bn_003_S4259758000344036.flac,bengali,different_speaker,0.4250275771765389
S4259997700308565,data_pipeline/raw/hi/hi_001_S4259997700308565.flac,hi,S4257409800358613,/Users/adityasingh/Projects/Vocal-X/data_pipeline/raw/bn/bn_004_S4257409800358613.flac,bengali,different_speaker,-0.09893774646355229
S4259997700308565,data_pipeline/raw/hi/hi_001_S4259997700308565.flac,hi,S4257409800358613,/Users/adityasingh/Projects/Vocal-X/data_pipeline/raw/bn/bn_005_S4257409800358613.flac,bengali,different_speaker,0.2315518873500842
S4259997700308565,data_pipeline/raw/hi/hi_001_S4259997700308565.flac,hi,S4257409800358613,/Users/adityasingh/Projects/Vocal-X/data_pipeline/raw/bn/bn_006_S4257409800358613.flac,bengali,different_speaker,0.06494614642685341
S4259997700308565,data_pipeline/raw/hi/hi_001_S4259997700308565.flac,hi,S4259674400304151,/Users/adityasingh/Projects/Vocal-X/data_pipeline/raw/bn/bn_007_S4259674400304151.flac,bengali,different_speaker,0.1766785303677887
S4259997700308565,data_pipeline/raw/hi/hi_001_S4259997700308565.flac,hi,S4259674400304151,/Users/adityasingh/Projects/Vocal-X/data_pipeline/raw/bn/bn_008_S4259674400304151.flac,bengali,different_speaker,0.11248941924668827
S4259997700308565,data_pipeline/raw/hi/hi_001_S4259997700308565.flac,hi,S4259674400304151,/Users/adityasingh/Projects/Vocal-X/data_pipeline/raw/bn/bn_009_S4259674400304151.flac,bengali,different_speaker,0.08337975967305544
S4259997700308565,data_pipeline/raw/hi/hi_001_S4259997700308565.flac,hi,S4256944600325233,/Users/adityasingh/Projects/Vocal-X/data_pipeline/raw/bn/bn_010_S4256944600325233.flac,bengali,different_speaker,0.044129864363328136
S4259997700308565,data_pipeline/raw/hi/hi_001_S4259997700308565.flac,hi,S4256944600325233,/Users/adityasingh/Projects/Vocal-X/data_pipeline/raw/bn/bn_011_S4256944600325233.flac,bengali,different_speaker,-0.04483831733371438
S4259997700308565,data_pipeline/raw/hi/hi_001_S4259997700308565.flac,hi,S4256944600325233,/Users/adityasingh/Projects/Vocal-X/data_pipeline/raw/bn/bn_012_S4256944600325233.flac,bengali,different_speaker,0.3580974384494102
S4259997700308565,data_pipeline/raw/hi/hi_001_S4259997700308565.flac,hi,S4258791300331826,/Users/adityasingh/Projects/Vocal-X/data_pipeline/raw/bn/bn_013_S4258791300331826.flac,bengali,different_speaker,0.15143480481147376
S4259997700308565,data_pipeline/raw/hi/hi_001_S4259997700308565.flac,hi,S4258791300331826,/Users/adityasingh/Projects/Vocal-X/data_pipeline/raw/bn/bn_014_S4258791300331826.flac,bengali,different_speaker,0.4983152263750065
S4259997700308565,data_pipeline/raw/hi/hi_001_S4259997700308565.flac,hi,S4258791300331826,/Users/adityasingh/Projects/Vocal-X/data_pipeline/raw/bn/bn_015_S4258791300331826.flac,bengali,different_speaker,0.5749158952886907
S4259997700308565,data_pipeline/raw/hi/hi_001_S4259997700308565.flac,hi,S4258178900302423,/Users/adityasingh/Projects/Vocal-X/data_pipeline/raw/ta/ta_001_S4258178900302423.flac,tamil,different_speaker,-0.19490872038267282
S4259997700308565,data_pipeline/raw/hi/hi_001_S4259997700308565.flac,hi,S4258178900302423,/Users/adityasingh/Projects/Vocal-X/data_pipeline/raw/ta/ta_002_S4258178900302423.flac,tamil,different_speaker,-0.07262744526024525
S4259997700308565,data_pipeline/raw/hi/hi_001_S4259997700308565.flac,hi,S4258178900302423,/Users/adityasingh/Projects/Vocal-X/data_pipeline/raw/ta/ta_003_S4258178900302423.flac,tamil,different_speaker,-0.06191910814423897
S4259997700308565,data_pipeline/raw/hi/hi_001_S4259997700308565.flac,hi,S4258116500302929,/Users/adityasingh/Projects/Vocal-X/data_pipeline/raw/ta/ta_004_S4258116500302929.flac,tamil,different_speaker,-0.2251671168003888
S4259997700308565,data_pipeline/raw/hi/hi_001_S4259997700308565.flac,hi,S4258116500302929,/Users/adityasingh/Projects/Vocal-X/data_pipeline/raw/ta/ta_005_S4258116500302929.flac,tamil,different_speaker,0.014794241047459961
S4259997700308565,data_pipeline/raw/hi/hi_001_S4259997700308565.flac,hi,S4258116500302929,/Users/adityasingh/Projects/Vocal-X/data_pipeline/raw/ta/ta_006_S4258116500302929.flac,tamil,different_speaker,-0.20773378161455203
S4259997700308565,data_pipeline/raw/hi/hi_001_S4259997700308565.flac,hi,S4259940500370780,/Users/adityasingh/Projects/Vocal-X/data_pipeline/raw/ta/ta_007_S4259940500370780.flac,tamil,different_speaker,-0.5985069843390873
S4259997700308565,data_pipeline/raw/hi/hi_001_S4259997700308565.flac,hi,S4259940500370780,/Users/adityasingh/Projects/Vocal-X/data_pipeline/raw/ta/ta_008_S4259940500370780.flac,tamil,different_speaker,-0.3063836516359407
S4259997700308565,data_pipeline/raw/hi/hi_001_S4259997700308565.flac,hi,S4259940500370780,/Users/adityasingh/Projects/Vocal-X/data_pipeline/raw/ta/ta_009_S4259940500370780.flac,tamil,different_speaker,-0.33606260712423414
S4259997700308565,data_pipeline/raw/hi/hi_001_S4259997700308565.flac,hi,S4256668200339016,/Users/adityasingh/Projects/Vocal-X/data_pipeline/raw/ta/ta_010_S4256668200339016.flac,tamil,different_speaker,0.25758244256159596
S4259997700308565,data_pipeline/raw/hi/hi_001_S4259997700308565.flac,hi,S4256668200339016,/Users/adityasingh/Projects/Vocal-X/data_pipeline/raw/ta/ta_011_S4256668200339016.flac,tamil,different_speaker,0.19307755352532596
S4259997700308565,data_pipeline/raw/hi/hi_001_S4259997700308565.flac,hi,S4256668200339016,/Users/adityasingh/Projects/Vocal-X/data_pipeline/raw/ta/ta_012_S4256668200339016.flac,tamil,different_speaker,0.23887944457797283
S4259997700308565,data_pipeline/raw/hi/hi_001_S4259997700308565.flac,hi,S4259477200334929,/Users/adityasingh/Projects/Vocal-X/data_pipeline/raw/ta/ta_013_S4259477200334929.flac,tamil,different_speaker,0.4497464426349105
S4259997700308565,data_pipeline/raw/hi/hi_001_S4259997700308565.flac,hi,S4259477200334929,/Users/adityasingh/Projects/Vocal-X/data_pipeline/raw/ta/ta_014_S4259477200334929.flac,tamil,different_speaker,0.48156604373285655
S4259997700308565,data_pipeline/raw/hi/hi_001_S4259997700308565.flac,hi,S4259477200334929,/Users/adityasingh/Projects/Vocal-X/data_pipeline/raw/ta/ta_015_S4259477200334929.flac,tamil,different_speaker,0.4867430297790116
S4259997700308565,data_pipeline/raw/hi/hi_001_S4259997700308565.flac,hi,S4257363100302319,/Users/adityasingh/Projects/Vocal-X/data_pipeline/raw/te/te_001_S4257363100302319.flac,telugu,different_speaker,-0.29222852565207813
S4259997700308565,data_pipeline/raw/hi/hi_001_S4259997700308565.flac,hi,S4257363100302319,/Users/adityasingh/Projects/Vocal-X/data_pipeline/raw/te/te_002_S4257363100302319.flac,telugu,different_speaker,-0.13887245849173957
S4259997700308565,data_pipeline/raw/hi/hi_001_S4259997700308565.flac,hi,S4257363100302319,/Users/adityasingh/Projects/Vocal-X/data_pipeline/raw/te/te_003_S4257363100302319.flac,telugu,different_speaker,0.13279763364414585
S4259997700308565,data_pipeline/raw/hi/hi_001_S4259997700308565.flac,hi,S4259919200330829,/Users/adityasingh/Projects/Vocal-X/data_pipeline/raw/te/te_004_S4259919200330829.flac,telugu,different_speaker,-0.4600780779161565
S4259997700308565,data_pipeline/raw/hi/hi_001_S4259997700308565.flac,hi,S4259919200330829,/Users/adityasingh/Projects/Vocal-X/data_pipeline/raw/te/te_005_S4259919200330829.flac,telugu,different_speaker,-0.09065625656539518
S4259997700308565,data_pipeline/raw/hi/hi_001_S4259997700308565.flac,hi,S4259919200330829,/Users/adityasingh/Projects/Vocal-X/data_pipeline/raw/te/te_006_S4259919200330829.flac,telugu,different_speaker,-0.2608376061222372
S4259997700308565,data_pipeline/raw/hi/hi_001_S4259997700308565.flac,hi,S4259557300391493,/Users/adityasingh/Projects/Vocal-X/data_pipeline/raw/te/te_007_S4259557300391493.flac,telugu,different_speaker,-0.3016559414982484
S4259997700308565,data_pipeline/raw/hi/hi_001_S4259997700308565.flac,hi,S4259557300391493,/Users/adityasingh/Projects/Vocal-X/data_pipeline/raw/te/te_008_S4259557300391493.flac,telugu,different_speaker,-0.18033325166084327
S4259997700308565,data_pipeline/raw/hi/hi_001_S4259997700308565.flac,hi,S4259557300391493,/Users/adityasingh/Projects/Vocal-X/data_pipeline/raw/te/te_009_S4259557300391493.flac,telugu,different_speaker,-0.5209815959236875
S4259997700308565,data_pipeline/raw/hi/hi_001_S4259997700308565.flac,hi,S4259010000375320,/Users/adityasingh/Projects/Vocal-X/data_pipeline/raw/te/te_010_S4259010000375320.flac,telugu,different_speaker,-0.06976517925944978
S4259997700308565,data_pipeline/raw/hi/hi_001_S4259997700308565.flac,hi,S4259010000375320,/Users/adityasingh/Projects/Vocal-X/data_pipeline/raw/te/te_011_S4259010000375320.flac,telugu,different_speaker,0.02000048540479362
S4259997700308565,data_pipeline/raw/hi/hi_001_S4259997700308565.flac,hi,S4259010000375320,/Users/adityasingh/Projects/Vocal-X/data_pipeline/raw/te/te_012_S4259010000375320.flac,telugu,different_speaker,0.09921322217614889
S4259997700308565,data_pipeline/raw/hi/hi_001_S4259997700308565.flac,hi,S4257321800337643,/Users/adityasingh/Projects/Vocal-X/data_pipeline/raw/te/te_013_S4257321800337643.flac,telugu,different_speaker,-0.03540788561097047
S4259997700308565,data_pipeline/raw/hi/hi_001_S4259997700308565.flac,hi,S4257321800337643,/Users/adityasingh/Projects/Vocal-X/data_pipeline/raw/te/te_014_S4257321800337643.flac,telugu,different_speaker,-0.3141046812508029
S4259997700308565,data_pipeline/raw/hi/hi_001_S4259997700308565.flac,hi,S4257321800337643,/Users/adityasingh/Projects/Vocal-X/data_pipeline/raw/te/te_015_S4257321800337643.flac,telugu,different_speaker,-0.24821004445600595
S4259997700308565,data_pipeline/raw/hi/hi_001_S4259997700308565.flac,hi,S4258725600395882,/Users/adityasingh/Projects/Vocal-X/data_pipeline/raw/mr/mr_001_S4258725600395882.flac,marathi,different_speaker,-0.3470084051714708
S4259997700308565,data_pipeline/raw/hi/hi_001_S4259997700308565.flac,hi,S4258725600395882,/Users/adityasingh/Projects/Vocal-X/data_pipeline/raw/mr/mr_002_S4258725600395882.flac,marathi,different_speaker,-0.46943373934865545
S4259997700308565,data_pipeline/raw/hi/hi_001_S4259997700308565.flac,hi,S4258725600395882,/Users/adityasingh/Projects/Vocal-X/data_pipeline/raw/mr/mr_003_S4258725600395882.flac,marathi,different_speaker,-0.3093771737083736
S4259997700308565,data_pipeline/raw/hi/hi_001_S4259997700308565.flac,hi,S4257020900340702,/Users/adityasingh/Projects/Vocal-X/data_pipeline/raw/mr/mr_004_S4257020900340702.flac,marathi,different_speaker,0.20863563477329183
S4259997700308565,data_pipeline/raw/hi/hi_001_S4259997700308565.flac,hi,S4257020900340702,/Users/adityasingh/Projects/Vocal-X/data_pipeline/raw/mr/mr_005_S4257020900340702.flac,marathi,different_speaker,0.2672379524822499
S4259997700308565,data_pipeline/raw/hi/hi_001_S4259997700308565.flac,hi,S4257020900340702,/Users/adityasingh/Projects/Vocal-X/data_pipeline/raw/mr/mr_006_S4257020900340702.flac,marathi,different_speaker,0.4955105951833175
S4259997700308565,data_pipeline/raw/hi/hi_001_S4259997700308565.flac,hi,S4259734500395875,/Users/adityasingh/Projects/Vocal-X/data_pipeline/raw/mr/mr_007_S4259734500395875.flac,marathi,different_speaker,-0.26207367224182954
S4259997700308565,data_pipeline/raw/hi/hi_001_S4259997700308565.flac,hi,S4259734500395875,/Users/adityasingh/Projects/Vocal-X/data_pipeline/raw/mr/mr_008_S4259734500395875.flac,marathi,different_speaker,-0.20318792647876455
S4259997700308565,data_pipeline/raw/hi/hi_001_S4259997700308565.flac,hi,S4259734500395875,/Users/adityasingh/Projects/Vocal-X/data_pipeline/raw/mr/mr_009_S4259734500395875.flac,marathi,different_speaker,-0.09993211787226654
S4259997700308565,data_pipeline/raw/hi/hi_001_S4259997700308565.flac,hi,S4257242800308984,/Users/adityasingh/Projects/Vocal-X/data_pipeline/raw/mr/mr_010_S4257242800308984.flac,marathi,different_speaker,-0.13801467337994436
S4259997700308565,data_pipeline/raw/hi/hi_001_S4259997700308565.flac,hi,S4257242800308984,/Users/adityasingh/Projects/Vocal-X/data_pipeline/raw/mr/mr_011_S4257242800308984.flac,marathi,different_speaker,-0.3722756252504094
S4259997700308565,data_pipeline/raw/hi/hi_001_S4259997700308565.flac,hi,S4257242800308984,/Users/adityasingh/Projects/Vocal-X/data_pipeline/raw/mr/mr_012_S4257242800308984.flac,marathi,different_speaker,-0.2119051836494738
S4259997700308565,data_pipeline/raw/hi/hi_001_S4259997700308565.flac,hi,S4258045600338732,/Users/adityasingh/Projects/Vocal-X/data_pipeline/raw/mr/mr_013_S4258045600338732.flac,marathi,different_speaker,-0.06110216670448609
S4259997700308565,data_pipeline/raw/hi/hi_001_S4259997700308565.flac,hi,S4258045600338732,/Users/adityasingh/Projects/Vocal-X/data_pipeline/raw/mr/mr_014_S4258045600338732.flac,marathi,different_speaker,-0.2476816251920256
S4259997700308565,data_pipeline/raw/hi/hi_001_S4259997700308565.flac,hi,S4258045600338732,/Users/adityasingh/Projects/Vocal-X/data_pipeline/raw/mr/mr_015_S4258045600338732.flac,marathi,different_speaker,-0.2119201117991432
S4259997700308565,data_pipeline/raw/hi/hi_002_S4259997700308565.flac,hi,S4259997700308565,data_pipeline/raw/hi/hi_003_S4259997700308565.flac,hi,same_speaker,0.733927977999156
S4259997700308565,data_pipeline/raw/hi/hi_002_S4259997700308565.flac,hi,S4259161200398412,data_pipeline/raw/hi/hi_004_S4259161200398412.flac,hi,different_speaker,-0.12198516897916596
S4259997700308565,data_pipeline/raw/hi/hi_002_S4259997700308565.flac,hi,S4259161200398412,data_pipeline/raw/hi/hi_005_S4259161200398412.flac,hi,different_speaker,0.25348332417770403
S4259997700308565,data_pipeline/raw/hi/hi_002_S4259997700308565.flac,hi,S4259161200398412,data_pipeline/raw/hi/hi_006_S4259161200398412.flac,hi,different_speaker,-0.037094813069958404
S4259997700308565,data_pipeline/raw/hi/hi_002_S4259997700308565.flac,hi,S4258240200343210,data_pipeline/raw/hi/hi_007_S4258240200343210.flac,hi,different_speaker,-0.23054819621461006
S4259997700308565,data_pipeline/raw/hi/hi_002_S4259997700308565.flac,hi,S4258240200343210,data_pipeline/raw/hi/hi_008_S4258240200343210.flac,hi,different_speaker,0.319614176564426
S4259997700308565,data_pipeline/raw/hi/hi_002_S4259997700308565.flac,hi,S4258240200343210,data_pipeline/raw/hi/hi_009_S4258240200343210.flac,hi,different_speaker,-0.022613736610795528
S4259997700308565,data_pipeline/raw/hi/hi_002_S4259997700308565.flac,hi,S4259552600341552,data_pipeline/raw/hi/hi_010_S4259552600341552.flac,hi,different_speaker,-0.2541888017468285
S4259997700308565,data_pipeline/raw/hi/hi_002_S4259997700308565.flac,hi,S4259552600341552,data_pipeline/raw/hi/hi_011_S4259552600341552.flac,hi,different_speaker,-0.45655345976978695
S4259997700308565,data_pipeline/raw/hi/hi_002_S4259997700308565.flac,hi,S4259552600341552,data_pipeline/raw/hi/hi_012_S4259552600341552.flac,hi,different_speaker,-0.4333417825862455
S4259997700308565,data_pipeline/raw/hi/hi_002_S4259997700308565.flac,hi,S4259918700378788,data_pipeline/raw/hi/hi_013_S4259918700378788.flac,hi,different_speaker,0.06568823728315322
S4259997700308565,data_pipeline/raw/hi/hi_002_S4259997700308565.flac,hi,S4259918700378788,data_pipeline/raw/hi/hi_014_S4259918700378788.flac,hi,different_speaker,0.23468187968613896
S4259997700308565,data_pipeline/raw/hi/hi_002_S4259997700308565.flac,hi,S4259918700378788,data_pipeline/raw/hi/hi_015_S4259918700378788.flac,hi,different_speaker,0.18501361205807107
S4259997700308565,data_pipeline/raw/hi/hi_002_S4259997700308565.flac,hi,S4259758000344036,/Users/adityasingh/Projects/Vocal-X/data_pipeline/raw/bn/bn_001_S4259758000344036.flac,bengali,different_speaker,0.5585475445397723
S4259997700308565,data_pipeline/raw/hi/hi_002_S4259997700308565.flac,hi,S4259758000344036,/Users/adityasingh/Projects/Vocal-X/data_pipeline/raw/bn/bn_002_S4259758000344036.flac,bengali,different_speaker,0.6370950971288856
S4259997700308565,data_pipeline/raw/hi/hi_002_S4259997700308565.flac,hi,S4259758000344036,/Users/adityasingh/Projects/Vocal-X/data_pipeline/raw/bn/bn_003_S4259758000344036.flac,bengali,different_speaker,0.36169987703427214
S4259997700308565,data_pipeline/raw/hi/hi_002_S4259997700308565.flac,hi,S4257409800358613,/Users/adityasingh/Projects/Vocal-X/data_pipeline/raw/bn/bn_004_S4257409800358613.flac,bengali,different_speaker,-0.1370471276432332
S4259997700308565,data_pipeline/raw/hi/hi_002_S4259997700308565.flac,hi,S4257409800358613,/Users/adityasingh/Projects/Vocal-X/data_pipeline/raw/bn/bn_005_S4257409800358613.flac,bengali,different_speaker,0.18699008341313245
S4259997700308565,data_pipeline/raw/hi/hi_002_S4259997700308565.flac,hi,S4257409800358613,/Users/adityasingh/Projects/Vocal-X/data_pipeline/raw/bn/bn_006_S4257409800358613.flac,bengali,different_speaker,0.016955350110157155
S4259997700308565,data_pipeline/raw/hi/hi_002_S4259997700308565.flac,hi,S4259674400304151,/Users/adityasingh/Projects/Vocal-X/data_pipeline/raw/bn/bn_007_S4259674400304151.flac,bengali,different_speaker,0.029966405186216145
S4259997700308565,data_pipeline/raw/hi/hi_002_S4259997700308565.flac,hi,S4259674400304151,/Users/adityasingh/Projects/Vocal-X/data_pipeline/raw/bn/bn_008_S4259674400304151.flac,bengali,different_speaker,-0.13923925825092812
S4259997700308565,data_pipeline/raw/hi/hi_002_S4259997700308565.flac,hi,S4259674400304151,/Users/adityasingh/Projects/Vocal-X/data_pipeline/raw/bn/bn_009_S4259674400304151.flac,bengali,different_speaker,-0.17403772920259777
S4259997700308565,data_pipeline/raw/hi/hi_002_S4259997700308565.flac,hi,S4256944600325233,/Users/adityasingh/Projects/Vocal-X/data_pipeline/raw/bn/bn_010_S4256944600325233.flac,bengali,different_speaker,-0.03339025144792976
S4259997700308565,data_pipeline/raw/hi/hi_002_S4259997700308565.flac,hi,S4256944600325233,/Users/adityasingh/Projects/Vocal-X/data_pipeline/raw/bn/bn_011_S4256944600325233.flac,bengali,different_speaker,-0.14117261247248944
S4259997700308565,data_pipeline/raw/hi/hi_002_S4259997700308565.flac,hi,S4256944600325233,/Users/adityasingh/Projects/Vocal-X/data_pipeline/raw/bn/bn_012_S4256944600325233.flac,bengali,different_speaker,0.3590630861691608
S4259997700308565,data_pipeline/raw/hi/hi_002_S4259997700308565.flac,hi,S4258791300331826,/Users/adityasingh/Projects/Vocal-X/data_pipeline/raw/bn/bn_013_S4258791300331826.flac,bengali,different_speaker,0.2036158586180686
S4259997700308565,data_pipeline/raw/hi/hi_002_S4259997700308565.flac,hi,S4258791300331826,/Users/adityasingh/Projects/Vocal-X/data_pipeline/raw/bn/bn_014_S4258791300331826.flac,bengali,different_speaker,0.40799914052911607
S4259997700308565,data_pipeline/raw/hi/hi_002_S4259997700308565.flac,hi,S4258791300331826,/Users/adityasingh/Projects/Vocal-X/data_pipeline/raw/bn/bn_015_S4258791300331826.flac,bengali,different_speaker,0.49646949788173134
S4259997700308565,data_pipeline/raw/hi/hi_002_S4259997700308565.flac,hi,S4258178900302423,/Users/adityasingh/Projects/Vocal-X/data_pipeline/raw/ta/ta_001_S4258178900302423.flac,tamil,different_speaker,-0.43992155220961326
S4259997700308565,data_pipeline/raw/hi/hi_002_S4259997700308565.flac,hi,S4258178900302423,/Users/adityasingh/Projects/Vocal-X/data_pipeline/raw/ta/ta_002_S4258178900302423.flac,tamil,different_speaker,-0.28024698294788436
S4259997700308565,data_pipeline/raw/hi/hi_002_S4259997700308565.flac,hi,S4258178900302423,/Users/adityasingh/Projects/Vocal-X/data_pipeline/raw/ta/ta_003_S4258178900302423.flac,tamil,different_speaker,-0.3197325924733291
S4259997700308565,data_pipeline/raw/hi/hi_002_S4259997700308565.flac,hi,S4258116500302929,/Users/adityasingh/Projects/Vocal-X/data_pipeline/raw/ta/ta_004_S4258116500302929.flac,tamil,different_speaker,0.0627947780261652
S4259997700308565,data_pipeline/raw/hi/hi_002_S4259997700308565.flac,hi,S4258116500302929,/Users/adityasingh/Projects/Vocal-X/data_pipeline/raw/ta/ta_005_S4258116500302929.flac,tamil,different_speaker,0.2660195904600052
S4259997700308565,data_pipeline/raw/hi/hi_002_S4259997700308565.flac,hi,S4258116500302929,/Users/adityasingh/Projects/Vocal-X/data_pipeline/raw/ta/ta_006_S4258116500302929.flac,tamil,different_speaker,0.0851986181007345
S4259997700308565,data_pipeline/raw/hi/hi_002_S4259997700308565.flac,hi,S4259940500370780,/Users/adityasingh/Projects/Vocal-X/data_pipeline/raw/ta/ta_007_S4259940500370780.flac,tamil,different_speaker,-0.37568892388601355
S4259997700308565,data_pipeline/raw/hi/hi_002_S4259997700308565.flac,hi,S4259940500370780,/Users/adityasingh/Projects/Vocal-X/data_pipeline/raw/ta/ta_008_S4259940500370780.flac,tamil,different_speaker,-0.13317132192969425
S4259997700308565,data_pipeline/raw/hi/hi_002_S4259997700308565.flac,hi,S4259940500370780,/Users/adityasingh/Projects/Vocal-X/data_pipeline/raw/ta/ta_009_S4259940500370780.flac,tamil,different_speaker,-0.3218282751662439
S4259997700308565,data_pipeline/raw/hi/hi_002_S4259997700308565.flac,hi,S4256668200339016,/Users/adityasingh/Projects/Vocal-X/data_pipeline/raw/ta/ta_010_S4256668200339016.flac,tamil,different_speaker,0.10386457130262576
S4259997700308565,data_pipeline/raw/hi/hi_002_S4259997700308565.flac,hi,S4256668200339016,/Users/adityasingh/Projects/Vocal-X/data_pipeline/raw/ta/ta_011_S4256668200339016.flac,tamil,different_speaker,0.1292099872360537
S4259997700308565,data_pipeline/raw/hi/hi_002_S4259997700308565.flac,hi,S4256668200339016,/Users/adityasingh/Projects/Vocal-X/data_pipeline/raw/ta/ta_012_S4256668200339016.flac,tamil,different_speaker,0.11065930838246525
S4259997700308565,data_pipeline/raw/hi/hi_002_S4259997700308565.flac,hi,S4259477200334929,/Users/adityasingh/Projects/Vocal-X/data_pipeline/raw/ta/ta_013_S4259477200334929.flac,tamil,different_speaker,0.4559146347013646
S4259997700308565,data_pipeline/raw/hi/hi_002_S4259997700308565.flac,hi,S4259477200334929,/Users/adityasingh/Projects/Vocal-X/data_pipeline/raw/ta/ta_014_S4259477200334929.flac,tamil,different_speaker,0.4997019658870497
S4259997700308565,data_pipeline/raw/hi/hi_002_S4259997700308565.flac,hi,S4259477200334929,/Users/adityasingh/Projects/Vocal-X/data_pipeline/raw/ta/ta_015_S4259477200334929.flac,tamil,different_speaker,0.41876859088926716
S4259997700308565,data_pipeline/raw/hi/hi_002_S4259997700308565.flac,hi,S4257363100302319,/Users/adityasingh/Projects/Vocal-X/data_pipeline/raw/te/te_001_S4257363100302319.flac,telugu,different_speaker,-0.09215862381080542
S4259997700308565,data_pipeline/raw/hi/hi_002_S4259997700308565.flac,hi,S4257363100302319,/Users/adityasingh/Projects/Vocal-X/data_pipeline/raw/te/te_002_S4257363100302319.flac,telugu,different_speaker,-0.202486949459502
S4259997700308565,data_pipeline/raw/hi/hi_002_S4259997700308565.flac,hi,S4257363100302319,/Users/adityasingh/Projects/Vocal-X/data_pipeline/raw/te/te_003_S4257363100302319.flac,telugu,different_speaker,0.14310756978161773
S4259997700308565,data_pipeline/raw/hi/hi_002_S4259997700308565.flac,hi,S4259919200330829,/Users/adityasingh/Projects/Vocal-X/data_pipeline/raw/te/te_004_S4259919200330829.flac,telugu,different_speaker,-0.6620745772499517
S4259997700308565,data_pipeline/raw/hi/hi_002_S4259997700308565.flac,hi,S4259919200330829,/Users/adityasingh/Projects/Vocal-X/data_pipeline/raw/te/te_005_S4259919200330829.flac,telugu,different_speaker,-0.2431830619605766
S4259997700308565,data_pipeline/raw/hi/hi_002_S4259997700308565.flac,hi,S4259919200330829,/Users/adityasingh/Projects/Vocal-X/data_pipeline/raw/te/te_006_S4259919200330829.flac,telugu,different_speaker,-0.43826247636664883
S4259997700308565,data_pipeline/raw/hi/hi_002_S4259997700308565.flac,hi,S4259557300391493,/Users/adityasingh/Projects/Vocal-X/data_pipeline/raw/te/te_007_S4259557300391493.flac,telugu,different_speaker,-0.4454921404074889
S4259997700308565,data_pipeline/raw/hi/hi_002_S4259997700308565.flac,hi,S4259557300391493,/Users/adityasingh/Projects/Vocal-X/data_pipeline/raw/te/te_008_S4259557300391493.flac,telugu,different_speaker,-0.3094218443372841
S4259997700308565,data_pipeline/raw/hi/hi_002_S4259997700308565.flac,hi,S4259557300391493,/Users/adityasingh/Projects/Vocal-X/data_pipeline/raw/te/te_009_S4259557300391493.flac,telugu,different_speaker,-0.4594921993789731
S4259997700308565,data_pipeline/raw/hi/hi_002_S4259997700308565.flac,hi,S4259010000375320,/Users/adityasingh/Projects/Vocal-X/data_pipeline/raw/te/te_010_S4259010000375320.flac,telugu,different_speaker,-0.206287227854923
S4259997700308565,data_pipeline/raw/hi/hi_002_S4259997700308565.flac,hi,S4259010000375320,/Users/adityasingh/Projects/Vocal-X/data_pipeline/raw/te/te_011_S4259010000375320.flac,telugu,different_speaker,-0.1895142523159515
S4259997700308565,data_pipeline/raw/hi/hi_002_S4259997700308565.flac,hi,S4259010000375320,/Users/adityasingh/Projects/Vocal-X/data_pipeline/raw/te/te_012_S4259010000375320.flac,telugu,different_speaker,-0.1444833940886614
S4259997700308565,data_pipeline/raw/hi/hi_002_S4259997700308565.flac,hi,S4257321800337643,/Users/adityasingh/Projects/Vocal-X/data_pipeline/raw/te/te_013_S4257321800337643.flac,telugu,different_speaker,0.10404890840013045
S4259997700308565,data_pipeline/raw/hi/hi_002_S4259997700308565.flac,hi,S4257321800337643,/Users/adityasingh/Projects/Vocal-X/data_pipeline/raw/te/te_014_S4257321800337643.flac,telugu,different_speaker,-0.28999286607361785
S4259997700308565,data_pipeline/raw/hi/hi_002_S4259997700308565.flac,hi,S4257321800337643,/Users/adityasingh/Projects/Vocal-X/data_pipeline/raw/te/te_015_S4257321800337643.flac,telugu,different_speaker,-0.1398205836690091
S4259997700308565,data_pipeline/raw/hi/hi_002_S4259997700308565.flac,hi,S4258725600395882,/Users/adityasingh/Projects/Vocal-X/data_pipeline/raw/mr/mr_001_S4258725600395882.flac,marathi,different_speaker,-0.12190532094212572
S4259997700308565,data_pipeline/raw/hi/hi_002_S4259997700308565.flac,hi,S4258725600395882,/Users/adityasingh/Projects/Vocal-X/data_pipeline/raw/mr/mr_002_S4258725600395882.flac,marathi,different_speaker,-0.45865361881242167
S4259997700308565,data_pipeline/raw/hi/hi_002_S4259997700308565.flac,hi,S4258725600395882,/Users/adityasingh/Projects/Vocal-X/data_pipeline/raw/mr/mr_003_S4258725600395882.flac,marathi,different_speaker,-0.36428013334243114
S4259997700308565,data_pipeline/raw/hi/hi_002_S4259997700308565.flac,hi,S4257020900340702,/Users/adityasingh/Projects/Vocal-X/data_pipeline/raw/mr/mr_004_S4257020900340702.flac,marathi,different_speaker,0.5464621354559475
S4259997700308565,data_pipeline/raw/hi/hi_002_S4259997700308565.flac,hi,S4257020900340702,/Users/adityasingh/Projects/Vocal-X/data_pipeline/raw/mr/mr_005_S4257020900340702.flac,marathi,different_speaker,0.5670008764013873
S4259997700308565,data_pipeline/raw/hi/hi_002_S4259997700308565.flac,hi,S4257020900340702,/Users/adityasingh/Projects/Vocal-X/data_pipeline/raw/mr/mr_006_S4257020900340702.flac,marathi,different_speaker,0.7148773189234126
S4259997700308565,data_pipeline/raw/hi/hi_002_S4259997700308565.flac,hi,S4259734500395875,/Users/adityasingh/Projects/Vocal-X/data_pipeline/raw/mr/mr_007_S4259734500395875.flac,marathi,different_speaker,-0.31607001168173726
S4259997700308565,data_pipeline/raw/hi/hi_002_S4259997700308565.flac,hi,S4259734500395875,/Users/adityasingh/Projects/Vocal-X/data_pipeline/raw/mr/mr_008_S4259734500395875.flac,marathi,different_speaker,-0.49373781258096067
S4259997700308565,data_pipeline/raw/hi/hi_002_S4259997700308565.flac,hi,S4259734500395875,/Users/adityasingh/Projects/Vocal-X/data_pipeline/raw/mr/mr_009_S4259734500395875.flac,marathi,different_speaker,-0.4272991194152519
S4259997700308565,data_pipeline/raw/hi/hi_002_S4259997700308565.flac,hi,S4257242800308984,/Users/adityasingh/Projects/Vocal-X/data_pipeline/raw/mr/mr_010_S4257242800308984.flac,marathi,different_speaker,-0.140643137409949
S4259997700308565,data_pipeline/raw/hi/hi_002_S4259997700308565.flac,hi,S4257242800308984,/Users/adityasingh/Projects/Vocal-X/data_pipeline/raw/mr/mr_011_S4257242800308984.flac,marathi,different_speaker,-0.4490527093573126
S4259997700308565,data_pipeline/raw/hi/hi_002_S4259997700308565.flac,hi,S4257242800308984,/Users/adityasingh/Projects/Vocal-X/data_pipeline/raw/mr/mr_012_S4257242800308984.flac,marathi,different_speaker,-0.06611363872474689
S4259997700308565,data_pipeline/raw/hi/hi_002_S4259997700308565.flac,hi,S4258045600338732,/Users/adityasingh/Projects/Vocal-X/data_pipeline/raw/mr/mr_013_S4258045600338732.flac,marathi,different_speaker,-0.16105907113505968
S4259997700308565,data_pipeline/raw/hi/hi_002_S4259997700308565.flac,hi,S4258045600338732,/Users/adityasingh/Projects/Vocal-X/data_pipeline/raw/mr/mr_014_S4258045600338732.flac,marathi,different_speaker,-0.14627248257542355
S4259997700308565,data_pipeline/raw/hi/hi_002_S4259997700308565.flac,hi,S4258045600338732,/Users/adityasingh/Projects/Vocal-X/data_pipeline/raw/mr/mr_015_S4258045600338732.flac,marathi,different_speaker,-0.13432876652340298
S4259997700308565,data_pipeline/raw/hi/hi_003_S4259997700308565.flac,hi,S4259161200398412,data_pipeline/raw/hi/hi_004_S4259161200398412.flac,hi,different_speaker,0.04027499213460696
S4259997700308565,data_pipeline/raw/hi/hi_003_S4259997700308565.flac,hi,S4259161200398412,data_pipeline/raw/hi/hi_005_S4259161200398412.flac,hi,different_speaker,0.26858799916893245
S4259997700308565,data_pipeline/raw/hi/hi_003_S4259997700308565.flac,hi,S4259161200398412,data_pipeline/raw/hi/hi_006_S4259161200398412.flac,hi,different_speaker,0.25236844567025396
S4259997700308565,data_pipeline/raw/hi/hi_003_S4259997700308565.flac,hi,S4258240200343210,data_pipeline/raw/hi/hi_007_S4258240200343210.flac,hi,different_speaker,-0.0008617119531002597
S4259997700308565,data_pipeline/raw/hi/hi_003_S4259997700308565.flac,hi,S4258240200343210,data_pipeline/raw/hi/hi_008_S4258240200343210.flac,hi,different_speaker,0.384187219387798
S4259997700308565,data_pipeline/raw/hi/hi_003_S4259997700308565.flac,hi,S4258240200343210,data_pipeline/raw/hi/hi_009_S4258240200343210.flac,hi,different_speaker,0.14448280605003644
S4259997700308565,data_pipeline/raw/hi/hi_003_S4259997700308565.flac,hi,S4259552600341552,data_pipeline/raw/hi/hi_010_S4259552600341552.flac,hi,different_speaker,-0.17861703930668538
S4259997700308565,data_pipeline/raw/hi/hi_003_S4259997700308565.flac,hi,S4259552600341552,data_pipeline/raw/hi/hi_011_S4259552600341552.flac,hi,different_speaker,-0.407897065602983
S4259997700308565,data_pipeline/raw/hi/hi_003_S4259997700308565.flac,hi,S4259552600341552,data_pipeline/raw/hi/hi_012_S4259552600341552.flac,hi,different_speaker,-0.3975752223035109
S4259997700308565,data_pipeline/raw/hi/hi_003_S4259997700308565.flac,hi,S4259918700378788,data_pipeline/raw/hi/hi_013_S4259918700378788.flac,hi,different_speaker,0.16498156012597942
S4259997700308565,data_pipeline/raw/hi/hi_003_S4259997700308565.flac,hi,S4259918700378788,data_pipeline/raw/hi/hi_014_S4259918700378788.flac,hi,different_speaker,0.3999422965670273
S4259997700308565,data_pipeline/raw/hi/hi_003_S4259997700308565.flac,hi,S4259918700378788,data_pipeline/raw/hi/hi_015_S4259918700378788.flac,hi,different_speaker,0.38309349050459063
S4259997700308565,data_pipeline/raw/hi/hi_003_S4259997700308565.flac,hi,S4259758000344036,/Users/adityasingh/Projects/Vocal-X/data_pipeline/raw/bn/bn_001_S4259758000344036.flac,bengali,different_speaker,0.6253686333778825
S4259997700308565,data_pipeline/raw/hi/hi_003_S4259997700308565.flac,hi,S4259758000344036,/Users/adityasingh/Projects/Vocal-X/data_pipeline/raw/bn/bn_002_S4259758000344036.flac,bengali,different_speaker,0.7201918748088659
S4259997700308565,data_pipeline/raw/hi/hi_003_S4259997700308565.flac,hi,S4259758000344036,/Users/adityasingh/Projects/Vocal-X/data_pipeline/raw/bn/bn_003_S4259758000344036.flac,bengali,different_speaker,0.5496747948484865
S4259997700308565,data_pipeline/raw/hi/hi_003_S4259997700308565.flac,hi,S4257409800358613,/Users/adityasingh/Projects/Vocal-X/data_pipeline/raw/bn/bn_004_S4257409800358613.flac,bengali,different_speaker,-0.4578310924613749
S4259997700308565,data_pipeline/raw/hi/hi_003_S4259997700308565.flac,hi,S4257409800358613,/Users/adityasingh/Projects/Vocal-X/data_pipeline/raw/bn/bn_005_S4257409800358613.flac,bengali,different_speaker,-0.09331158988623256
S4259997700308565,data_pipeline/raw/hi/hi_003_S4259997700308565.flac,hi,S4257409800358613,/Users/adityasingh/Projects/Vocal-X/data_pipeline/raw/bn/bn_006_S4257409800358613.flac,bengali,different_speaker,-0.31518239234948736
S4259997700308565,data_pipeline/raw/hi/hi_003_S4259997700308565.flac,hi,S4259674400304151,/Users/adityasingh/Projects/Vocal-X/data_pipeline/raw/bn/bn_007_S4259674400304151.flac,bengali,different_speaker,0.15845948794951625
S4259997700308565,data_pipeline/raw/hi/hi_003_S4259997700308565.flac,hi,S4259674400304151,/Users/adityasingh/Projects/Vocal-X/data_pipeline/raw/bn/bn_008_S4259674400304151.flac,bengali,different_speaker,0.037641495128084054
S4259997700308565,data_pipeline/raw/hi/hi_003_S4259997700308565.flac,hi,S4259674400304151,/Users/adityasingh/Projects/Vocal-X/data_pipeline/raw/bn/bn_009_S4259674400304151.flac,bengali,different_speaker,-0.0028219796005692463
S4259997700308565,data_pipeline/raw/hi/hi_003_S4259997700308565.flac,hi,S4256944600325233,/Users/adityasingh/Projects/Vocal-X/data_pipeline/raw/bn/bn_010_S4256944600325233.flac,bengali,different_speaker,-0.247280027612992
S4259997700308565,data_pipeline/raw/hi/hi_003_S4259997700308565.flac,hi,S4256944600325233,/Users/adityasingh/Projects/Vocal-X/data_pipeline/raw/bn/bn_011_S4256944600325233.flac,bengali,different_speaker,-0.3040189152843237
S4259997700308565,data_pipeline/raw/hi/hi_003_S4259997700308565.flac,hi,S4256944600325233,/Users/adityasingh/Projects/Vocal-X/data_pipeline/raw/bn/bn_012_S4256944600325233.flac,bengali,different_speaker,0.05299246121664724
S4259997700308565,data_pipeline/raw/hi/hi_003_S4259997700308565.flac,hi,S4258791300331826,/Users/adityasingh/Projects/Vocal-X/data_pipeline/raw/bn/bn_013_S4258791300331826.flac,bengali,different_speaker,0.42509514423415723
S4259997700308565,data_pipeline/raw/hi/hi_003_S4259997700308565.flac,hi,S4258791300331826,/Users/adityasingh/Projects/Vocal-X/data_pipeline/raw/bn/bn_014_S4258791300331826.flac,bengali,different_speaker,0.6239349490629796
S4259997700308565,data_pipeline/raw/hi/hi_003_S4259997700308565.flac,hi,S4258791300331826,/Users/adityasingh/Projects/Vocal-X/data_pipeline/raw/bn/bn_015_S4258791300331826.flac,bengali,different_speaker,0.6734460298263474
S4259997700308565,data_pipeline/raw/hi/hi_003_S4259997700308565.flac,hi,S4258178900302423,/Users/adityasingh/Projects/Vocal-X/data_pipeline/raw/ta/ta_001_S4258178900302423.flac,tamil,different_speaker,-0.4474430259329577
S4259997700308565,data_pipeline/raw/hi/hi_003_S4259997700308565.flac,hi,S4258178900302423,/Users/adityasingh/Projects/Vocal-X/data_pipeline/raw/ta/ta_002_S4258178900302423.flac,tamil,different_speaker,-0.36391473708652905
S4259997700308565,data_pipeline/raw/hi/hi_003_S4259997700308565.flac,hi,S4258178900302423,/Users/adityasingh/Projects/Vocal-X/data_pipeline/raw/ta/ta_003_S4258178900302423.flac,tamil,different_speaker,-0.28583805559746706
S4259997700308565,data_pipeline/raw/hi/hi_003_S4259997700308565.flac,hi,S4258116500302929,/Users/adityasingh/Projects/Vocal-X/data_pipeline/raw/ta/ta_004_S4258116500302929.flac,tamil,different_speaker,0.12221201376173522
S4259997700308565,data_pipeline/raw/hi/hi_003_S4259997700308565.flac,hi,S4258116500302929,/Users/adityasingh/Projects/Vocal-X/data_pipeline/raw/ta/ta_005_S4258116500302929.flac,tamil,different_speaker,0.3309448558819243
S4259997700308565,data_pipeline/raw/hi/hi_003_S4259997700308565.flac,hi,S4258116500302929,/Users/adityasingh/Projects/Vocal-X/data_pipeline/raw/ta/ta_006_S4258116500302929.flac,tamil,different_speaker,0.2620263968372209
S4259997700308565,data_pipeline/raw/hi/hi_003_S4259997700308565.flac,hi,S4259940500370780,/Users/adityasingh/Projects/Vocal-X/data_pipeline/raw/ta/ta_007_S4259940500370780.flac,tamil,different_speaker,-0.3761903783113807
S4259997700308565,data_pipeline/raw/hi/hi_003_S4259997700308565.flac,hi,S4259940500370780,/Users/adityasingh/Projects/Vocal-X/data_pipeline/raw/ta/ta_008_S4259940500370780.flac,tamil,different_speaker,-0.23327259223974156
S4259997700308565,data_pipeline/raw/hi/hi_003_S4259997700308565.flac,hi,S4259940500370780,/Users/adityasingh/Projects/Vocal-X/data_pipeline/raw/ta/ta_009_S4259940500370780.flac,tamil,different_speaker,-0.3501073076025022
S4259997700308565,data_pipeline/raw/hi/hi_003_S4259997700308565.flac,hi,S4256668200339016,/Users/adityasingh/Projects/Vocal-X/data_pipeline/raw/ta/ta_010_S4256668200339016.flac,tamil,different_speaker,0.07426177154085732
S4259997700308565,data_pipeline/raw/hi/hi_003_S4259997700308565.flac,hi,S4256668200339016,/Users/adityasingh/Projects/Vocal-X/data_pipeline/raw/ta/ta_011_S4256668200339016.flac,tamil,different_speaker,0.0004801982682408371
S4259997700308565,data_pipeline/raw/hi/hi_003_S4259997700308565.flac,hi,S4256668200339016,/Users/adityasingh/Projects/Vocal-X/data_pipeline/raw/ta/ta_012_S4256668200339016.flac,tamil,different_speaker,0.018708285577012696
S4259997700308565,data_pipeline/raw/hi/hi_003_S4259997700308565.flac,hi,S4259477200334929,/Users/adityasingh/Projects/Vocal-X/data_pipeline/raw/ta/ta_013_S4259477200334929.flac,tamil,different_speaker,0.4810726141239178
S4259997700308565,data_pipeline/raw/hi/hi_003_S4259997700308565.flac,hi,S4259477200334929,/Users/adityasingh/Projects/Vocal-X/data_pipeline/raw/ta/ta_014_S4259477200334929.flac,tamil,different_speaker,0.4485005085140637
S4259997700308565,data_pipeline/raw/hi/hi_003_S4259997700308565.flac,hi,S4259477200334929,/Users/adityasingh/Projects/Vocal-X/data_pipeline/raw/ta/ta_015_S4259477200334929.flac,tamil,different_speaker,0.38878660739345716
S4259997700308565,data_pipeline/raw/hi/hi_003_S4259997700308565.flac,hi,S4257363100302319,/Users/adityasingh/Projects/Vocal-X/data_pipeline/raw/te/te_001_S4257363100302319.flac,telugu,different_speaker,-0.09468684248775039
S4259997700308565,data_pipeline/raw/hi/hi_003_S4259997700308565.flac,hi,S4257363100302319,/Users/adityasingh/Projects/Vocal-X/data_pipeline/raw/te/te_002_S4257363100302319.flac,telugu,different_speaker,-0.22867849701646922
S4259997700308565,data_pipeline/raw/hi/hi_003_S4259997700308565.flac,hi,S4257363100302319,/Users/adityasingh/Projects/Vocal-X/data_pipeline/raw/te/te_003_S4257363100302319.flac,telugu,different_speaker,0.20142212085168545
S4259997700308565,data_pipeline/raw/hi/hi_003_S4259997700308565.flac,hi,S4259919200330829,/Users/adityasingh/Projects/Vocal-X/data_pipeline/raw/te/te_004_S4259919200330829.flac,telugu,different_speaker,-0.4213111641433835
S4259997700308565,data_pipeline/raw/hi/hi_003_S4259997700308565.flac,hi,S4259919200330829,/Users/adityasingh/Projects/Vocal-X/data_pipeline/raw/te/te_005_S4259919200330829.flac,telugu,different_speaker,-0.07491877896995802
S4259997700308565,data_pipeline/raw/hi/hi_003_S4259997700308565.flac,hi,S4259919200330829,/Users/adityasingh/Projects/Vocal-X/data_pipeline/raw/te/te_006_S4259919200330829.flac,telugu,different_speaker,-0.3751277411907218
S4259997700308565,data_pipeline/raw/hi/hi_003_S4259997700308565.flac,hi,S4259557300391493,/Users/adityasingh/Projects/Vocal-X/data_pipeline/raw/te/te_007_S4259557300391493.flac,telugu,different_speaker,-0.5456229406189741
S4259997700308565,data_pipeline/raw/hi/hi_003_S4259997700308565.flac,hi,S4259557300391493,/Users/adityasingh/Projects/Vocal-X/data_pipeline/raw/te/te_008_S4259557300391493.flac,telugu,different_speaker,-0.39626729521555015
S4259997700308565,data_pipeline/raw/hi/hi_003_S4259997700308565.flac,hi,S4259557300391493,/Users/adityasingh/Projects/Vocal-X/data_pipeline/raw/te/te_009_S4259557300391493.flac,telugu,different_speaker,-0.4583553193383307
S4259997700308565,data_pipeline/raw/hi/hi_003_S4259997700308565.flac,hi,S4259010000375320,/Users/adityasingh/Projects/Vocal-X/data_pipeline/raw/te/te_010_S4259010000375320.flac,telugu,different_speaker,-0.45538955686746285
S4259997700308565,data_pipeline/raw/hi/hi_003_S4259997700308565.flac,hi,S4259010000375320,/Users/adityasingh/Projects/Vocal-X/data_pipeline/raw/te/te_011_S4259010000375320.flac,telugu,different_speaker,-0.4307208599426207
S4259997700308565,data_pipeline/raw/hi/hi_003_S4259997700308565.flac,hi,S4259010000375320,/Users/adityasingh/Projects/Vocal-X/data_pipeline/raw/te/te_012_S4259010000375320.flac,telugu,different_speaker,-0.37165118016627774
S4259997700308565,data_pipeline/raw/hi/hi_003_S4259997700308565.flac,hi,S4257321800337643,/Users/adityasingh/Projects/Vocal-X/data_pipeline/raw/te/te_013_S4257321800337643.flac,telugu,different_speaker,-0.1007135149625833
S4259997700308565,data_pipeline/raw/hi/hi_003_S4259997700308565.flac,hi,S4257321800337643,/Users/adityasingh/Projects/Vocal-X/data_pipeline/raw/te/te_014_S4257321800337643.flac,telugu,different_speaker,-0.33644785215216844
S4259997700308565,data_pipeline/raw/hi/hi_003_S4259997700308565.flac,hi,S4257321800337643,/Users/adityasingh/Projects/Vocal-X/data_pipeline/raw/te/te_015_S4257321800337643.flac,telugu,different_speaker,-0.3890411354946132
S4259997700308565,data_pipeline/raw/hi/hi_003_S4259997700308565.flac,hi,S4258725600395882,/Users/adityasingh/Projects/Vocal-X/data_pipeline/raw/mr/mr_001_S4258725600395882.flac,marathi,different_speaker,-0.023739641242759835
S4259997700308565,data_pipeline/raw/hi/hi_003_S4259997700308565.flac,hi,S4258725600395882,/Users/adityasingh/Projects/Vocal-X/data_pipeline/raw/mr/mr_002_S4258725600395882.flac,marathi,different_speaker,-0.26182750814639555
S4259997700308565,data_pipeline/raw/hi/hi_003_S4259997700308565.flac,hi,S4258725600395882,/Users/adityasingh/Projects/Vocal-X/data_pipeline/raw/mr/mr_003_S4258725600395882.flac,marathi,different_speaker,-0.24774813472087348
S4259997700308565,data_pipeline/raw/hi/hi_003_S4259997700308565.flac,hi,S4257020900340702,/Users/adityasingh/Projects/Vocal-X/data_pipeline/raw/mr/mr_004_S4257020900340702.flac,marathi,different_speaker,0.3004507271580784
S4259997700308565,data_pipeline/raw/hi/hi_003_S4259997700308565.flac,hi,S4257020900340702,/Users/adityasingh/Projects/Vocal-X/data_pipeline/raw/mr/mr_005_S4257020900340702.flac,marathi,different_speaker,0.35056215816517794
S4259997700308565,data_pipeline/raw/hi/hi_003_S4259997700308565.flac,hi,S4257020900340702,/Users/adityasingh/Projects/Vocal-X/data_pipeline/raw/mr/mr_006_S4257020900340702.flac,marathi,different_speaker,0.5751849383031815
S4259997700308565,data_pipeline/raw/hi/hi_003_S4259997700308565.flac,hi,S4259734500395875,/Users/adityasingh/Projects/Vocal-X/data_pipeline/raw/mr/mr_007_S4259734500395875.flac,marathi,different_speaker,-0.33636566478542346
S4259997700308565,data_pipeline/raw/hi/hi_003_S4259997700308565.flac,hi,S4259734500395875,/Users/adityasingh/Projects/Vocal-X/data_pipeline/raw/mr/mr_008_S4259734500395875.flac,marathi,different_speaker,-0.5162358910367494
S4259997700308565,data_pipeline/raw/hi/hi_003_S4259997700308565.flac,hi,S4259734500395875,/Users/adityasingh/Projects/Vocal-X/data_pipeline/raw/mr/mr_009_S4259734500395875.flac,marathi,different_speaker,-0.41011477610790215
S4259997700308565,data_pipeline/raw/hi/hi_003_S4259997700308565.flac,hi,S4257242800308984,/Users/adityasingh/Projects/Vocal-X/data_pipeline/raw/mr/mr_010_S4257242800308984.flac,marathi,different_speaker,-0.10573051918306382
S4259997700308565,data_pipeline/raw/hi/hi_003_S4259997700308565.flac,hi,S4257242800308984,/Users/adityasingh/Projects/Vocal-X/data_pipeline/raw/mr/mr_011_S4257242800308984.flac,marathi,different_speaker,-0.35721295549760523
S4259997700308565,data_pipeline/raw/hi/hi_003_S4259997700308565.flac,hi,S4257242800308984,/Users/adityasingh/Projects/Vocal-X/data_pipeline/raw/mr/mr_012_S4257242800308984.flac,marathi,different_speaker,-0.10839404619140824
S4259997700308565,data_pipeline/raw/hi/hi_003_S4259997700308565.flac,hi,S4258045600338732,/Users/adityasingh/Projects/Vocal-X/data_pipeline/raw/mr/mr_013_S4258045600338732.flac,marathi,different_speaker,-0.358603821285218
S4259997700308565,data_pipeline/raw/hi/hi_003_S4259997700308565.flac,hi,S4258045600338732,/Users/adityasingh/Projects/Vocal-X/data_pipeline/raw/mr/mr_014_S4258045600338732.flac,marathi,different_speaker,-0.14060537630649883
S4259997700308565,data_pipeline/raw/hi/hi_003_S4259997700308565.flac,hi,S4258045600338732,/Users/adityasingh/Projects/Vocal-X/data_pipeline/raw/mr/mr_015_S4258045600338732.flac,marathi,different_speaker,-0.2004958845490517
S4259161200398412,data_pipeline/raw/hi/hi_004_S4259161200398412.flac,hi,S4259161200398412,data_pipeline/raw/hi/hi_005_S4259161200398412.flac,hi,same_speaker,0.22155664029445896
S4259161200398412,data_pipeline/raw/hi/hi_004_S4259161200398412.flac,hi,S4259161200398412,data_pipeline/raw/hi/hi_006_S4259161200398412.flac,hi,same_speaker,0.519874349428415
S4259161200398412,data_pipeline/raw/hi/hi_004_S4259161200398412.flac,hi,S4258240200343210,data_pipeline/raw/hi/hi_007_S4258240200343210.flac,hi,different_speaker,0.620356905109694
S4259161200398412,data_pipeline/raw/hi/hi_004_S4259161200398412.flac,hi,S4258240200343210,data_pipeline/raw/hi/hi_008_S4258240200343210.flac,hi,different_speaker,0.38464894317250914
S4259161200398412,data_pipeline/raw/hi/hi_004_S4259161200398412.flac,hi,S4258240200343210,data_pipeline/raw/hi/hi_009_S4258240200343210.flac,hi,different_speaker,0.6088571339738725
S4259161200398412,data_pipeline/raw/hi/hi_004_S4259161200398412.flac,hi,S4259552600341552,data_pipeline/raw/hi/hi_010_S4259552600341552.flac,hi,different_speaker,0.12730445613045382
S4259161200398412,data_pipeline/raw/hi/hi_004_S4259161200398412.flac,hi,S4259552600341552,data_pipeline/raw/hi/hi_011_S4259552600341552.flac,hi,different_speaker,0.0547386194991009
S4259161200398412,data_pipeline/raw/hi/hi_004_S4259161200398412.flac,hi,S4259552600341552,data_pipeline/raw/hi/hi_012_S4259552600341552.flac,hi,different_speaker,-0.3137579468642255
S4259161200398412,data_pipeline/raw/hi/hi_004_S4259161200398412.flac,hi,S4259918700378788,data_pipeline/raw/hi/hi_013_S4259918700378788.flac,hi,different_speaker,0.27198637714139307
S4259161200398412,data_pipeline/raw/hi/hi_004_S4259161200398412.flac,hi,S4259918700378788,data_pipeline/raw/hi/hi_014_S4259918700378788.flac,hi,different_speaker,0.4556056355829775
S4259161200398412,data_pipeline/raw/hi/hi_004_S4259161200398412.flac,hi,S4259918700378788,data_pipeline/raw/hi/hi_015_S4259918700378788.flac,hi,different_speaker,0.3776908709033498
S4259161200398412,data_pipeline/raw/hi/hi_004_S4259161200398412.flac,hi,S4259758000344036,/Users/adityasingh/Projects/Vocal-X/data_pipeline/raw/bn/bn_001_S4259758000344036.flac,bengali,different_speaker,-0.3089520039073311
S4259161200398412,data_pipeline/raw/hi/hi_004_S4259161200398412.flac,hi,S4259758000344036,/Users/adityasingh/Projects/Vocal-X/data_pipeline/raw/bn/bn_002_S4259758000344036.flac,bengali,different_speaker,-0.16118925230519351
S4259161200398412,data_pipeline/raw/hi/hi_004_S4259161200398412.flac,hi,S4259758000344036,/Users/adityasingh/Projects/Vocal-X/data_pipeline/raw/bn/bn_003_S4259758000344036.flac,bengali,different_speaker,0.04865764473637425
S4259161200398412,data_pipeline/raw/hi/hi_004_S4259161200398412.flac,hi,S4257409800358613,/Users/adityasingh/Projects/Vocal-X/data_pipeline/raw/bn/bn_004_S4257409800358613.flac,bengali,different_speaker,-0.3574759386281032
S4259161200398412,data_pipeline/raw/hi/hi_004_S4259161200398412.flac,hi,S4257409800358613,/Users/adityasingh/Projects/Vocal-X/data_pipeline/raw/bn/bn_005_S4257409800358613.flac,bengali,different_speaker,-0.7113357892515781
S4259161200398412,data_pipeline/raw/hi/hi_004_S4259161200398412.flac,hi,S4257409800358613,/Users/adityasingh/Projects/Vocal-X/data_pipeline/raw/bn/bn_006_S4257409800358613.flac,bengali,different_speaker,-0.6594789178841767
S4259161200398412,data_pipeline/raw/hi/hi_004_S4259161200398412.flac,hi,S4259674400304151,/Users/adityasingh/Projects/Vocal-X/data_pipeline/raw/bn/bn_007_S4259674400304151.flac,bengali,different_speaker,0.0798170911343936
S4259161200398412,data_pipeline/raw/hi/hi_004_S4259161200398412.flac,hi,S4259674400304151,/Users/adityasingh/Projects/Vocal-X/data_pipeline/raw/bn/bn_008_S4259674400304151.flac,bengali,different_speaker,0.16721651590437678
S4259161200398412,data_pipeline/raw/hi/hi_004_S4259161200398412.flac,hi,S4259674400304151,/Users/adityasingh/Projects/Vocal-X/data_pipeline/raw/bn/bn_009_S4259674400304151.flac,bengali,different_speaker,0.16170610122009763
S4259161200398412,data_pipeline/raw/hi/hi_004_S4259161200398412.flac,hi,S4256944600325233,/Users/adityasingh/Projects/Vocal-X/data_pipeline/raw/bn/bn_010_S4256944600325233.flac,bengali,different_speaker,-0.3951290500547
S4259161200398412,data_pipeline/raw/hi/hi_004_S4259161200398412.flac,hi,S4256944600325233,/Users/adityasingh/Projects/Vocal-X/data_pipeline/raw/bn/bn_011_S4256944600325233.flac,bengali,different_speaker,-0.44618539859801803
S4259161200398412,data_pipeline/raw/hi/hi_004_S4259161200398412.flac,hi,S4256944600325233,/Users/adityasingh/Projects/Vocal-X/data_pipeline/raw/bn/bn_012_S4256944600325233.flac,bengali,different_speaker,-0.30446063595699335
S4259161200398412,data_pipeline/raw/hi/hi_004_S4259161200398412.flac,hi,S4258791300331826,/Users/adityasingh/Projects/Vocal-X/data_pipeline/raw/bn/bn_013_S4258791300331826.flac,bengali,different_speaker,0.2533284452304628
S4259161200398412,data_pipeline/raw/hi/hi_004_S4259161200398412.flac,hi,S4258791300331826,/Users/adityasingh/Projects/Vocal-X/data_pipeline/raw/bn/bn_014_S4258791300331826.flac,bengali,different_speaker,0.11273064669771879
S4259161200398412,data_pipeline/raw/hi/hi_004_S4259161200398412.flac,hi,S4258791300331826,/Users/adityasingh/Projects/Vocal-X/data_pipeline/raw/bn/bn_015_S4258791300331826.flac,bengali,different_speaker,0.06411580629157958
S4259161200398412,data_pipeline/raw/hi/hi_004_S4259161200398412.flac,hi,S4258178900302423,/Users/adityasingh/Projects/Vocal-X/data_pipeline/raw/ta/ta_001_S4258178900302423.flac,tamil,different_speaker,0.043273355389760716
S4259161200398412,data_pipeline/raw/hi/hi_004_S4259161200398412.flac,hi,S4258178900302423,/Users/adityasingh/Projects/Vocal-X/data_pipeline/raw/ta/ta_002_S4258178900302423.flac,tamil,different_speaker,-0.1921683706337719
S4259161200398412,data_pipeline/raw/hi/hi_004_S4259161200398412.flac,hi,S4258178900302423,/Users/adityasingh/Projects/Vocal-X/data_pipeline/raw/ta/ta_003_S4258178900302423.flac,tamil,different_speaker,-0.06931239112289558
S4259161200398412,data_pipeline/raw/hi/hi_004_S4259161200398412.flac,hi,S4258116500302929,/Users/adityasingh/Projects/Vocal-X/data_pipeline/raw/ta/ta_004_S4258116500302929.flac,tamil,different_speaker,0.4143011079066332
S4259161200398412,data_pipeline/raw/hi/hi_004_S4259161200398412.flac,hi,S4258116500302929,/Users/adityasingh/Projects/Vocal-X/data_pipeline/raw/ta/ta_005_S4258116500302929.flac,tamil,different_speaker,0.30453413159509224
S4259161200398412,data_pipeline/raw/hi/hi_004_S4259161200398412.flac,hi,S4258116500302929,/Users/adityasingh/Projects/Vocal-X/data_pipeline/raw/ta/ta_006_S4258116500302929.flac,tamil,different_speaker,0.2743724768273876
S4259161200398412,data_pipeline/raw/hi/hi_004_S4259161200398412.flac,hi,S4259940500370780,/Users/adityasingh/Projects/Vocal-X/data_pipeline/raw/ta/ta_007_S4259940500370780.flac,tamil,different_speaker,0.04833792834767736
S4259161200398412,data_pipeline/raw/hi/hi_004_S4259161200398412.flac,hi,S4259940500370780,/Users/adityasingh/Projects/Vocal-X/data_pipeline/raw/ta/ta_008_S4259940500370780.flac,tamil,different_speaker,-0.21820423009305942
S4259161200398412,data_pipeline/raw/hi/hi_004_S4259161200398412.flac,hi,S4259940500370780,/Users/adityasingh/Projects/Vocal-X/data_pipeline/raw/ta/ta_009_S4259940500370780.flac,tamil,different_speaker,-0.41239818392849387
S4259161200398412,data_pipeline/raw/hi/hi_004_S4259161200398412.flac,hi,S4256668200339016,/Users/adityasingh/Projects/Vocal-X/data_pipeline/raw/ta/ta_010_S4256668200339016.flac,tamil,different_speaker,0.2646177956680958
S4259161200398412,data_pipeline/raw/hi/hi_004_S4259161200398412.flac,hi,S4256668200339016,/Users/adityasingh/Projects/Vocal-X/data_pipeline/raw/ta/ta_011_S4256668200339016.flac,tamil,different_speaker,0.35851614532680215
S4259161200398412,data_pipeline/raw/hi/hi_004_S4259161200398412.flac,hi,S4256668200339016,/Users/adityasingh/Projects/Vocal-X/data_pipeline/raw/ta/ta_012_S4256668200339016.flac,tamil,different_speaker,0.22722437698899403
S4259161200398412,data_pipeline/raw/hi/hi_004_S4259161200398412.flac,hi,S4259477200334929,/Users/adityasingh/Projects/Vocal-X/data_pipeline/raw/ta/ta_013_S4259477200334929.flac,tamil,different_speaker,-0.3110552313366113
S4259161200398412,data_pipeline/raw/hi/hi_004_S4259161200398412.flac,hi,S4259477200334929,/Users/adityasingh/Projects/Vocal-X/data_pipeline/raw/ta/ta_014_S4259477200334929.flac,tamil,different_speaker,-0.26868729771468547
S4259161200398412,data_pipeline/raw/hi/hi_004_S4259161200398412.flac,hi,S4259477200334929,/Users/adityasingh/Projects/Vocal-X/data_pipeline/raw/ta/ta_015_S4259477200334929.flac,tamil,different_speaker,-0.1646915882606331
S4259161200398412,data_pipeline/raw/hi/hi_004_S4259161200398412.flac,hi,S4257363100302319,/Users/adityasingh/Projects/Vocal-X/data_pipeline/raw/te/te_001_S4257363100302319.flac,telugu,different_speaker,-0.19477436231148568
S4259161200398412,data_pipeline/raw/hi/hi_004_S4259161200398412.flac,hi,S4257363100302319,/Users/adityasingh/Projects/Vocal-X/data_pipeline/raw/te/te_002_S4257363100302319.flac,telugu,different_speaker,0.18344770104203661
S4259161200398412,data_pipeline/raw/hi/hi_004_S4259161200398412.flac,hi,S4257363100302319,/Users/adityasingh/Projects/Vocal-X/data_pipeline/raw/te/te_003_S4257363100302319.flac,telugu,different_speaker,-0.11122894352423571
S4259161200398412,data_pipeline/raw/hi/hi_004_S4259161200398412.flac,hi,S4259919200330829,/Users/adityasingh/Projects/Vocal-X/data_pipeline/raw/te/te_004_S4259919200330829.flac,telugu,different_speaker,0.017133445716941715
S4259161200398412,data_pipeline/raw/hi/hi_004_S4259161200398412.flac,hi,S4259919200330829,/Users/adityasingh/Projects/Vocal-X/data_pipeline/raw/te/te_005_S4259919200330829.flac,telugu,different_speaker,-0.03419368476251411
S4259161200398412,data_pipeline/raw/hi/hi_004_S4259161200398412.flac,hi,S4259919200330829,/Users/adityasingh/Projects/Vocal-X/data_pipeline/raw/te/te_006_S4259919200330829.flac,telugu,different_speaker,0.05138133103725778
S4259161200398412,data_pipeline/raw/hi/hi_004_S4259161200398412.flac,hi,S4259557300391493,/Users/adityasingh/Projects/Vocal-X/data_pipeline/raw/te/te_007_S4259557300391493.flac,telugu,different_speaker,-0.16887143659651657
S4259161200398412,data_pipeline/raw/hi/hi_004_S4259161200398412.flac,hi,S4259557300391493,/Users/adityasingh/Projects/Vocal-X/data_pipeline/raw/te/te_008_S4259557300391493.flac,telugu,different_speaker,-0.06257345052813462
S4259161200398412,data_pipeline/raw/hi/hi_004_S4259161200398412.flac,hi,S4259557300391493,/Users/adityasingh/Projects/Vocal-X/data_pipeline/raw/te/te_009_S4259557300391493.flac,telugu,different_speaker,0.30881205403529055
S4259161200398412,data_pipeline/raw/hi/hi_004_S4259161200398412.flac,hi,S4259010000375320,/Users/adityasingh/Projects/Vocal-X/data_pipeline/raw/te/te_010_S4259010000375320.flac,telugu,different_speaker,-0.41887242001675823
S4259161200398412,data_pipeline/raw/hi/hi_004_S4259161200398412.flac,hi,S4259010000375320,/Users/adityasingh/Projects/Vocal-X/data_pipeline/raw/te/te_011_S4259010000375320.flac,telugu,different_speaker,-0.2831305776555754
S4259161200398412,data_pipeline/raw/hi/hi_004_S4259161200398412.flac,hi,S4259010000375320,/Users/adityasingh/Projects/Vocal-X/data_pipeline/raw/te/te_012_S4259010000375320.flac,telugu,different_speaker,-0.45430850724866384
S4259161200398412,data_pipeline/raw/hi/hi_004_S4259161200398412.flac,hi,S4257321800337643,/Users/adityasingh/Projects/Vocal-X/data_pipeline/raw/te/te_013_S4257321800337643.flac,telugu,different_speaker,-0.3985762518107957
S4259161200398412,data_pipeline/raw/hi/hi_004_S4259161200398412.flac,hi,S4257321800337643,/Users/adityasingh/Projects/Vocal-X/data_pipeline/raw/te/te_014_S4257321800337643.flac,telugu,different_speaker,-0.16843473883642476
S4259161200398412,data_pipeline/raw/hi/hi_004_S4259161200398412.flac,hi,S4257321800337643,/Users/adityasingh/Projects/Vocal-X/data_pipeline/raw/te/te_015_S4257321800337643.flac,telugu,different_speaker,-0.4680865310137962
S4259161200398412,data_pipeline/raw/hi/hi_004_S4259161200398412.flac,hi,S4258725600395882,/Users/adityasingh/Projects/Vocal-X/data_pipeline/raw/mr/mr_001_S4258725600395882.flac,marathi,different_speaker,0.549096668711836
S4259161200398412,data_pipeline/raw/hi/hi_004_S4259161200398412.flac,hi,S4258725600395882,/Users/adityasingh/Projects/Vocal-X/data_pipeline/raw/mr/mr_002_S4258725600395882.flac,marathi,different_speaker,0.159525798363482
S4259161200398412,data_pipeline/raw/hi/hi_004_S4259161200398412.flac,hi,S4258725600395882,/Users/adityasingh/Projects/Vocal-X/data_pipeline/raw/mr/mr_003_S4258725600395882.flac,marathi,different_speaker,-0.0399690210065251
S4259161200398412,data_pipeline/raw/hi/hi_004_S4259161200398412.flac,hi,S4257020900340702,/Users/adityasingh/Projects/Vocal-X/data_pipeline/raw/mr/mr_004_S4257020900340702.flac,marathi,different_speaker,0.14076744671226674
S4259161200398412,data_pipeline/raw/hi/hi_004_S4259161200398412.flac,hi,S4257020900340702,/Users/adityasingh/Projects/Vocal-X/data_pipeline/raw/mr/mr_005_S4257020900340702.flac,marathi,different_speaker,0.15612531855152123
S4259161200398412,data_pipeline/raw/hi/hi_004_S4259161200398412.flac,hi,S4257020900340702,/Users/adityasingh/Projects/Vocal-X/data_pipeline/raw/mr/mr_006_S4257020900340702.flac,marathi,different_speaker,0.06657408386271724
S4259161200398412,data_pipeline/raw/hi/hi_004_S4259161200398412.flac,hi,S4259734500395875,/Users/adityasingh/Projects/Vocal-X/data_pipeline/raw/mr/mr_007_S4259734500395875.flac,marathi,different_speaker,0.2383074125504718
S4259161200398412,data_pipeline/raw/hi/hi_004_S4259161200398412.flac,hi,S4259734500395875,/Users/adityasingh/Projects/Vocal-X/data_pipeline/raw/mr/mr_008_S4259734500395875.flac,marathi,different_speaker,-0.42301763114781665
S4259161200398412,data_pipeline/raw/hi/hi_004_S4259161200398412.flac,hi,S4259734500395875,/Users/adityasingh/Projects/Vocal-X/data_pipeline/raw/mr/mr_009_S4259734500395875.flac,marathi,different_speaker,-0.3530049288329541
S4259161200398412,data_pipeline/raw/hi/hi_004_S4259161200398412.flac,hi,S4257242800308984,/Users/adityasingh/Projects/Vocal-X/data_pipeline/raw/mr/mr_010_S4257242800308984.flac,marathi,different_speaker,-0.2586411269817815
S4259161200398412,data_pipeline/raw/hi/hi_004_S4259161200398412.flac,hi,S4257242800308984,/Users/adityasingh/Projects/Vocal-X/data_pipeline/raw/mr/mr_011_S4257242800308984.flac,marathi,different_speaker,0.1333113618704215
S4259161200398412,data_pipeline/raw/hi/hi_004_S4259161200398412.flac,hi,S4257242800308984,/Users/adityasingh/Projects/Vocal-X/data_pipeline/raw/mr/mr_012_S4257242800308984.flac,marathi,different_speaker,-0.08606559479811988
S4259161200398412,data_pipeline/raw/hi/hi_004_S4259161200398412.flac,hi,S4258045600338732,/Users/adityasingh/Projects/Vocal-X/data_pipeline/raw/mr/mr_013_S4258045600338732.flac,marathi,different_speaker,-0.22212126350418027
S4259161200398412,data_pipeline/raw/hi/hi_004_S4259161200398412.flac,hi,S4258045600338732,/Users/adityasingh/Projects/Vocal-X/data_pipeline/raw/mr/mr_014_S4258045600338732.flac,marathi,different_speaker,-0.27122493687087307
S4259161200398412,data_pipeline/raw/hi/hi_004_S4259161200398412.flac,hi,S4258045600338732,/Users/adityasingh/Projects/Vocal-X/data_pipeline/raw/mr/mr_015_S4258045600338732.flac,marathi,different_speaker,-0.11360147217198677
S4259161200398412,data_pipeline/raw/hi/hi_005_S4259161200398412.flac,hi,S4259161200398412,data_pipeline/raw/hi/hi_006_S4259161200398412.flac,hi,same_speaker,0.7326701281797636
S4259161200398412,data_pipeline/raw/hi/hi_005_S4259161200398412.flac,hi,S4258240200343210,data_pipeline/raw/hi/hi_007_S4258240200343210.flac,hi,different_speaker,0.08791872152875845
S4259161200398412,data_pipeline/raw/hi/hi_005_S4259161200398412.flac,hi,S4258240200343210,data_pipeline/raw/hi/hi_008_S4258240200343210.flac,hi,different_speaker,0.6293680180090127
S4259161200398412,data_pipeline/raw/hi/hi_005_S4259161200398412.flac,hi,S4258240200343210,data_pipeline/raw/hi/hi_009_S4258240200343210.flac,hi,different_speaker,0.292434822126553
S4259161200398412,data_pipeline/raw/hi/hi_005_S4259161200398412.flac,hi,S4259552600341552,data_pipeline/raw/hi/hi_010_S4259552600341552.flac,hi,different_speaker,-0.15048162316521063
S4259161200398412,data_pipeline/raw/hi/hi_005_S4259161200398412.flac,hi,S4259552600341552,data_pipeline/raw/hi/hi_011_S4259552600341552.flac,hi,different_speaker,-0.4809071483353725
S4259161200398412,data_pipeline/raw/hi/hi_005_S4259161200398412.flac,hi,S4259552600341552,data_pipeline/raw/hi/hi_012_S4259552600341552.flac,hi,different_speaker,-0.5095543619604272
S4259161200398412,data_pipeline/raw/hi/hi_005_S4259161200398412.flac,hi,S4259918700378788,data_pipeline/raw/hi/hi_013_S4259918700378788.flac,hi,different_speaker,0.6632474244835104
S4259161200398412,data_pipeline/raw/hi/hi_005_S4259161200398412.flac,hi,S4259918700378788,data_pipeline/raw/hi/hi_014_S4259918700378788.flac,hi,different_speaker,0.6200441017994398
S4259161200398412,data_pipeline/raw/hi/hi_005_S4259161200398412.flac,hi,S4259918700378788,data_pipeline/raw/hi/hi_015_S4259918700378788.flac,hi,different_speaker,0.4547684869977656
S4259161200398412,data_pipeline/raw/hi/hi_005_S4259161200398412.flac,hi,S4259758000344036,/Users/adityasingh/Projects/Vocal-X/data_pipeline/raw/bn/bn_001_S4259758000344036.flac,bengali,different_speaker,0.43393089649777516
S4259161200398412,data_pipeline/raw/hi/hi_005_S4259161200398412.flac,hi,S4259758000344036,/Users/adityasingh/Projects/Vocal-X/data_pipeline/raw/bn/bn_002_S4259758000344036.flac,bengali,different_speaker,0.45893124230755244
S4259161200398412,data_pipeline/raw/hi/hi_005_S4259161200398412.flac,hi,S4259758000344036,/Users/adityasingh/Projects/Vocal-X/data_pipeline/raw/bn/bn_003_S4259758000344036.flac,bengali,different_speaker,0.505672512099872
S4259161200398412,data_pipeline/raw/hi/hi_005_S4259161200398412.flac,hi,S4257409800358613,/Users/adityasingh/Projects/Vocal-X/data_pipeline/raw/bn/bn_004_S4257409800358613.flac,bengali,different_speaker,-0.39038899314717745
S4259161200398412,data_pipeline/raw/hi/hi_005_S4259161200398412.flac,hi,S4257409800358613,/Users/adityasingh/Projects/Vocal-X/data_pipeline/raw/bn/bn_005_S4257409800358613.flac,bengali,different_speaker,-0.28044339239551896
S4259161200398412,data_pipeline/raw/hi/hi_005_S4259161200398412.flac,hi,S4257409800358613,/Users/adityasingh/Projects/Vocal-X/data_pipeline/raw/bn/bn_006_S4257409800358613.flac,bengali,different_speaker,-0.38123811674360997
S4259161200398412,data_pipeline/raw/hi/hi_005_S4259161200398412.flac,hi,S4259674400304151,/Users/adityasingh/Projects/Vocal-X/data_pipeline/raw/bn/bn_007_S4259674400304151.flac,bengali,different_speaker,0.07971443477011168
S4259161200398412,data_pipeline/raw/hi/hi_005_S4259161200398412.flac,hi,S4259674400304151,/Users/adityasingh/Projects/Vocal-X/data_pipeline/raw/bn/bn_008_S4259674400304151.flac,bengali,different_speaker,-0.11240001784929723
S4259161200398412,data_pipeline/raw/hi/hi_005_S4259161200398412.flac,hi,S4259674400304151,/Users/adityasingh/Projects/Vocal-X/data_pipeline/raw/bn/bn_009_S4259674400304151.flac,bengali,different_speaker,-0.27363547468519084
S4259161200398412,data_pipeline/raw/hi/hi_005_S4259161200398412.flac,hi,S4256944600325233,/Users/adityasingh/Projects/Vocal-X/data_pipeline/raw/bn/bn_010_S4256944600325233.flac,bengali,different_speaker,-0.43292207743884675
S4259161200398412,data_pipeline/raw/hi/hi_005_S4259161200398412.flac,hi,S4256944600325233,/Users/adityasingh/Projects/Vocal-X/data_pipeline/raw/bn/bn_011_S4256944600325233.flac,bengali,different_speaker,-0.5034424968491835
S4259161200398412,data_pipeline/raw/hi/hi_005_S4259161200398412.flac,hi,S4256944600325233,/Users/adityasingh/Projects/Vocal-X/data_pipeline/raw/bn/bn_012_S4256944600325233.flac,bengali,different_speaker,-0.4376335453220199
S4259161200398412,data_pipeline/raw/hi/hi_005_S4259161200398412.flac,hi,S4258791300331826,/Users/adityasingh/Projects/Vocal-X/data_pipeline/raw/bn/bn_013_S4258791300331826.flac,bengali,different_speaker,0.42422548341907995
S4259161200398412,data_pipeline/raw/hi/hi_005_S4259161200398412.flac,hi,S4258791300331826,/Users/adityasingh/Projects/Vocal-X/data_pipeline/raw/bn/bn_014_S4258791300331826.flac,bengali,different_speaker,-0.004169506995090428
S4259161200398412,data_pipeline/raw/hi/hi_005_S4259161200398412.flac,hi,S4258791300331826,/Users/adityasingh/Projects/Vocal-X/data_pipeline/raw/bn/bn_015_S4258791300331826.flac,bengali,different_speaker,0.21376130319713899
S4259161200398412,data_pipeline/raw/hi/hi_005_S4259161200398412.flac,hi,S4258178900302423,/Users/adityasingh/Projects/Vocal-X/data_pipeline/raw/ta/ta_001_S4258178900302423.flac,tamil,different_speaker,-0.43598944602760936
S4259161200398412,data_pipeline/raw/hi/hi_005_S4259161200398412.flac,hi,S4258178900302423,/Users/adityasingh/Projects/Vocal-X/data_pipeline/raw/ta/ta_002_S4258178900302423.flac,tamil,different_speaker,-0.4129154239594028
S4259161200398412,data_pipeline/raw/hi/hi_005_S4259161200398412.flac,hi,S4258178900302423,/Users/adityasingh/Projects/Vocal-X/data_pipeline/raw/ta/ta_003_S4258178900302423.flac,tamil,different_speaker,-0.295284792825452
S4259161200398412,data_pipeline/raw/hi/hi_005_S4259161200398412.flac,hi,S4258116500302929,/Users/adityasingh/Projects/Vocal-X/data_pipeline/raw/ta/ta_004_S4258116500302929.flac,tamil,different_speaker,0.66981941525713
S4259161200398412,data_pipeline/raw/hi/hi_005_S4259161200398412.flac,hi,S4258116500302929,/Users/adityasingh/Projects/Vocal-X/data_pipeline/raw/ta/ta_005_S4258116500302929.flac,tamil,different_speaker,0.6451658361301122
S4259161200398412,data_pipeline/raw/hi/hi_005_S4259161200398412.flac,hi,S4258116500302929,/Users/adityasingh/Projects/Vocal-X/data_pipeline/raw/ta/ta_006_S4258116500302929.flac,tamil,different_speaker,0.6640686489303318
S4259161200398412,data_pipeline/raw/hi/hi_005_S4259161200398412.flac,hi,S4259940500370780,/Users/adityasingh/Projects/Vocal-X/data_pipeline/raw/ta/ta_007_S4259940500370780.flac,tamil,different_speaker,-0.31744236635386486
S4259161200398412,data_pipeline/raw/hi/hi_005_S4259161200398412.flac,hi,S4259940500370780,/Users/adityasingh/Projects/Vocal-X/data_pipeline/raw/ta/ta_008_S4259940500370780.flac,tamil,different_speaker,0.05454521995343352
S4259161200398412,data_pipeline/raw/hi/hi_005_S4259161200398412.flac,hi,S4259940500370780,/Users/adityasingh/Projects/Vocal-X/data_pipeline/raw/ta/ta_009_S4259940500370780.flac,tamil,different_speaker,-0.4067215956151657
S4259161200398412,data_pipeline/raw/hi/hi_005_S4259161200398412.flac,hi,S4256668200339016,/Users/adityasingh/Projects/Vocal-X/data_pipeline/raw/ta/ta_010_S4256668200339016.flac,tamil,different_speaker,-0.11869909384837185
S4259161200398412,data_pipeline/raw/hi/hi_005_S4259161200398412.flac,hi,S4256668200339016,/Users/adityasingh/Projects/Vocal-X/data_pipeline/raw/ta/ta_011_S4256668200339016.flac,tamil,different_speaker,-0.21415869194914727
S4259161200398412,data_pipeline/raw/hi/hi_005_S4259161200398412.flac,hi,S4256668200339016,/Users/adityasingh/Projects/Vocal-X/data_pipeline/raw/ta/ta_012_S4256668200339016.flac,tamil,different_speaker,-0.2108763458513992
S4259161200398412,data_pipeline/raw/hi/hi_005_S4259161200398412.flac,hi,S4259477200334929,/Users/adityasingh/Projects/Vocal-X/data_pipeline/raw/ta/ta_013_S4259477200334929.flac,tamil,different_speaker,0.2857234139980002
S4259161200398412,data_pipeline/raw/hi/hi_005_S4259161200398412.flac,hi,S4259477200334929,/Users/adityasingh/Projects/Vocal-X/data_pipeline/raw/ta/ta_014_S4259477200334929.flac,tamil,different_speaker,0.44713360400473673
S4259161200398412,data_pipeline/raw/hi/hi_005_S4259161200398412.flac,hi,S4259477200334929,/Users/adityasingh/Projects/Vocal-X/data_pipeline/raw/ta/ta_015_S4259477200334929.flac,tamil,different_speaker,0.07978022165305215
S4259161200398412,data_pipeline/raw/hi/hi_005_S4259161200398412.flac,hi,S4257363100302319,/Users/adityasingh/Projects/Vocal-X/data_pipeline/raw/te/te_001_S4257363100302319.flac,telugu,different_speaker,-0.07568585160041652
S4259161200398412,data_pipeline/raw/hi/hi_005_S4259161200398412.flac,hi,S4257363100302319,/Users/adityasingh/Projects/Vocal-X/data_pipeline/raw/te/te_002_S4257363100302319.flac,telugu,different_speaker,0.011359901109590186
S4259161200398412,data_pipeline/raw/hi/hi_005_S4259161200398412.flac,hi,S4257363100302319,/Users/adityasingh/Projects/Vocal-X/data_pipeline/raw/te/te_003_S4257363100302319.flac,telugu,different_speaker,-0.10028597015664009
S4259161200398412,data_pipeline/raw/hi/hi_005_S4259161200398412.flac,hi,S4259919200330829,/Users/adityasingh/Projects/Vocal-X/data_pipeline/raw/te/te_004_S4259919200330829.flac,telugu,different_speaker,-0.3849343176130154
S4259161200398412,data_pipeline/raw/hi/hi_005_S4259161200398412.flac,hi,S4259919200330829,/Users/adityasingh/Projects/Vocal-X/data_pipeline/raw/te/te_005_S4259919200330829.flac,telugu,different_speaker,-0.14521935426587204
S4259161200398412,data_pipeline/raw/hi/hi_005_S4259161200398412.flac,hi,S4259919200330829,/Users/adityasingh/Projects/Vocal-X/data_pipeline/raw/te/te_006_S4259919200330829.flac,telugu,different_speaker,-0.45945279608496425
S4259161200398412,data_pipeline/raw/hi/hi_005_S4259161200398412.flac,hi,S4259557300391493,/Users/adityasingh/Projects/Vocal-X/data_pipeline/raw/te/te_007_S4259557300391493.flac,telugu,different_speaker,-0.6663911146503464
S4259161200398412,data_pipeline/raw/hi/hi_005_S4259161200398412.flac,hi,S4259557300391493,/Users/adityasingh/Projects/Vocal-X/data_pipeline/raw/te/te_008_S4259557300391493.flac,telugu,different_speaker,-0.5353364960188199
S4259161200398412,data_pipeline/raw/hi/hi_005_S4259161200398412.flac,hi,S4259557300391493,/Users/adityasingh/Projects/Vocal-X/data_pipeline/raw/te/te_009_S4259557300391493.flac,telugu,different_speaker,-0.04054243894868872
S4259161200398412,data_pipeline/raw/hi/hi_005_S4259161200398412.flac,hi,S4259010000375320,/Users/adityasingh/Projects/Vocal-X/data_pipeline/raw/te/te_010_S4259010000375320.flac,telugu,different_speaker,-0.6341734561892305
S4259161200398412,data_pipeline/raw/hi/hi_005_S4259161200398412.flac,hi,S4259010000375320,/Users/adityasingh/Projects/Vocal-X/data_pipeline/raw/te/te_011_S4259010000375320.flac,telugu,different_speaker,-0.6143353985775257
S4259161200398412,data_pipeline/raw/hi/hi_005_S4259161200398412.flac,hi,S4259010000375320,/Users/adityasingh/Projects/Vocal-X/data_pipeline/raw/te/te_012_S4259010000375320.flac,telugu,different_speaker,-0.7020382366207597
S4259161200398412,data_pipeline/raw/hi/hi_005_S4259161200398412.flac,hi,S4257321800337643,/Users/adityasingh/Projects/Vocal-X/data_pipeline/raw/te/te_013_S4257321800337643.flac,telugu,different_speaker,-0.1760190620921498
S4259161200398412,data_pipeline/raw/hi/hi_005_S4259161200398412.flac,hi,S4257321800337643,/Users/adityasingh/Projects/Vocal-X/data_pipeline/raw/te/te_014_S4257321800337643.flac,telugu,different_speaker,-0.2969470355703775
S4259161200398412,data_pipeline/raw/hi/hi_005_S4259161200398412.flac,hi,S4257321800337643,/Users/adityasingh/Projects/Vocal-X/data_pipeline/raw/te/te_015_S4257321800337643.flac,telugu,different_speaker,-0.3065993315809643
S4259161200398412,data_pipeline/raw/hi/hi_005_S4259161200398412.flac,hi,S4258725600395882,/Users/adityasingh/Projects/Vocal-X/data_pipeline/raw/mr/mr_001_S4258725600395882.flac,marathi,different_speaker,0.1885723416674274
S4259161200398412,data_pipeline/raw/hi/hi_005_S4259161200398412.flac,hi,S4258725600395882,/Users/adityasingh/Projects/Vocal-X/data_pipeline/raw/mr/mr_002_S4258725600395882.flac,marathi,different_speaker,-0.20963487011865914
S4259161200398412,data_pipeline/raw/hi/hi_005_S4259161200398412.flac,hi,S4258725600395882,/Users/adityasingh/Projects/Vocal-X/data_pipeline/raw/mr/mr_003_S4258725600395882.flac,marathi,different_speaker,-0.48350931093543353
S4259161200398412,data_pipeline/raw/hi/hi_005_S4259161200398412.flac,hi,S4257020900340702,/Users/adityasingh/Projects/Vocal-X/data_pipeline/raw/mr/mr_004_S4257020900340702.flac,marathi,different_speaker,0.3903072746386583
S4259161200398412,data_pipeline/raw/hi/hi_005_S4259161200398412.flac,hi,S4257020900340702,/Users/adityasingh/Projects/Vocal-X/data_pipeline/raw/mr/mr_005_S4257020900340702.flac,marathi,different_speaker,0.44993974632236555
S4259161200398412,data_pipeline/raw/hi/hi_005_S4259161200398412.flac,hi,S4257020900340702,/Users/adityasingh/Projects/Vocal-X/data_pipeline/raw/mr/mr_006_S4257020900340702.flac,marathi,different_speaker,0.4032730785221603
S4259161200398412,data_pipeline/raw/hi/hi_005_S4259161200398412.flac,hi,S4259734500395875,/Users/adityasingh/Projects/Vocal-X/data_pipeline/raw/mr/mr_007_S4259734500395875.flac,marathi,different_speaker,-0.120496857428657
S4259161200398412,data_pipeline/raw/hi/hi_005_S4259161200398412.flac,hi,S4259734500395875,/Users/adityasingh/Projects/Vocal-X/data_pipeline/raw/mr/mr_008_S4259734500395875.flac,marathi,different_speaker,-0.44814191951782445
S4259161200398412,data_pipeline/raw/hi/hi_005_S4259161200398412.flac,hi,S4259734500395875,/Users/adityasingh/Projects/Vocal-X/data_pipeline/raw/mr/mr_009_S4259734500395875.flac,marathi,different_speaker,-0.30637672525228493
S4259161200398412,data_pipeline/raw/hi/hi_005_S4259161200398412.flac,hi,S4257242800308984,/Users/adityasingh/Projects/Vocal-X/data_pipeline/raw/mr/mr_010_S4257242800308984.flac,marathi,different_speaker,-0.2732339191469152
S4259161200398412,data_pipeline/raw/hi/hi_005_S4259161200398412.flac,hi,S4257242800308984,/Users/adityasingh/Projects/Vocal-X/data_pipeline/raw/mr/mr_011_S4257242800308984.flac,marathi,different_speaker,-0.15771819491410094
S4259161200398412,data_pipeline/raw/hi/hi_005_S4259161200398412.flac,hi,S4257242800308984,/Users/adityasingh/Projects/Vocal-X/data_pipeline/raw/mr/mr_012_S4257242800308984.flac,marathi,different_speaker,0.6640008801748649
S4259161200398412,data_pipeline/raw/hi/hi_005_S4259161200398412.flac,hi,S4258045600338732,/Users/adityasingh/Projects/Vocal-X/data_pipeline/raw/mr/mr_013_S4258045600338732.flac,marathi,different_speaker,-0.513829221017336
S4259161200398412,data_pipeline/raw/hi/hi_005_S4259161200398412.flac,hi,S4258045600338732,/Users/adityasingh/Projects/Vocal-X/data_pipeline/raw/mr/mr_014_S4258045600338732.flac,marathi,different_speaker,-0.43590587317580065
S4259161200398412,data_pipeline/raw/hi/hi_005_S4259161200398412.flac,hi,S4258045600338732,/Users/adityasingh/Projects/Vocal-X/data_pipeline/raw/mr/mr_015_S4258045600338732.flac,marathi,different_speaker,-0.1261979330149846
S4259161200398412,data_pipeline/raw/hi/hi_006_S4259161200398412.flac,hi,S4258240200343210,data_pipeline/raw/hi/hi_007_S4258240200343210.flac,hi,different_speaker,0.38993757563622045
S4259161200398412,data_pipeline/raw/hi/hi_006_S4259161200398412.flac,hi,S4258240200343210,data_pipeline/raw/hi/hi_008_S4258240200343210.flac,hi,different_speaker,0.670336475203998
S4259161200398412,data_pipeline/raw/hi/hi_006_S4259161200398412.flac,hi,S4258240200343210,data_pipeline/raw/hi/hi_009_S4258240200343210.flac,hi,different_speaker,0.5045490356027115
S4259161200398412,data_pipeline/raw/hi/hi_006_S4259161200398412.flac,hi,S4259552600341552,data_pipeline/raw/hi/hi_010_S4259552600341552.flac,hi,different_speaker,-0.24250620757789412
S4259161200398412,data_pipeline/raw/hi/hi_006_S4259161200398412.flac,hi,S4259552600341552,data_pipeline/raw/hi/hi_011_S4259552600341552.flac,hi,different_speaker,-0.24271460024404123
S4259161200398412,data_pipeline/raw/hi/hi_006_S4259161200398412.flac,hi,S4259552600341552,data_pipeline/raw/hi/hi_012_S4259552600341552.flac,hi,different_speaker,-0.5695007535883364
S4259161200398412,data_pipeline/raw/hi/hi_006_S4259161200398412.flac,hi,S4259918700378788,data_pipeline/raw/hi/hi_013_S4259918700378788.flac,hi,different_speaker,0.5406770121562822
S4259161200398412,data_pipeline/raw/hi/hi_006_S4259161200398412.flac,hi,S4259918700378788,data_pipeline/raw/hi/hi_014_S4259918700378788.flac,hi,different_speaker,0.6386311578479182
S4259161200398412,data_pipeline/raw/hi/hi_006_S4259161200398412.flac,hi,S4259918700378788,data_pipeline/raw/hi/hi_015_S4259918700378788.flac,hi,different_speaker,0.5463760502709253
S4259161200398412,data_pipeline/raw/hi/hi_006_S4259161200398412.flac,hi,S4259758000344036,/Users/adityasingh/Projects/Vocal-X/data_pipeline/raw/bn/bn_001_S4259758000344036.flac,bengali,different_speaker,0.12540154361381511
S4259161200398412,data_pipeline/raw/hi/hi_006_S4259161200398412.flac,hi,S4259758000344036,/Users/adityasingh/Projects/Vocal-X/data_pipeline/raw/bn/bn_002_S4259758000344036.flac,bengali,different_speaker,0.20175549590529585
S4259161200398412,data_pipeline/raw/hi/hi_006_S4259161200398412.flac,hi,S4259758000344036,/Users/adityasingh/Projects/Vocal-X/data_pipeline/raw/bn/bn_003_S4259758000344036.flac,bengali,different_speaker,0.3023820823773054
S4259161200398412,data_pipeline/raw/hi/hi_006_S4259161200398412.flac,hi,S4257409800358613,/Users/adityasingh/Projects/Vocal-X/data_pipeline/raw/bn/bn_004_S4257409800358613.flac,bengali,different_speaker,-0.6905936807253463
S4259161200398412,data_pipeline/raw/hi/hi_006_S4259161200398412.flac,hi,S4257409800358613,/Users/adityasingh/Projects/Vocal-X/data_pipeline/raw/bn/bn_005_S4257409800358613.flac,bengali,different_speaker,-0.46741284737294064
S4259161200398412,data_pipeline/raw/hi/hi_006_S4259161200398412.flac,hi,S4257409800358613,/Users/adityasingh/Projects/Vocal-X/data_pipeline/raw/bn/bn_006_S4257409800358613.flac,bengali,different_speaker,-0.603338080310202
S4259161200398412,data_pipeline/raw/hi/hi_006_S4259161200398412.flac,hi,S4259674400304151,/Users/adityasingh/Projects/Vocal-X/data_pipeline/raw/bn/bn_007_S4259674400304151.flac,bengali,different_speaker,0.18492199095399142
S4259161200398412,data_pipeline/raw/hi/hi_006_S4259161200398412.flac,hi,S4259674400304151,/Users/adityasingh/Projects/Vocal-X/data_pipeline/raw/bn/bn_008_S4259674400304151.flac,bengali,different_speaker,0.0735668616790101
S4259161200398412,data_pipeline/raw/hi/hi_006_S4259161200398412.flac,hi,S4259674400304151,/Users/adityasingh/Projects/Vocal-X/data_pipeline/raw/bn/bn_009_S4259674400304151.flac,bengali,different_speaker,-0.057909471546663406
S4259161200398412,data_pipeline/raw/hi/hi_006_S4259161200398412.flac,hi,S4256944600325233,/Users/adityasingh/Projects/Vocal-X/data_pipeline/raw/bn/bn_010_S4256944600325233.flac,bengali,different_speaker,-0.5343094960057289
S4259161200398412,data_pipeline/raw/hi/hi_006_S4259161200398412.flac,hi,S4256944600325233,/Users/adityasingh/Projects/Vocal-X/data_pipeline/raw/bn/bn_011_S4256944600325233.flac,bengali,different_speaker,-0.47412752814746
S4259161200398412,data_pipeline/raw/hi/hi_006_S4259161200398412.flac,hi,S4256944600325233,/Users/adityasingh/Projects/Vocal-X/data_pipeline/raw/bn/bn_012_S4256944600325233.flac,bengali,different_speaker,-0.4801382051005254
S4259161200398412,data_pipeline/raw/hi/hi_006_S4259161200398412.flac,hi,S4258791300331826,/Users/adityasingh/Projects/Vocal-X/data_pipeline/raw/bn/bn_013_S4258791300331826.flac,bengali,different_speaker,0.36694283819383894
S4259161200398412,data_pipeline/raw/hi/hi_006_S4259161200398412.flac,hi,S4258791300331826,/Users/adityasingh/Projects/Vocal-X/data_pipeline/raw/bn/bn_014_S4258791300331826.flac,bengali,different_speaker,0.0797257071472382
S4259161200398412,data_pipeline/raw/hi/hi_006_S4259161200398412.flac,hi,S4258791300331826,/Users/adityasingh/Projects/Vocal-X/data_pipeline/raw/bn/bn_015_S4258791300331826.flac,bengali,different_speaker,0.17314116626395262
S4259161200398412,data_pipeline/raw/hi/hi_006_S4259161200398412.flac,hi,S4258178900302423,/Users/adityasingh/Projects/Vocal-X/data_pipeline/raw/ta/ta_001_S4258178900302423.flac,tamil,different_speaker,-0.3746346755750439
S4259161200398412,data_pipeline/raw/hi/hi_006_S4259161200398412.flac,hi,S4258178900302423,/Users/adityasingh/Projects/Vocal-X/data_pipeline/raw/ta/ta_002_S4258178900302423.flac,tamil,different_speaker,-0.3289944603045034
S4259161200398412,data_pipeline/raw/hi/hi_006_S4259161200398412.flac,hi,S4258178900302423,/Users/adityasingh/Projects/Vocal-X/data_pipeline/raw/ta/ta_003_S4258178900302423.flac,tamil,different_speaker,-0.2140461841855521
S4259161200398412,data_pipeline/raw/hi/hi_006_S4259161200398412.flac,hi,S4258116500302929,/Users/adityasingh/Projects/Vocal-X/data_pipeline/raw/ta/ta_004_S4258116500302929.flac,tamil,different_speaker,0.62248220026341
S4259161200398412,data_pipeline/raw/hi/hi_006_S4259161200398412.flac,hi,S4258116500302929,/Users/adityasingh/Projects/Vocal-X/data_pipeline/raw/ta/ta_005_S4258116500302929.flac,tamil,different_speaker,0.6386937150007449
S4259161200398412,data_pipeline/raw/hi/hi_006_S4259161200398412.flac,hi,S4258116500302929,/Users/adityasingh/Projects/Vocal-X/data_pipeline/raw/ta/ta_006_S4258116500302929.flac,tamil,different_speaker,0.6758219768357903
S4259161200398412,data_pipeline/raw/hi/hi_006_S4259161200398412.flac,hi,S4259940500370780,/Users/adityasingh/Projects/Vocal-X/data_pipeline/raw/ta/ta_007_S4259940500370780.flac,tamil,different_speaker,-0.15828174371458192
S4259161200398412,data_pipeline/raw/hi/hi_006_S4259161200398412.flac,hi,S4259940500370780,/Users/adityasingh/Projects/Vocal-X/data_pipeline/raw/ta/ta_008_S4259940500370780.flac,tamil,different_speaker,0.07158671977974564
S4259161200398412,data_pipeline/raw/hi/hi_006_S4259161200398412.flac,hi,S4259940500370780,/Users/adityasingh/Projects/Vocal-X/data_pipeline/raw/ta/ta_009_S4259940500370780.flac,tamil,different_speaker,-0.3441853696631774
S4259161200398412,data_pipeline/raw/hi/hi_006_S4259161200398412.flac,hi,S4256668200339016,/Users/adityasingh/Projects/Vocal-X/data_pipeline/raw/ta/ta_010_S4256668200339016.flac,tamil,different_speaker,-0.0385577304183857
S4259161200398412,data_pipeline/raw/hi/hi_006_S4259161200398412.flac,hi,S4256668200339016,/Users/adityasingh/Projects/Vocal-X/data_pipeline/raw/ta/ta_011_S4256668200339016.flac,tamil,different_speaker,-0.14602625931307675
S4259161200398412,data_pipeline/raw/hi/hi_006_S4259161200398412.flac,hi,S4256668200339016,/Users/adityasingh/Projects/Vocal-X/data_pipeline/raw/ta/ta_012_S4256668200339016.flac,tamil,different_speaker,-0.1240138763159551
S4259161200398412,data_pipeline/raw/hi/hi_006_S4259161200398412.flac,hi,S4259477200334929,/Users/adityasingh/Projects/Vocal-X/data_pipeline/raw/ta/ta_013_S4259477200334929.flac,tamil,different_speaker,0.11654972176676885
S4259161200398412,data_pipeline/raw/hi/hi_006_S4259161200398412.flac,hi,S4259477200334929,/Users/adityasingh/Projects/Vocal-X/data_pipeline/raw/ta/ta_014_S4259477200334929.flac,tamil,different_speaker,0.13708752465487484
S4259161200398412,data_pipeline/raw/hi/hi_006_S4259161200398412.flac,hi,S4259477200334929,/Users/adityasingh/Projects/Vocal-X/data_pipeline/raw/ta/ta_015_S4259477200334929.flac,tamil,different_speaker,-0.0240565782036093
S4259161200398412,data_pipeline/raw/hi/hi_006_S4259161200398412.flac,hi,S4257363100302319,/Users/adityasingh/Projects/Vocal-X/data_pipeline/raw/te/te_001_S4257363100302319.flac,telugu,different_speaker,0.09435875985328168
S4259161200398412,data_pipeline/raw/hi/hi_006_S4259161200398412.flac,hi,S4257363100302319,/Users/adityasingh/Projects/Vocal-X/data_pipeline/raw/te/te_002_S4257363100302319.flac,telugu,different_speaker,0.17019467619937026
S4259161200398412,data_pipeline/raw/hi/hi_006_S4259161200398412.flac,hi,S4257363100302319,/Users/adityasingh/Projects/Vocal-X/data_pipeline/raw/te/te_003_S4257363100302319.flac,telugu,different_speaker,0.18926084533032148
S4259161200398412,data_pipeline/raw/hi/hi_006_S4259161200398412.flac,hi,S4259919200330829,/Users/adityasingh/Projects/Vocal-X/data_pipeline/raw/te/te_004_S4259919200330829.flac,telugu,different_speaker,-0.11738187564550723
S4259161200398412,data_pipeline/raw/hi/hi_006_S4259161200398412.flac,hi,S4259919200330829,/Users/adityasingh/Projects/Vocal-X/data_pipeline/raw/te/te_005_S4259919200330829.flac,telugu,different_speaker,0.09384305555192383
S4259161200398412,data_pipeline/raw/hi/hi_006_S4259161200398412.flac,hi,S4259919200330829,/Users/adityasingh/Projects/Vocal-X/data_pipeline/raw/te/te_006_S4259919200330829.flac,telugu,different_speaker,-0.20613671935950084
S4259161200398412,data_pipeline/raw/hi/hi_006_S4259161200398412.flac,hi,S4259557300391493,/Users/adityasingh/Projects/Vocal-X/data_pipeline/raw/te/te_007_S4259557300391493.flac,telugu,different_speaker,-0.4400099232121073
S4259161200398412,data_pipeline/raw/hi/hi_006_S4259161200398412.flac,hi,S4259557300391493,/Users/adityasingh/Projects/Vocal-X/data_pipeline/raw/te/te_008_S4259557300391493.flac,telugu,different_speaker,-0.2851392701238349
S4259161200398412,data_pipeline/raw/hi/hi_006_S4259161200398412.flac,hi,S4259557300391493,/Users/adityasingh/Projects/Vocal-X/data_pipeline/raw/te/te_009_S4259557300391493.flac,telugu,different_speaker,0.18698253789225275
S4259161200398412,data_pipeline/raw/hi/hi_006_S4259161200398412.flac,hi,S4259010000375320,/Users/adityasingh/Projects/Vocal-X/data_pipeline/raw/te/te_010_S4259010000375320.flac,telugu,different_speaker,-0.7214246149849975
S4259161200398412,data_pipeline/raw/hi/hi_006_S4259161200398412.flac,hi,S4259010000375320,/Users/adityasingh/Projects/Vocal-X/data_pipeline/raw/te/te_011_S4259010000375320.flac,telugu,different_speaker,-0.6778801351068378
S4259161200398412,data_pipeline/raw/hi/hi_006_S4259161200398412.flac,hi,S4259010000375320,/Users/adityasingh/Projects/Vocal-X/data_pipeline/raw/te/te_012_S4259010000375320.flac,telugu,different_speaker,-0.809385748053045
S4259161200398412,data_pipeline/raw/hi/hi_006_S4259161200398412.flac,hi,S4257321800337643,/Users/adityasingh/Projects/Vocal-X/data_pipeline/raw/te/te_013_S4257321800337643.flac,telugu,different_speaker,-0.23047446698201823
S4259161200398412,data_pipeline/raw/hi/hi_006_S4259161200398412.flac,hi,S4257321800337643,/Users/adityasingh/Projects/Vocal-X/data_pipeline/raw/te/te_014_S4257321800337643.flac,telugu,different_speaker,-0.08324401232674981
S4259161200398412,data_pipeline/raw/hi/hi_006_S4259161200398412.flac,hi,S4257321800337643,/Users/adityasingh/Projects/Vocal-X/data_pipeline/raw/te/te_015_S4257321800337643.flac,telugu,different_speaker,-0.3178656752366295
S4259161200398412,data_pipeline/raw/hi/hi_006_S4259161200398412.flac,hi,S4258725600395882,/Users/adityasingh/Projects/Vocal-X/data_pipeline/raw/mr/mr_001_S4258725600395882.flac,marathi,different_speaker,0.30277906224145046
S4259161200398412,data_pipeline/raw/hi/hi_006_S4259161200398412.flac,hi,S4258725600395882,/Users/adityasingh/Projects/Vocal-X/data_pipeline/raw/mr/mr_002_S4258725600395882.flac,marathi,different_speaker,-0.13382678349071847
S4259161200398412,data_pipeline/raw/hi/hi_006_S4259161200398412.flac,hi,S4258725600395882,/Users/adityasingh/Projects/Vocal-X/data_pipeline/raw/mr/mr_003_S4258725600395882.flac,marathi,different_speaker,-0.20505260130280592
S4259161200398412,data_pipeline/raw/hi/hi_006_S4259161200398412.flac,hi,S4257020900340702,/Users/adityasingh/Projects/Vocal-X/data_pipeline/raw/mr/mr_004_S4257020900340702.flac,marathi,different_speaker,0.1437993072706219
S4259161200398412,data_pipeline/raw/hi/hi_006_S4259161200398412.flac,hi,S4257020900340702,/Users/adityasingh/Projects/Vocal-X/data_pipeline/raw/mr/mr_005_S4257020900340702.flac,marathi,different_speaker,0.2038885243497288
S4259161200398412,data_pipeline/raw/hi/hi_006_S4259161200398412.flac,hi,S4257020900340702,/Users/adityasingh/Projects/Vocal-X/data_pipeline/raw/mr/mr_006_S4257020900340702.flac,marathi,different_speaker,0.22454214251926727
S4259161200398412,data_pipeline/raw/hi/hi_006_S4259161200398412.flac,hi,S4259734500395875,/Users/adityasingh/Projects/Vocal-X/data_pipeline/raw/mr/mr_007_S4259734500395875.flac,marathi,different_speaker,-0.022987164528240348
S4259161200398412,data_pipeline/raw/hi/hi_006_S4259161200398412.flac,hi,S4259734500395875,/Users/adityasingh/Projects/Vocal-X/data_pipeline/raw/mr/mr_008_S4259734500395875.flac,marathi,different_speaker,-0.5136261055296648
S4259161200398412,data_pipeline/raw/hi/hi_006_S4259161200398412.flac,hi,S4259734500395875,/Users/adityasingh/Projects/Vocal-X/data_pipeline/raw/mr/mr_009_S4259734500395875.flac,marathi,different_speaker,-0.4716231182630095
S4259161200398412,data_pipeline/raw/hi/hi_006_S4259161200398412.flac,hi,S4257242800308984,/Users/adityasingh/Projects/Vocal-X/data_pipeline/raw/mr/mr_010_S4257242800308984.flac,marathi,different_speaker,-0.2627218596861315
S4259161200398412,data_pipeline/raw/hi/hi_006_S4259161200398412.flac,hi,S4257242800308984,/Users/adityasingh/Projects/Vocal-X/data_pipeline/raw/mr/mr_011_S4257242800308984.flac,marathi,different_speaker,-0.23322800448645645
S4259161200398412,data_pipeline/raw/hi/hi_006_S4259161200398412.flac,hi,S4257242800308984,/Users/adityasingh/Projects/Vocal-X/data_pipeline/raw/mr/mr_012_S4257242800308984.flac,marathi,different_speaker,0.37346476564976294
S4259161200398412,data_pipeline/raw/hi/hi_006_S4259161200398412.flac,hi,S4258045600338732,/Users/adityasingh/Projects/Vocal-X/data_pipeline/raw/mr/mr_013_S4258045600338732.flac,marathi,different_speaker,-0.5203439238481896
S4259161200398412,data_pipeline/raw/hi/hi_006_S4259161200398412.flac,hi,S4258045600338732,/Users/adityasingh/Projects/Vocal-X/data_pipeline/raw/mr/mr_014_S4258045600338732.flac,marathi,different_speaker,-0.29446998044306577
S4259161200398412,data_pipeline/raw/hi/hi_006_S4259161200398412.flac,hi,S4258045600338732,/Users/adityasingh/Projects/Vocal-X/data_pipeline/raw/mr/mr_015_S4258045600338732.flac,marathi,different_speaker,-0.1538399550164846
S4258240200343210,data_pipeline/raw/hi/hi_007_S4258240200343210.flac,hi,S4258240200343210,data_pipeline/raw/hi/hi_008_S4258240200343210.flac,hi,same_speaker,0.635062192943711
S4258240200343210,data_pipeline/raw/hi/hi_007_S4258240200343210.flac,hi,S4258240200343210,data_pipeline/raw/hi/hi_009_S4258240200343210.flac,hi,same_speaker,0.873787151009925
S4258240200343210,data_pipeline/raw/hi/hi_007_S4258240200343210.flac,hi,S4259552600341552,data_pipeline/raw/hi/hi_010_S4259552600341552.flac,hi,different_speaker,-0.06771689148952709
S4258240200343210,data_pipeline/raw/hi/hi_007_S4258240200343210.flac,hi,S4259552600341552,data_pipeline/raw/hi/hi_011_S4259552600341552.flac,hi,different_speaker,0.13736379892568873
S4258240200343210,data_pipeline/raw/hi/hi_007_S4258240200343210.flac,hi,S4259552600341552,data_pipeline/raw/hi/hi_012_S4259552600341552.flac,hi,different_speaker,-0.17785394698193377
S4258240200343210,data_pipeline/raw/hi/hi_007_S4258240200343210.flac,hi,S4259918700378788,data_pipeline/raw/hi/hi_013_S4259918700378788.flac,hi,different_speaker,-0.08349605818244395
S4258240200343210,data_pipeline/raw/hi/hi_007_S4258240200343210.flac,hi,S4259918700378788,data_pipeline/raw/hi/hi_014_S4259918700378788.flac,hi,different_speaker,0.06552784567572202
S4258240200343210,data_pipeline/raw/hi/hi_007_S4258240200343210.flac,hi,S4259918700378788,data_pipeline/raw/hi/hi_015_S4259918700378788.flac,hi,different_speaker,0.07433361365438029
S4258240200343210,data_pipeline/raw/hi/hi_007_S4258240200343210.flac,hi,S4259758000344036,/Users/adityasingh/Projects/Vocal-X/data_pipeline/raw/bn/bn_001_S4259758000344036.flac,bengali,different_speaker,-0.2425824961503848
S4258240200343210,data_pipeline/raw/hi/hi_007_S4258240200343210.flac,hi,S4259758000344036,/Users/adityasingh/Projects/Vocal-X/data_pipeline/raw/bn/bn_002_S4259758000344036.flac,bengali,different_speaker,-0.057732404832668144
S4258240200343210,data_pipeline/raw/hi/hi_007_S4258240200343210.flac,hi,S4259758000344036,/Users/adityasingh/Projects/Vocal-X/data_pipeline/raw/bn/bn_003_S4259758000344036.flac,bengali,different_speaker,0.20243622316173762
S4258240200343210,data_pipeline/raw/hi/hi_007_S4258240200343210.flac,hi,S4257409800358613,/Users/adityasingh/Projects/Vocal-X/data_pipeline/raw/bn/bn_004_S4257409800358613.flac,bengali,different_speaker,-0.23672501581265873
S4258240200343210,data_pipeline/raw/hi/hi_007_S4258240200343210.flac,hi,S4257409800358613,/Users/adityasingh/Projects/Vocal-X/data_pipeline/raw/bn/bn_005_S4257409800358613.flac,bengali,different_speaker,-0.5780848802478736
S4258240200343210,data_pipeline/raw/hi/hi_007_S4258240200343210.flac,hi,S4257409800358613,/Users/adityasingh/Projects/Vocal-X/data_pipeline/raw/bn/bn_006_S4257409800358613.flac,bengali,different_speaker,-0.49436054541535707
S4258240200343210,data_pipeline/raw/hi/hi_007_S4258240200343210.flac,hi,S4259674400304151,/Users/adityasingh/Projects/Vocal-X/data_pipeline/raw/bn/bn_007_S4259674400304151.flac,bengali,different_speaker,-0.006233454703359826
S4258240200343210,data_pipeline/raw/hi/hi_007_S4258240200343210.flac,hi,S4259674400304151,/Users/adityasingh/Projects/Vocal-X/data_pipeline/raw/bn/bn_008_S4259674400304151.flac,bengali,different_speaker,0.023857109051067135
S4258240200343210,data_pipeline/raw/hi/hi_007_S4258240200343210.flac,hi,S4259674400304151,/Users/adityasingh/Projects/Vocal-X/data_pipeline/raw/bn/bn_009_S4259674400304151.flac,bengali,different_speaker,-0.03765039503838945
S4258240200343210,data_pipeline/raw/hi/hi_007_S4258240200343210.flac,hi,S4256944600325233,/Users/adityasingh/Projects/Vocal-X/data_pipeline/raw/bn/bn_010_S4256944600325233.flac,bengali,different_speaker,-0.48930474301719795
S4258240200343210,data_pipeline/raw/hi/hi_007_S4258240200343210.flac,hi,S4256944600325233,/Users/adityasingh/Projects/Vocal-X/data_pipeline/raw/bn/bn_011_S4256944600325233.flac,bengali,different_speaker,-0.4922925371362035
S4258240200343210,data_pipeline/raw/hi/hi_007_S4258240200343210.flac,hi,S4256944600325233,/Users/adityasingh/Projects/Vocal-X/data_pipeline/raw/bn/bn_012_S4256944600325233.flac,bengali,different_speaker,-0.41251558938695754
S4258240200343210,data_pipeline/raw/hi/hi_007_S4258240200343210.flac,hi,S4258791300331826,/Users/adityasingh/Projects/Vocal-X/data_pipeline/raw/bn/bn_013_S4258791300331826.flac,bengali,different_speaker,0.47460859512876247
S4258240200343210,data_pipeline/raw/hi/hi_007_S4258240200343210.flac,hi,S4258791300331826,/Users/adityasingh/Projects/Vocal-X/data_pipeline/raw/bn/bn_014_S4258791300331826.flac,bengali,different_speaker,0.33505522234478174
S4258240200343210,data_pipeline/raw/hi/hi_007_S4258240200343210.flac,hi,S4258791300331826,/Users/adityasingh/Projects/Vocal-X/data_pipeline/raw/bn/bn_015_S4258791300331826.flac,bengali,different_speaker,0.3249187256597951
S4258240200343210,data_pipeline/raw/hi/hi_007_S4258240200343210.flac,hi,S4258178900302423,/Users/adityasingh/Projects/Vocal-X/data_pipeline/raw/ta/ta_001_S4258178900302423.flac,tamil,different_speaker,0.09316604872459495
S4258240200343210,data_pipeline/raw/hi/hi_007_S4258240200343210.flac,hi,S4258178900302423,/Users/adityasingh/Projects/Vocal-X/data_pipeline/raw/ta/ta_002_S4258178900302423.flac,tamil,different_speaker,-0.1206035051354682
S4258240200343210,data_pipeline/raw/hi/hi_007_S4258240200343210.flac,hi,S4258178900302423,/Users/adityasingh/Projects/Vocal-X/data_pipeline/raw/ta/ta_003_S4258178900302423.flac,tamil,different_speaker,-0.04488102280489815
S4258240200343210,data_pipeline/raw/hi/hi_007_S4258240200343210.flac,hi,S4258116500302929,/Users/adityasingh/Projects/Vocal-X/data_pipeline/raw/ta/ta_004_S4258116500302929.flac,tamil,different_speaker,0.4508310542273613
S4258240200343210,data_pipeline/raw/hi/hi_007_S4258240200343210.flac,hi,S4258116500302929,/Users/adityasingh/Projects/Vocal-X/data_pipeline/raw/ta/ta_005_S4258116500302929.flac,tamil,different_speaker,0.3425076143567161
S4258240200343210,data_pipeline/raw/hi/hi_007_S4258240200343210.flac,hi,S4258116500302929,/Users/adityasingh/Projects/Vocal-X/data_pipeline/raw/ta/ta_006_S4258116500302929.flac,tamil,different_speaker,0.3670175214510636
S4258240200343210,data_pipeline/raw/hi/hi_007_S4258240200343210.flac,hi,S4259940500370780,/Users/adityasingh/Projects/Vocal-X/data_pipeline/raw/ta/ta_007_S4259940500370780.flac,tamil,different_speaker,0.11549831528681599
S4258240200343210,data_pipeline/raw/hi/hi_007_S4258240200343210.flac,hi,S4259940500370780,/Users/adityasingh/Projects/Vocal-X/data_pipeline/raw/ta/ta_008_S4259940500370780.flac,tamil,different_speaker,-0.17086744207831658
S4258240200343210,data_pipeline/raw/hi/hi_007_S4258240200343210.flac,hi,S4259940500370780,/Users/adityasingh/Projects/Vocal-X/data_pipeline/raw/ta/ta_009_S4259940500370780.flac,tamil,different_speaker,-0.3137534154743876
S4258240200343210,data_pipeline/raw/hi/hi_007_S4258240200343210.flac,hi,S4256668200339016,/Users/adityasingh/Projects/Vocal-X/data_pipeline/raw/ta/ta_010_S4256668200339016.flac,tamil,different_speaker,-0.0025088229933206327
S4258240200343210,data_pipeline/raw/hi/hi_007_S4258240200343210.flac,hi,S4256668200339016,/Users/adityasingh/Projects/Vocal-X/data_pipeline/raw/ta/ta_011_S4256668200339016.flac,tamil,different_speaker,0.25636920295907684
S4258240200343210,data_pipeline/raw/hi/hi_007_S4258240200343210.flac,hi,S4256668200339016,/Users/adityasingh/Projects/Vocal-X/data_pipeline/raw/ta/ta_012_S4256668200339016.flac,tamil,different_speaker,0.0417785909488293
S4258240200343210,data_pipeline/raw/hi/hi_007_S4258240200343210.flac,hi,S4259477200334929,/Users/adityasingh/Projects/Vocal-X/data_pipeline/raw/ta/ta_013_S4259477200334929.flac,tamil,different_speaker,0.04971825081400054
S4258240200343210,data_pipeline/raw/hi/hi_007_S4258240200343210.flac,hi,S4259477200334929,/Users/adityasingh/Projects/Vocal-X/data_pipeline/raw/ta/ta_014_S4259477200334929.flac,tamil,different_speaker,0.008277993945399556
S4258240200343210,data_pipeline/raw/hi/hi_007_S4258240200343210.flac,hi,S4259477200334929,/Users/adityasingh/Projects/Vocal-X/data_pipeline/raw/ta/ta_015_S4259477200334929.flac,tamil,different_speaker,0.2237642652445262
S4258240200343210,data_pipeline/raw/hi/hi_007_S4258240200343210.flac,hi,S4257363100302319,/Users/adityasingh/Projects/Vocal-X/data_pipeline/raw/te/te_001_S4257363100302319.flac,telugu,different_speaker,-0.24986314668634038
S4258240200343210,data_pipeline/raw/hi/hi_007_S4258240200343210.flac,hi,S4257363100302319,/Users/adityasingh/Projects/Vocal-X/data_pipeline/raw/te/te_002_S4257363100302319.flac,telugu,different_speaker,0.13496542893172372
S4258240200343210,data_pipeline/raw/hi/hi_007_S4258240200343210.flac,hi,S4257363100302319,/Users/adityasingh/Projects/Vocal-X/data_pipeline/raw/te/te_003_S4257363100302319.flac,telugu,different_speaker,-0.23313257695984504
S4258240200343210,data_pipeline/raw/hi/hi_007_S4258240200343210.flac,hi,S4259919200330829,/Users/adityasingh/Projects/Vocal-X/data_pipeline/raw/te/te_004_S4259919200330829.flac,telugu,different_speaker,0.08106699399080083
S4258240200343210,data_pipeline/raw/hi/hi_007_S4258240200343210.flac,hi,S4259919200330829,/Users/adityasingh/Projects/Vocal-X/data_pipeline/raw/te/te_005_S4259919200330829.flac,telugu,different_speaker,0.08099249646198893
S4258240200343210,data_pipeline/raw/hi/hi_007_S4258240200343210.flac,hi,S4259919200330829,/Users/adityasingh/Projects/Vocal-X/data_pipeline/raw/te/te_006_S4259919200330829.flac,telugu,different_speaker,0.08382700473269888
S4258240200343210,data_pipeline/raw/hi/hi_007_S4258240200343210.flac,hi,S4259557300391493,/Users/adityasingh/Projects/Vocal-X/data_pipeline/raw/te/te_007_S4259557300391493.flac,telugu,different_speaker,-0.09818313643751714
S4258240200343210,data_pipeline/raw/hi/hi_007_S4258240200343210.flac,hi,S4259557300391493,/Users/adityasingh/Projects/Vocal-X/data_pipeline/raw/te/te_008_S4259557300391493.flac,telugu,different_speaker,-0.2713808976049747
S4258240200343210,data_pipeline/raw/hi/hi_007_S4258240200343210.flac,hi,S4259557300391493,/Users/adityasingh/Projects/Vocal-X/data_pipeline/raw/te/te_009_S4259557300391493.flac,telugu,different_speaker,0.20380282074939496
S4258240200343210,data_pipeline/raw/hi/hi_007_S4258240200343210.flac,hi,S4259010000375320,/Users/adityasingh/Projects/Vocal-X/data_pipeline/raw/te/te_010_S4259010000375320.flac,telugu,different_speaker,-0.5045252742334523
S4258240200343210,data_pipeline/raw/hi/hi_007_S4258240200343210.flac,hi,S4259010000375320,/Users/adityasingh/Projects/Vocal-X/data_pipeline/raw/te/te_011_S4259010000375320.flac,telugu,different_speaker,-0.40809060300909805
S4258240200343210,data_pipeline/raw/hi/hi_007_S4258240200343210.flac,hi,S4259010000375320,/Users/adityasingh/Projects/Vocal-X/data_pipeline/raw/te/te_012_S4259010000375320.flac,telugu,different_speaker,-0.4487325491384612
S4258240200343210,data_pipeline/raw/hi/hi_007_S4258240200343210.flac,hi,S4257321800337643,/Users/adityasingh/Projects/Vocal-X/data_pipeline/raw/te/te_013_S4257321800337643.flac,telugu,different_speaker,-0.3371485675315851
S4258240200343210,data_pipeline/raw/hi/hi_007_S4258240200343210.flac,hi,S4257321800337643,/Users/adityasingh/Projects/Vocal-X/data_pipeline/raw/te/te_014_S4257321800337643.flac,telugu,different_speaker,-0.1216918732639885
S4258240200343210,data_pipeline/raw/hi/hi_007_S4258240200343210.flac,hi,S4257321800337643,/Users/adityasingh/Projects/Vocal-X/data_pipeline/raw/te/te_015_S4257321800337643.flac,telugu,different_speaker,-0.38640096257012607
S4258240200343210,data_pipeline/raw/hi/hi_007_S4258240200343210.flac,hi,S4258725600395882,/Users/adityasingh/Projects/Vocal-X/data_pipeline/raw/mr/mr_001_S4258725600395882.flac,marathi,different_speaker,0.3930416073219352
S4258240200343210,data_pipeline/raw/hi/hi_007_S4258240200343210.flac,hi,S4258725600395882,/Users/adityasingh/Projects/Vocal-X/data_pipeline/raw/mr/mr_002_S4258725600395882.flac,marathi,different_speaker,0.07977441109651992
S4258240200343210,data_pipeline/raw/hi/hi_007_S4258240200343210.flac,hi,S4258725600395882,/Users/adityasingh/Projects/Vocal-X/data_pipeline/raw/mr/mr_003_S4258725600395882.flac,marathi,different_speaker,-0.10612876566052236
S4258240200343210,data_pipeline/raw/hi/hi_007_S4258240200343210.flac,hi,S4257020900340702,/Users/adityasingh/Projects/Vocal-X/data_pipeline/raw/mr/mr_004_S4257020900340702.flac,marathi,different_speaker,-0.16855229144919634
S4258240200343210,data_pipeline/raw/hi/hi_007_S4258240200343210.flac,hi,S4257020900340702,/Users/adityasingh/Projects/Vocal-X/data_pipeline/raw/mr/mr_005_S4257020900340702.flac,marathi,different_speaker,-0.14418600934544776
S4258240200343210,data_pipeline/raw/hi/hi_007_S4258240200343210.flac,hi,S4257020900340702,/Users/adityasingh/Projects/Vocal-X/data_pipeline/raw/mr/mr_006_S4257020900340702.flac,marathi,different_speaker,-0.20543768404180207
S4258240200343210,data_pipeline/raw/hi/hi_007_S4258240200343210.flac,hi,S4259734500395875,/Users/adityasingh/Projects/Vocal-X/data_pipeline/raw/mr/mr_007_S4259734500395875.flac,marathi,different_speaker,0.20660494141305438
S4258240200343210,data_pipeline/raw/hi/hi_007_S4258240200343210.flac,hi,S4259734500395875,/Users/adityasingh/Projects/Vocal-X/data_pipeline/raw/mr/mr_008_S4259734500395875.flac,marathi,different_speaker,-0.12715587360381547
S4258240200343210,data_pipeline/raw/hi/hi_007_S4258240200343210.flac,hi,S4259734500395875,/Users/adityasingh/Projects/Vocal-X/data_pipeline/raw/mr/mr_009_S4259734500395875.flac,marathi,different_speaker,-0.059469328977576084
S4258240200343210,data_pipeline/raw/hi/hi_007_S4258240200343210.flac,hi,S4257242800308984,/Users/adityasingh/Projects/Vocal-X/data_pipeline/raw/mr/mr_010_S4257242800308984.flac,marathi,different_speaker,-0.19646427198500674
S4258240200343210,data_pipeline/raw/hi/hi_007_S4258240200343210.flac,hi,S4257242800308984,/Users/adityasingh/Projects/Vocal-X/data_pipeline/raw/mr/mr_011_S4257242800308984.flac,marathi,different_speaker,0.24247892404042512
S4258240200343210,data_pipeline/raw/hi/hi_007_S4258240200343210.flac,hi,S4257242800308984,/Users/adityasingh/Projects/Vocal-X/data_pipeline/raw/mr/mr_012_S4257242800308984.flac,marathi,different_speaker,0.1145563706666884
S4258240200343210,data_pipeline/raw/hi/hi_007_S4258240200343210.flac,hi,S4258045600338732,/Users/adityasingh/Projects/Vocal-X/data_pipeline/raw/mr/mr_013_S4258045600338732.flac,marathi,different_speaker,-0.2967617401166898
S4258240200343210,data_pipeline/raw/hi/hi_007_S4258240200343210.flac,hi,S4258045600338732,/Users/adityasingh/Projects/Vocal-X/data_pipeline/raw/mr/mr_014_S4258045600338732.flac,marathi,different_speaker,-0.46426628173539347
S4258240200343210,data_pipeline/raw/hi/hi_007_S4258240200343210.flac,hi,S4258045600338732,/Users/adityasingh/Projects/Vocal-X/data_pipeline/raw/mr/mr_015_S4258045600338732.flac,marathi,different_speaker,-0.26639158657887674
S4258240200343210,data_pipeline/raw/hi/hi_008_S4258240200343210.flac,hi,S4258240200343210,data_pipeline/raw/hi/hi_009_S4258240200343210.flac,hi,same_speaker,0.7042207372467791
S4258240200343210,data_pipeline/raw/hi/hi_008_S4258240200343210.flac,hi,S4259552600341552,data_pipeline/raw/hi/hi_010_S4259552600341552.flac,hi,different_speaker,-0.4074667117151709
S4258240200343210,data_pipeline/raw/hi/hi_008_S4258240200343210.flac,hi,S4259552600341552,data_pipeline/raw/hi/hi_011_S4259552600341552.flac,hi,different_speaker,-0.286143428751687
S4258240200343210,data_pipeline/raw/hi/hi_008_S4258240200343210.flac,hi,S4259552600341552,data_pipeline/raw/hi/hi_012_S4259552600341552.flac,hi,different_speaker,-0.5898813448781944
S4258240200343210,data_pipeline/raw/hi/hi_008_S4258240200343210.flac,hi,S4259918700378788,data_pipeline/raw/hi/hi_013_S4259918700378788.flac,hi,different_speaker,0.3355374676674564
S4258240200343210,data_pipeline/raw/hi/hi_008_S4258240200343210.flac,hi,S4259918700378788,data_pipeline/raw/hi/hi_014_S4259918700378788.flac,hi,different_speaker,0.4944814549262747
S4258240200343210,data_pipeline/raw/hi/hi_008_S4258240200343210.flac,hi,S4259918700378788,data_pipeline/raw/hi/hi_015_S4259918700378788.flac,hi,different_speaker,0.4365399472859894
S4258240200343210,data_pipeline/raw/hi/hi_008_S4258240200343210.flac,hi,S4259758000344036,/Users/adityasingh/Projects/Vocal-X/data_pipeline/raw/bn/bn_001_S4259758000344036.flac,bengali,different_speaker,0.21845211574355236
S4258240200343210,data_pipeline/raw/hi/hi_008_S4258240200343210.flac,hi,S4259758000344036,/Users/adityasingh/Projects/Vocal-X/data_pipeline/raw/bn/bn_002_S4259758000344036.flac,bengali,different_speaker,0.38961279471756705
S4258240200343210,data_pipeline/raw/hi/hi_008_S4258240200343210.flac,hi,S4259758000344036,/Users/adityasingh/Projects/Vocal-X/data_pipeline/raw/bn/bn_003_S4259758000344036.flac,bengali,different_speaker,0.43719542700770075
S4258240200343210,data_pipeline/raw/hi/hi_008_S4258240200343210.flac,hi,S4257409800358613,/Users/adityasingh/Projects/Vocal-X/data_pipeline/raw/bn/bn_004_S4257409800358613.flac,bengali,different_speaker,-0.4868786861380898
S4258240200343210,data_pipeline/raw/hi/hi_008_S4258240200343210.flac,hi,S4257409800358613,/Users/adityasingh/Projects/Vocal-X/data_pipeline/raw/bn/bn_005_S4257409800358613.flac,bengali,different_speaker,-0.2911242907417383
S4258240200343210,data_pipeline/raw/hi/hi_008_S4258240200343210.flac,hi,S4257409800358613,/Users/adityasingh/Projects/Vocal-X/data_pipeline/raw/bn/bn_006_S4257409800358613.flac,bengali,different_speaker,-0.41624395553934973
S4258240200343210,data_pipeline/raw/hi/hi_008_S4258240200343210.flac,hi,S4259674400304151,/Users/adityasingh/Projects/Vocal-X/data_pipeline/raw/bn/bn_007_S4259674400304151.flac,bengali,different_speaker,-0.03628791215604832
S4258240200343210,data_pipeline/raw/hi/hi_008_S4258240200343210.flac,hi,S4259674400304151,/Users/adityasingh/Projects/Vocal-X/data_pipeline/raw/bn/bn_008_S4259674400304151.flac,bengali,different_speaker,-0.20026430388071734
S4258240200343210,data_pipeline/raw/hi/hi_008_S4258240200343210.flac,hi,S4259674400304151,/Users/adityasingh/Projects/Vocal-X/data_pipeline/raw/bn/bn_009_S4259674400304151.flac,bengali,different_speaker,-0.29320683855205615
S4258240200343210,data_pipeline/raw/hi/hi_008_S4258240200343210.flac,hi,S4256944600325233,/Users/adityasingh/Projects/Vocal-X/data_pipeline/raw/bn/bn_010_S4256944600325233.flac,bengali,different_speaker,-0.5861300869936484
S4258240200343210,data_pipeline/raw/hi/hi_008_S4258240200343210.flac,hi,S4256944600325233,/Users/adityasingh/Projects/Vocal-X/data_pipeline/raw/bn/bn_011_S4256944600325233.flac,bengali,different_speaker,-0.5411405394087206
S4258240200343210,data_pipeline/raw/hi/hi_008_S4258240200343210.flac,hi,S4256944600325233,/Users/adityasingh/Projects/Vocal-X/data_pipeline/raw/bn/bn_012_S4256944600325233.flac,bengali,different_speaker,-0.27956958891740746
S4258240200343210,data_pipeline/raw/hi/hi_008_S4258240200343210.flac,hi,S4258791300331826,/Users/adityasingh/Projects/Vocal-X/data_pipeline/raw/bn/bn_013_S4258791300331826.flac,bengali,different_speaker,0.6075985750481763
S4258240200343210,data_pipeline/raw/hi/hi_008_S4258240200343210.flac,hi,S4258791300331826,/Users/adityasingh/Projects/Vocal-X/data_pipeline/raw/bn/bn_014_S4258791300331826.flac,bengali,different_speaker,0.3386635103605289
S4258240200343210,data_pipeline/raw/hi/hi_008_S4258240200343210.flac,hi,S4258791300331826,/Users/adityasingh/Projects/Vocal-X/data_pipeline/raw/bn/bn_015_S4258791300331826.flac,bengali,different_speaker,0.446071340459338
S4258240200343210,data_pipeline/raw/hi/hi_008_S4258240200343210.flac,hi,S4258178900302423,/Users/adityasingh/Projects/Vocal-X/data_pipeline/raw/ta/ta_001_S4258178900302423.flac,tamil,different_speaker,-0.5176747920466465
S4258240200343210,data_pipeline/raw/hi/hi_008_S4258240200343210.flac,hi,S4258178900302423,/Users/adityasingh/Projects/Vocal-X/data_pipeline/raw/ta/ta_002_S4258178900302423.flac,tamil,different_speaker,-0.5350626633105979
S4258240200343210,data_pipeline/raw/hi/hi_008_S4258240200343210.flac,hi,S4258178900302423,/Users/adityasingh/Projects/Vocal-X/data_pipeline/raw/ta/ta_003_S4258178900302423.flac,tamil,different_speaker,-0.4482158190244711
S4258240200343210,data_pipeline/raw/hi/hi_008_S4258240200343210.flac,hi,S4258116500302929,/Users/adityasingh/Projects/Vocal-X/data_pipeline/raw/ta/ta_004_S4258116500302929.flac,tamil,different_speaker,0.708927968830615
S4258240200343210,data_pipeline/raw/hi/hi_008_S4258240200343210.flac,hi,S4258116500302929,/Users/adityasingh/Projects/Vocal-X/data_pipeline/raw/ta/ta_005_S4258116500302929.flac,tamil,different_speaker,0.8045949264772427
S4258240200343210,data_pipeline/raw/hi/hi_008_S4258240200343210.flac,hi,S4258116500302929,/Users/adityasingh/Projects/Vocal-X/data_pipeline/raw/ta/ta_006_S4258116500302929.flac,tamil,different_speaker,0.7376844389913967
S4258240200343210,data_pipeline/raw/hi/hi_008_S4258240200343210.flac,hi,S4259940500370780,/Users/adityasingh/Projects/Vocal-X/data_pipeline/raw/ta/ta_007_S4259940500370780.flac,tamil,different_speaker,-0.22040481787681923
S4258240200343210,data_pipeline/raw/hi/hi_008_S4258240200343210.flac,hi,S4259940500370780,/Users/adityasingh/Projects/Vocal-X/data_pipeline/raw/ta/ta_008_S4259940500370780.flac,tamil,different_speaker,-0.06960394364382565
S4258240200343210,data_pipeline/raw/hi/hi_008_S4258240200343210.flac,hi,S4259940500370780,/Users/adityasingh/Projects/Vocal-X/data_pipeline/raw/ta/ta_009_S4259940500370780.flac,tamil,different_speaker,-0.5311437991218407
S4258240200343210,data_pipeline/raw/hi/hi_008_S4258240200343210.flac,hi,S4256668200339016,/Users/adityasingh/Projects/Vocal-X/data_pipeline/raw/ta/ta_010_S4256668200339016.flac,tamil,different_speaker,-0.07003227889557682
S4258240200343210,data_pipeline/raw/hi/hi_008_S4258240200343210.flac,hi,S4256668200339016,/Users/adityasingh/Projects/Vocal-X/data_pipeline/raw/ta/ta_011_S4256668200339016.flac,tamil,different_speaker,0.010401927966301855
S4258240200343210,data_pipeline/raw/hi/hi_008_S4258240200343210.flac,hi,S4256668200339016,/Users/adityasingh/Projects/Vocal-X/data_pipeline/raw/ta/ta_012_S4256668200339016.flac,tamil,different_speaker,-0.06821741730888664
S4258240200343210,data_pipeline/raw/hi/hi_008_S4258240200343210.flac,hi,S4259477200334929,/Users/adityasingh/Projects/Vocal-X/data_pipeline/raw/ta/ta_013_S4259477200334929.flac,tamil,different_speaker,0.41470255962950214
S4258240200343210,data_pipeline/raw/hi/hi_008_S4258240200343210.flac,hi,S4259477200334929,/Users/adityasingh/Projects/Vocal-X/data_pipeline/raw/ta/ta_014_S4259477200334929.flac,tamil,different_speaker,0.4326222317314859
S4258240200343210,data_pipeline/raw/hi/hi_008_S4258240200343210.flac,hi,S4259477200334929,/Users/adityasingh/Projects/Vocal-X/data_pipeline/raw/ta/ta_015_S4259477200334929.flac,tamil,different_speaker,0.3386708095229051
S4258240200343210,data_pipeline/raw/hi/hi_008_S4258240200343210.flac,hi,S4257363100302319,/Users/adityasingh/Projects/Vocal-X/data_pipeline/raw/te/te_001_S4257363100302319.flac,telugu,different_speaker,-0.11741361070767367
S4258240200343210,data_pipeline/raw/hi/hi_008_S4258240200343210.flac,hi,S4257363100302319,/Users/adityasingh/Projects/Vocal-X/data_pipeline/raw/te/te_002_S4257363100302319.flac,telugu,different_speaker,0.1381246296041449
S4258240200343210,data_pipeline/raw/hi/hi_008_S4258240200343210.flac,hi,S4257363100302319,/Users/adityasingh/Projects/Vocal-X/data_pipeline/raw/te/te_003_S4257363100302319.flac,telugu,different_speaker,0.04546306296906318
S4258240200343210,data_pipeline/raw/hi/hi_008_S4258240200343210.flac,hi,S4259919200330829,/Users/adityasingh/Projects/Vocal-X/data_pipeline/raw/te/te_004_S4259919200330829.flac,telugu,different_speaker,-0.3338946374690863
S4258240200343210,data_pipeline/raw/hi/hi_008_S4258240200343210.flac,hi,S4259919200330829,/Users/adityasingh/Projects/Vocal-X/data_pipeline/raw/te/te_005_S4259919200330829.flac,telugu,different_speaker,0.05733622182603141
S4258240200343210,data_pipeline/raw/hi/hi_008_S4258240200343210.flac,hi,S4259919200330829,/Users/adityasingh/Projects/Vocal-X/data_pipeline/raw/te/te_006_S4259919200330829.flac,telugu,different_speaker,-0.3044785389498452
S4258240200343210,data_pipeline/raw/hi/hi_008_S4258240200343210.flac,hi,S4259557300391493,/Users/adityasingh/Projects/Vocal-X/data_pipeline/raw/te/te_007_S4259557300391493.flac,telugu,different_speaker,-0.49817172520104014
S4258240200343210,data_pipeline/raw/hi/hi_008_S4258240200343210.flac,hi,S4259557300391493,/Users/adityasingh/Projects/Vocal-X/data_pipeline/raw/te/te_008_S4259557300391493.flac,telugu,different_speaker,-0.5862832849351667
S4258240200343210,data_pipeline/raw/hi/hi_008_S4258240200343210.flac,hi,S4259557300391493,/Users/adityasingh/Projects/Vocal-X/data_pipeline/raw/te/te_009_S4259557300391493.flac,telugu,different_speaker,0.015395139787234524
S4258240200343210,data_pipeline/raw/hi/hi_008_S4258240200343210.flac,hi,S4259010000375320,/Users/adityasingh/Projects/Vocal-X/data_pipeline/raw/te/te_010_S4259010000375320.flac,telugu,different_speaker,-0.741900639917056
S4258240200343210,data_pipeline/raw/hi/hi_008_S4258240200343210.flac,hi,S4259010000375320,/Users/adityasingh/Projects/Vocal-X/data_pipeline/raw/te/te_011_S4259010000375320.flac,telugu,different_speaker,-0.7945354318890299
S4258240200343210,data_pipeline/raw/hi/hi_008_S4258240200343210.flac,hi,S4259010000375320,/Users/adityasingh/Projects/Vocal-X/data_pipeline/raw/te/te_012_S4259010000375320.flac,telugu,different_speaker,-0.7730132964147816
S4258240200343210,data_pipeline/raw/hi/hi_008_S4258240200343210.flac,hi,S4257321800337643,/Users/adityasingh/Projects/Vocal-X/data_pipeline/raw/te/te_013_S4257321800337643.flac,telugu,different_speaker,-0.23705902911954335
S4258240200343210,data_pipeline/raw/hi/hi_008_S4258240200343210.flac,hi,S4257321800337643,/Users/adityasingh/Projects/Vocal-X/data_pipeline/raw/te/te_014_S4257321800337643.flac,telugu,different_speaker,-0.31366617607710495
S4258240200343210,data_pipeline/raw/hi/hi_008_S4258240200343210.flac,hi,S4257321800337643,/Users/adityasingh/Projects/Vocal-X/data_pipeline/raw/te/te_015_S4257321800337643.flac,telugu,different_speaker,-0.3545748286062103
S4258240200343210,data_pipeline/raw/hi/hi_008_S4258240200343210.flac,hi,S4258725600395882,/Users/adityasingh/Projects/Vocal-X/data_pipeline/raw/mr/mr_001_S4258725600395882.flac,marathi,different_speaker,0.20925386876509922
S4258240200343210,data_pipeline/raw/hi/hi_008_S4258240200343210.flac,hi,S4258725600395882,/Users/adityasingh/Projects/Vocal-X/data_pipeline/raw/mr/mr_002_S4258725600395882.flac,marathi,different_speaker,-0.3770884039760909
S4258240200343210,data_pipeline/raw/hi/hi_008_S4258240200343210.flac,hi,S4258725600395882,/Users/adityasingh/Projects/Vocal-X/data_pipeline/raw/mr/mr_003_S4258725600395882.flac,marathi,different_speaker,-0.4540122296191057
S4258240200343210,data_pipeline/raw/hi/hi_008_S4258240200343210.flac,hi,S4257020900340702,/Users/adityasingh/Projects/Vocal-X/data_pipeline/raw/mr/mr_004_S4257020900340702.flac,marathi,different_speaker,0.27498773497643575
S4258240200343210,data_pipeline/raw/hi/hi_008_S4258240200343210.flac,hi,S4257020900340702,/Users/adityasingh/Projects/Vocal-X/data_pipeline/raw/mr/mr_005_S4257020900340702.flac,marathi,different_speaker,0.34742035347364314
S4258240200343210,data_pipeline/raw/hi/hi_008_S4258240200343210.flac,hi,S4257020900340702,/Users/adityasingh/Projects/Vocal-X/data_pipeline/raw/mr/mr_006_S4257020900340702.flac,marathi,different_speaker,0.35584296653031416
S4258240200343210,data_pipeline/raw/hi/hi_008_S4258240200343210.flac,hi,S4259734500395875,/Users/adityasingh/Projects/Vocal-X/data_pipeline/raw/mr/mr_007_S4259734500395875.flac,marathi,different_speaker,-0.08561037290760688
S4258240200343210,data_pipeline/raw/hi/hi_008_S4258240200343210.flac,hi,S4259734500395875,/Users/adityasingh/Projects/Vocal-X/data_pipeline/raw/mr/mr_008_S4259734500395875.flac,marathi,different_speaker,-0.39376981227269514
S4258240200343210,data_pipeline/raw/hi/hi_008_S4258240200343210.flac,hi,S4259734500395875,/Users/adityasingh/Projects/Vocal-X/data_pipeline/raw/mr/mr_009_S4259734500395875.flac,marathi,different_speaker,-0.362299089471318
S4258240200343210,data_pipeline/raw/hi/hi_008_S4258240200343210.flac,hi,S4257242800308984,/Users/adityasingh/Projects/Vocal-X/data_pipeline/raw/mr/mr_010_S4257242800308984.flac,marathi,different_speaker,-0.32655310914421654
S4258240200343210,data_pipeline/raw/hi/hi_008_S4258240200343210.flac,hi,S4257242800308984,/Users/adityasingh/Projects/Vocal-X/data_pipeline/raw/mr/mr_011_S4257242800308984.flac,marathi,different_speaker,-0.1935966388096863
S4258240200343210,data_pipeline/raw/hi/hi_008_S4258240200343210.flac,hi,S4257242800308984,/Users/adityasingh/Projects/Vocal-X/data_pipeline/raw/mr/mr_012_S4257242800308984.flac,marathi,different_speaker,0.4735741697134352
S4258240200343210,data_pipeline/raw/hi/hi_008_S4258240200343210.flac,hi,S4258045600338732,/Users/adityasingh/Projects/Vocal-X/data_pipeline/raw/mr/mr_013_S4258045600338732.flac,marathi,different_speaker,-0.49719192673403073
S4258240200343210,data_pipeline/raw/hi/hi_008_S4258240200343210.flac,hi,S4258045600338732,/Users/adityasingh/Projects/Vocal-X/data_pipeline/raw/mr/mr_014_S4258045600338732.flac,marathi,different_speaker,-0.537152535394638
S4258240200343210,data_pipeline/raw/hi/hi_008_S4258240200343210.flac,hi,S4258045600338732,/Users/adityasingh/Projects/Vocal-X/data_pipeline/raw/mr/mr_015_S4258045600338732.flac,marathi,different_speaker,-0.3333328847587937
S4258240200343210,data_pipeline/raw/hi/hi_009_S4258240200343210.flac,hi,S4259552600341552,data_pipeline/raw/hi/hi_010_S4259552600341552.flac,hi,different_speaker,-0.0942833594006453
S4258240200343210,data_pipeline/raw/hi/hi_009_S4258240200343210.flac,hi,S4259552600341552,data_pipeline/raw/hi/hi_011_S4259552600341552.flac,hi,different_speaker,-0.10745820299424003
S4258240200343210,data_pipeline/raw/hi/hi_009_S4258240200343210.flac,hi,S4259552600341552,data_pipeline/raw/hi/hi_012_S4259552600341552.flac,hi,different_speaker,-0.4232518891916674
S4258240200343210,data_pipeline/raw/hi/hi_009_S4258240200343210.flac,hi,S4259918700378788,data_pipeline/raw/hi/hi_013_S4259918700378788.flac,hi,different_speaker,-0.016128933385212284
S4258240200343210,data_pipeline/raw/hi/hi_009_S4258240200343210.flac,hi,S4259918700378788,data_pipeline/raw/hi/hi_014_S4259918700378788.flac,hi,different_speaker,0.08743891834131916
S4258240200343210,data_pipeline/raw/hi/hi_009_S4258240200343210.flac,hi,S4259918700378788,data_pipeline/raw/hi/hi_015_S4259918700378788.flac,hi,different_speaker,0.0035753317081364377
S4258240200343210,data_pipeline/raw/hi/hi_009_S4258240200343210.flac,hi,S4259758000344036,/Users/adityasingh/Projects/Vocal-X/data_pipeline/raw/bn/bn_001_S4259758000344036.flac,bengali,different_speaker,-0.17284307742482113
S4258240200343210,data_pipeline/raw/hi/hi_009_S4258240200343210.flac,hi,S4259758000344036,/Users/adityasingh/Projects/Vocal-X/data_pipeline/raw/bn/bn_002_S4259758000344036.flac,bengali,different_speaker,0.020153934033779138
S4258240200343210,data_pipeline/raw/hi/hi_009_S4258240200343210.flac,hi,S4259758000344036,/Users/adityasingh/Projects/Vocal-X/data_pipeline/raw/bn/bn_003_S4259758000344036.flac,bengali,different_speaker,0.23498337686939785
S4258240200343210,data_pipeline/raw/hi/hi_009_S4258240200343210.flac,hi,S4257409800358613,/Users/adityasingh/Projects/Vocal-X/data_pipeline/raw/bn/bn_004_S4257409800358613.flac,bengali,different_speaker,-0.40185861458590316
S4258240200343210,data_pipeline/raw/hi/hi_009_S4258240200343210.flac,hi,S4257409800358613,/Users/adityasingh/Projects/Vocal-X/data_pipeline/raw/bn/bn_005_S4257409800358613.flac,bengali,different_speaker,-0.526386482649583
S4258240200343210,data_pipeline/raw/hi/hi_009_S4258240200343210.flac,hi,S4257409800358613,/Users/adityasingh/Projects/Vocal-X/data_pipeline/raw/bn/bn_006_S4257409800358613.flac,bengali,different_speaker,-0.49982767957267804
S4258240200343210,data_pipeline/raw/hi/hi_009_S4258240200343210.flac,hi,S4259674400304151,/Users/adityasingh/Projects/Vocal-X/data_pipeline/raw/bn/bn_007_S4259674400304151.flac,bengali,different_speaker,0.16052447159415373
S4258240200343210,data_pipeline/raw/hi/hi_009_S4258240200343210.flac,hi,S4259674400304151,/Users/adityasingh/Projects/Vocal-X/data_pipeline/raw/bn/bn_008_S4259674400304151.flac,bengali,different_speaker,0.14786792696384737
S4258240200343210,data_pipeline/raw/hi/hi_009_S4258240200343210.flac,hi,S4259674400304151,/Users/adityasingh/Projects/Vocal-X/data_pipeline/raw/bn/bn_009_S4259674400304151.flac,bengali,different_speaker,-0.011764452076611696
S4258240200343210,data_pipeline/raw/hi/hi_009_S4258240200343210.flac,hi,S4256944600325233,/Users/adityasingh/Projects/Vocal-X/data_pipeline/raw/bn/bn_010_S4256944600325233.flac,bengali,different_speaker,-0.5231751170742966
S4258240200343210,data_pipeline/raw/hi/hi_009_S4258240200343210.flac,hi,S4256944600325233,/Users/adityasingh/Projects/Vocal-X/data_pipeline/raw/bn/bn_011_S4256944600325233.flac,bengali,different_speaker,-0.5668527804058208
S4258240200343210,data_pipeline/raw/hi/hi_009_S4258240200343210.flac,hi,S4256944600325233,/Users/adityasingh/Projects/Vocal-X/data_pipeline/raw/bn/bn_012_S4256944600325233.flac,bengali,different_speaker,-0.37335726452502976
S4258240200343210,data_pipeline/raw/hi/hi_009_S4258240200343210.flac,hi,S4258791300331826,/Users/adityasingh/Projects/Vocal-X/data_pipeline/raw/bn/bn_013_S4258791300331826.flac,bengali,different_speaker,0.4830635239000418
S4258240200343210,data_pipeline/raw/hi/hi_009_S4258240200343210.flac,hi,S4258791300331826,/Users/adityasingh/Projects/Vocal-X/data_pipeline/raw/bn/bn_014_S4258791300331826.flac,bengali,different_speaker,0.31358036430542946
S4258240200343210,data_pipeline/raw/hi/hi_009_S4258240200343210.flac,hi,S4258791300331826,/Users/adityasingh/Projects/Vocal-X/data_pipeline/raw/bn/bn_015_S4258791300331826.flac,bengali,different_speaker,0.39512668416909447
S4258240200343210,data_pipeline/raw/hi/hi_009_S4258240200343210.flac,hi,S4258178900302423,/Users/adityasingh/Projects/Vocal-X/data_pipeline/raw/ta/ta_001_S4258178900302423.flac,tamil,different_speaker,0.04704515178733967
S4258240200343210,data_pipeline/raw/hi/hi_009_S4258240200343210.flac,hi,S4258178900302423,/Users/adityasingh/Projects/Vocal-X/data_pipeline/raw/ta/ta_002_S4258178900302423.flac,tamil,different_speaker,-0.22269667931859072
S4258240200343210,data_pipeline/raw/hi/hi_009_S4258240200343210.flac,hi,S4258178900302423,/Users/adityasingh/Projects/Vocal-X/data_pipeline/raw/ta/ta_003_S4258178900302423.flac,tamil,different_speaker,-0.20039952825161392
S4258240200343210,data_pipeline/raw/hi/hi_009_S4258240200343210.flac,hi,S4258116500302929,/Users/adityasingh/Projects/Vocal-X/data_pipeline/raw/ta/ta_004_S4258116500302929.flac,tamil,different_speaker,0.6002221058157313
S4258240200343210,data_pipeline/raw/hi/hi_009_S4258240200343210.flac,hi,S4258116500302929,/Users/adityasingh/Projects/Vocal-X/data_pipeline/raw/ta/ta_005_S4258116500302929.flac,tamil,different_speaker,0.49593907719064584
S4258240200343210,data_pipeline/raw/hi/hi_009_S4258240200343210.flac,hi,S4258116500302929,/Users/adityasingh/Projects/Vocal-X/data_pipeline/raw/ta/ta_006_S4258116500302929.flac,tamil,different_speaker,0.5299516653316101
S4258240200343210,data_pipeline/raw/hi/hi_009_S4258240200343210.flac,hi,S4259940500370780,/Users/adityasingh/Projects/Vocal-X/data_pipeline/raw/ta/ta_007_S4259940500370780.flac,tamil,different_speaker,0.01453445703240533
S4258240200343210,data_pipeline/raw/hi/hi_009_S4258240200343210.flac,hi,S4259940500370780,/Users/adityasingh/Projects/Vocal-X/data_pipeline/raw/ta/ta_008_S4259940500370780.flac,tamil,different_speaker,-0.18516501202130015
S4258240200343210,data_pipeline/raw/hi/hi_009_S4258240200343210.flac,hi,S4259940500370780,/Users/adityasingh/Projects/Vocal-X/data_pipeline/raw/ta/ta_009_S4259940500370780.flac,tamil,different_speaker,-0.3920171489205714
S4258240200343210,data_pipeline/raw/hi/hi_009_S4258240200343210.flac,hi,S4256668200339016,/Users/adityasingh/Projects/Vocal-X/data_pipeline/raw/ta/ta_010_S4256668200339016.flac,tamil,different_speaker,0.0977758373582122
S4258240200343210,data_pipeline/raw/hi/hi_009_S4258240200343210.flac,hi,S4256668200339016,/Users/adityasingh/Projects/Vocal-X/data_pipeline/raw/ta/ta_011_S4256668200339016.flac,tamil,different_speaker,0.31744660946410647
S4258240200343210,data_pipeline/raw/hi/hi_009_S4258240200343210.flac,hi,S4256668200339016,/Users/adityasingh/Projects/Vocal-X/data_pipeline/raw/ta/ta_012_S4256668200339016.flac,tamil,different_speaker,0.10221089914379408
S4258240200343210,data_pipeline/raw/hi/hi_009_S4258240200343210.flac,hi,S4259477200334929,/Users/adityasingh/Projects/Vocal-X/data_pipeline/raw/ta/ta_013_S4259477200334929.flac,tamil,different_speaker,0.09297005188606243
S4258240200343210,data_pipeline/raw/hi/hi_009_S4258240200343210.flac,hi,S4259477200334929,/Users/adityasingh/Projects/Vocal-X/data_pipeline/raw/ta/ta_014_S4259477200334929.flac,tamil,different_speaker,0.05506811757345893
S4258240200343210,data_pipeline/raw/hi/hi_009_S4258240200343210.flac,hi,S4259477200334929,/Users/adityasingh/Projects/Vocal-X/data_pipeline/raw/ta/ta_015_S4259477200334929.flac,tamil,different_speaker,0.23768496308678536
S4258240200343210,data_pipeline/raw/hi/hi_009_S4258240200343210.flac,hi,S4257363100302319,/Users/adityasingh/Projects/Vocal-X/data_pipeline/raw/te/te_001_S4257363100302319.flac,telugu,different_speaker,-0.1475168509006767
S4258240200343210,data_pipeline/raw/hi/hi_009_S4258240200343210.flac,hi,S4257363100302319,/Users/adityasingh/Projects/Vocal-X/data_pipeline/raw/te/te_002_S4257363100302319.flac,telugu,different_speaker,0.1417434686558232
S4258240200343210,data_pipeline/raw/hi/hi_009_S4258240200343210.flac,hi,S4257363100302319,/Users/adityasingh/Projects/Vocal-X/data_pipeline/raw/te/te_003_S4257363100302319.flac,telugu,different_speaker,-0.08867765844209642
S4258240200343210,data_pipeline/raw/hi/hi_009_S4258240200343210.flac,hi,S4259919200330829,/Users/adityasingh/Projects/Vocal-X/data_pipeline/raw/te/te_004_S4259919200330829.flac,telugu,different_speaker,-0.1657116672763371
S4258240200343210,data_pipeline/raw/hi/hi_009_S4258240200343210.flac,hi,S4259919200330829,/Users/adityasingh/Projects/Vocal-X/data_pipeline/raw/te/te_005_S4259919200330829.flac,telugu,different_speaker,-0.06910538164021723
S4258240200343210,data_pipeline/raw/hi/hi_009_S4258240200343210.flac,hi,S4259919200330829,/Users/adityasingh/Projects/Vocal-X/data_pipeline/raw/te/te_006_S4259919200330829.flac,telugu,different_speaker,-0.052513116329319806
S4258240200343210,data_pipeline/raw/hi/hi_009_S4258240200343210.flac,hi,S4259557300391493,/Users/adityasingh/Projects/Vocal-X/data_pipeline/raw/te/te_007_S4259557300391493.flac,telugu,different_speaker,-0.35565592875807367
S4258240200343210,data_pipeline/raw/hi/hi_009_S4258240200343210.flac,hi,S4259557300391493,/Users/adityasingh/Projects/Vocal-X/data_pipeline/raw/te/te_008_S4259557300391493.flac,telugu,different_speaker,-0.47784777062601747
S4258240200343210,data_pipeline/raw/hi/hi_009_S4258240200343210.flac,hi,S4259557300391493,/Users/adityasingh/Projects/Vocal-X/data_pipeline/raw/te/te_009_S4259557300391493.flac,telugu,different_speaker,0.14467174436043836
S4258240200343210,data_pipeline/raw/hi/hi_009_S4258240200343210.flac,hi,S4259010000375320,/Users/adityasingh/Projects/Vocal-X/data_pipeline/raw/te/te_010_S4259010000375320.flac,telugu,different_speaker,-0.7194572814438661
S4258240200343210,data_pipeline/raw/hi/hi_009_S4258240200343210.flac,hi,S4259010000375320,/Users/adityasingh/Projects/Vocal-X/data_pipeline/raw/te/te_011_S4259010000375320.flac,telugu,different_speaker,-0.5824938719347715
S4258240200343210,data_pipeline/raw/hi/hi_009_S4258240200343210.flac,hi,S4259010000375320,/Users/adityasingh/Projects/Vocal-X/data_pipeline/raw/te/te_012_S4259010000375320.flac,telugu,different_speaker,-0.5152312547052699
S4258240200343210,data_pipeline/raw/hi/hi_009_S4258240200343210.flac,hi,S4257321800337643,/Users/adityasingh/Projects/Vocal-X/data_pipeline/raw/te/te_013_S4257321800337643.flac,telugu,different_speaker,-0.2823111052820014
S4258240200343210,data_pipeline/raw/hi/hi_009_S4258240200343210.flac,hi,S4257321800337643,/Users/adityasingh/Projects/Vocal-X/data_pipeline/raw/te/te_014_S4257321800337643.flac,telugu,different_speaker,-0.21429745069508632
S4258240200343210,data_pipeline/raw/hi/hi_009_S4258240200343210.flac,hi,S4257321800337643,/Users/adityasingh/Projects/Vocal-X/data_pipeline/raw/te/te_015_S4257321800337643.flac,telugu,different_speaker,-0.4650572619474392
S4258240200343210,data_pipeline/raw/hi/hi_009_S4258240200343210.flac,hi,S4258725600395882,/Users/adityasingh/Projects/Vocal-X/data_pipeline/raw/mr/mr_001_S4258725600395882.flac,marathi,different_speaker,0.4490961191952722
S4258240200343210,data_pipeline/raw/hi/hi_009_S4258240200343210.flac,hi,S4258725600395882,/Users/adityasingh/Projects/Vocal-X/data_pipeline/raw/mr/mr_002_S4258725600395882.flac,marathi,different_speaker,0.031126397096170797
S4258240200343210,data_pipeline/raw/hi/hi_009_S4258240200343210.flac,hi,S4258725600395882,/Users/adityasingh/Projects/Vocal-X/data_pipeline/raw/mr/mr_003_S4258725600395882.flac,marathi,different_speaker,-0.27865139932845767
S4258240200343210,data_pipeline/raw/hi/hi_009_S4258240200343210.flac,hi,S4257020900340702,/Users/adityasingh/Projects/Vocal-X/data_pipeline/raw/mr/mr_004_S4257020900340702.flac,marathi,different_speaker,0.11231054453302493
S4258240200343210,data_pipeline/raw/hi/hi_009_S4258240200343210.flac,hi,S4257020900340702,/Users/adityasingh/Projects/Vocal-X/data_pipeline/raw/mr/mr_005_S4257020900340702.flac,marathi,different_speaker,0.1692376604811689
S4258240200343210,data_pipeline/raw/hi/hi_009_S4258240200343210.flac,hi,S4257020900340702,/Users/adityasingh/Projects/Vocal-X/data_pipeline/raw/mr/mr_006_S4257020900340702.flac,marathi,different_speaker,0.023052384530175964
S4258240200343210,data_pipeline/raw/hi/hi_009_S4258240200343210.flac,hi,S4259734500395875,/Users/adityasingh/Projects/Vocal-X/data_pipeline/raw/mr/mr_007_S4259734500395875.flac,marathi,different_speaker,0.27386809125122485
S4258240200343210,data_pipeline/raw/hi/hi_009_S4258240200343210.flac,hi,S4259734500395875,/Users/adityasingh/Projects/Vocal-X/data_pipeline/raw/mr/mr_008_S4259734500395875.flac,marathi,different_speaker,-0.24526883709819045
S4258240200343210,data_pipeline/raw/hi/hi_009_S4258240200343210.flac,hi,S4259734500395875,/Users/adityasingh/Projects/Vocal-X/data_pipeline/raw/mr/mr_009_S4259734500395875.flac,marathi,different_speaker,-0.1257889236128141
S4258240200343210,data_pipeline/raw/hi/hi_009_S4258240200343210.flac,hi,S4257242800308984,/Users/adityasingh/Projects/Vocal-X/data_pipeline/raw/mr/mr_010_S4257242800308984.flac,marathi,different_speaker,-0.11792843604400058
S4258240200343210,data_pipeline/raw/hi/hi_009_S4258240200343210.flac,hi,S4257242800308984,/Users/adityasingh/Projects/Vocal-X/data_pipeline/raw/mr/mr_011_S4257242800308984.flac,marathi,different_speaker,0.11496614225545848
S4258240200343210,data_pipeline/raw/hi/hi_009_S4258240200343210.flac,hi,S4257242800308984,/Users/adityasingh/Projects/Vocal-X/data_pipeline/raw/mr/mr_012_S4257242800308984.flac,marathi,different_speaker,0.16152019939187745
S4258240200343210,data_pipeline/raw/hi/hi_009_S4258240200343210.flac,hi,S4258045600338732,/Users/adityasingh/Projects/Vocal-X/data_pipeline/raw/mr/mr_013_S4258045600338732.flac,marathi,different_speaker,-0.31957531422459445
S4258240200343210,data_pipeline/raw/hi/hi_009_S4258240200343210.flac,hi,S4258045600338732,/Users/adityasingh/Projects/Vocal-X/data_pipeline/raw/mr/mr_014_S4258045600338732.flac,marathi,different_speaker,-0.49225937486696636
S4258240200343210,data_pipeline/raw/hi/hi_009_S4258240200343210.flac,hi,S4258045600338732,/Users/adityasingh/Projects/Vocal-X/data_pipeline/raw/mr/mr_015_S4258045600338732.flac,marathi,different_speaker,-0.4102464922855036
S4259552600341552,data_pipeline/raw/hi/hi_010_S4259552600341552.flac,hi,S4259552600341552,data_pipeline/raw/hi/hi_011_S4259552600341552.flac,hi,same_speaker,0.1520278000468082
S4259552600341552,data_pipeline/raw/hi/hi_010_S4259552600341552.flac,hi,S4259552600341552,data_pipeline/raw/hi/hi_012_S4259552600341552.flac,hi,same_speaker,0.5755190440473792
S4259552600341552,data_pipeline/raw/hi/hi_010_S4259552600341552.flac,hi,S4259918700378788,data_pipeline/raw/hi/hi_013_S4259918700378788.flac,hi,different_speaker,0.13456620901806052
S4259552600341552,data_pipeline/raw/hi/hi_010_S4259552600341552.flac,hi,S4259918700378788,data_pipeline/raw/hi/hi_014_S4259918700378788.flac,hi,different_speaker,0.012968258613760247
S4259552600341552,data_pipeline/raw/hi/hi_010_S4259552600341552.flac,hi,S4259918700378788,data_pipeline/raw/hi/hi_015_S4259918700378788.flac,hi,different_speaker,-0.020960025880256805
S4259552600341552,data_pipeline/raw/hi/hi_010_S4259552600341552.flac,hi,S4259758000344036,/Users/adityasingh/Projects/Vocal-X/data_pipeline/raw/bn/bn_001_S4259758000344036.flac,bengali,different_speaker,-0.029666968795317876
S4259552600341552,data_pipeline/raw/hi/hi_010_S4259552600341552.flac,hi,S4259758000344036,/Users/adityasingh/Projects/Vocal-X/data_pipeline/raw/bn/bn_002_S4259758000344036.flac,bengali,different_speaker,-0.053489869235324686
S4259552600341552,data_pipeline/raw/hi/hi_010_S4259552600341552.flac,hi,S4259758000344036,/Users/adityasingh/Projects/Vocal-X/data_pipeline/raw/bn/bn_003_S4259758000344036.flac,bengali,different_speaker,-0.05550982669516635
S4259552600341552,data_pipeline/raw/hi/hi_010_S4259552600341552.flac,hi,S4257409800358613,/Users/adityasingh/Projects/Vocal-X/data_pipeline/raw/bn/bn_004_S4257409800358613.flac,bengali,different_speaker,0.2292945116304244
S4259552600341552,data_pipeline/raw/hi/hi_010_S4259552600341552.flac,hi,S4257409800358613,/Users/adityasingh/Projects/Vocal-X/data_pipeline/raw/bn/bn_005_S4257409800358613.flac,bengali,different_speaker,-0.19509385430784093
S4259552600341552,data_pipeline/raw/hi/hi_010_S4259552600341552.flac,hi,S4257409800358613,/Users/adityasingh/Projects/Vocal-X/data_pipeline/raw/bn/bn_006_S4257409800358613.flac,bengali,different_speaker,-0.1301444998152677
S4259552600341552,data_pipeline/raw/hi/hi_010_S4259552600341552.flac,hi,S4259674400304151,/Users/adityasingh/Projects/Vocal-X/data_pipeline/raw/bn/bn_007_S4259674400304151.flac,bengali,different_speaker,0.1848038442907505
S4259552600341552,data_pipeline/raw/hi/hi_010_S4259552600341552.flac,hi,S4259674400304151,/Users/adityasingh/Projects/Vocal-X/data_pipeline/raw/bn/bn_008_S4259674400304151.flac,bengali,different_speaker,0.2784174218480182
S4259552600341552,data_pipeline/raw/hi/hi_010_S4259552600341552.flac,hi,S4259674400304151,/Users/adityasingh/Projects/Vocal-X/data_pipeline/raw/bn/bn_009_S4259674400304151.flac,bengali,different_speaker,0.40220386896181387
S4259552600341552,data_pipeline/raw/hi/hi_010_S4259552600341552.flac,hi,S4256944600325233,/Users/adityasingh/Projects/Vocal-X/data_pipeline/raw/bn/bn_010_S4256944600325233.flac,bengali,different_speaker,-0.02270225963250983
S4259552600341552,data_pipeline/raw/hi/hi_010_S4259552600341552.flac,hi,S4256944600325233,/Users/adityasingh/Projects/Vocal-X/data_pipeline/raw/bn/bn_011_S4256944600325233.flac,bengali,different_speaker,-0.21608280631305032
S4259552600341552,data_pipeline/raw/hi/hi_010_S4259552600341552.flac,hi,S4256944600325233,/Users/adityasingh/Projects/Vocal-X/data_pipeline/raw/bn/bn_012_S4256944600325233.flac,bengali,different_speaker,-0.18594557566009334
S4259552600341552,data_pipeline/raw/hi/hi_010_S4259552600341552.flac,hi,S4258791300331826,/Users/adityasingh/Projects/Vocal-X/data_pipeline/raw/bn/bn_013_S4258791300331826.flac,bengali,different_speaker,0.2550042667826046
S4259552600341552,data_pipeline/raw/hi/hi_010_S4259552600341552.flac,hi,S4258791300331826,/Users/adityasingh/Projects/Vocal-X/data_pipeline/raw/bn/bn_014_S4258791300331826.flac,bengali,different_speaker,0.14876738246383697
S4259552600341552,data_pipeline/raw/hi/hi_010_S4259552600341552.flac,hi,S4258791300331826,/Users/adityasingh/Projects/Vocal-X/data_pipeline/raw/bn/bn_015_S4258791300331826.flac,bengali,different_speaker,0.06684389115136839
S4259552600341552,data_pipeline/raw/hi/hi_010_S4259552600341552.flac,hi,S4258178900302423,/Users/adityasingh/Projects/Vocal-X/data_pipeline/raw/ta/ta_001_S4258178900302423.flac,tamil,different_speaker,0.5342353991599164
S4259552600341552,data_pipeline/raw/hi/hi_010_S4259552600341552.flac,hi,S4258178900302423,/Users/adityasingh/Projects/Vocal-X/data_pipeline/raw/ta/ta_002_S4258178900302423.flac,tamil,different_speaker,0.27676356250170064
S4259552600341552,data_pipeline/raw/hi/hi_010_S4259552600341552.flac,hi,S4258178900302423,/Users/adityasingh/Projects/Vocal-X/data_pipeline/raw/ta/ta_003_S4258178900302423.flac,tamil,different_speaker,0.3867342338867525
S4259552600341552,data_pipeline/raw/hi/hi_010_S4259552600341552.flac,hi,S4258116500302929,/Users/adityasingh/Projects/Vocal-X/data_pipeline/raw/ta/ta_004_S4258116500302929.flac,tamil,different_speaker,-0.3316850441840121
S4259552600341552,data_pipeline/raw/hi/hi_010_S4259552600341552.flac,hi,S4258116500302929,/Users/adityasingh/Projects/Vocal-X/data_pipeline/raw/ta/ta_005_S4258116500302929.flac,tamil,different_speaker,-0.40251598267149613
S4259552600341552,data_pipeline/raw/hi/hi_010_S4259552600341552.flac,hi,S4258116500302929,/Users/adityasingh/Projects/Vocal-X/data_pipeline/raw/ta/ta_006_S4258116500302929.flac,tamil,different_speaker,-0.340742730668057
S4259552600341552,data_pipeline/raw/hi/hi_010_S4259552600341552.flac,hi,S4259940500370780,/Users/adityasingh/Projects/Vocal-X/data_pipeline/raw/ta/ta_007_S4259940500370780.flac,tamil,different_speaker,0.061145611838723246
S4259552600341552,data_pipeline/raw/hi/hi_010_S4259552600341552.flac,hi,S4259940500370780,/Users/adityasingh/Projects/Vocal-X/data_pipeline/raw/ta/ta_008_S4259940500370780.flac,tamil,different_speaker,0.09775952255114688
S4259552600341552,data_pipeline/raw/hi/hi_010_S4259552600341552.flac,hi,S4259940500370780,/Users/adityasingh/Projects/Vocal-X/data_pipeline/raw/ta/ta_009_S4259940500370780.flac,tamil,different_speaker,0.4534545791112627
S4259552600341552,data_pipeline/raw/hi/hi_010_S4259552600341552.flac,hi,S4256668200339016,/Users/adityasingh/Projects/Vocal-X/data_pipeline/raw/ta/ta_010_S4256668200339016.flac,tamil,different_speaker,-0.12695219379928405
S4259552600341552,data_pipeline/raw/hi/hi_010_S4259552600341552.flac,hi,S4256668200339016,/Users/adityasingh/Projects/Vocal-X/data_pipeline/raw/ta/ta_011_S4256668200339016.flac,tamil,different_speaker,0.010305580174219555
S4259552600341552,data_pipeline/raw/hi/hi_010_S4259552600341552.flac,hi,S4256668200339016,/Users/adityasingh/Projects/Vocal-X/data_pipeline/raw/ta/ta_012_S4256668200339016.flac,tamil,different_speaker,-0.1143549668721583
S4259552600341552,data_pipeline/raw/hi/hi_010_S4259552600341552.flac,hi,S4259477200334929,/Users/adityasingh/Projects/Vocal-X/data_pipeline/raw/ta/ta_013_S4259477200334929.flac,tamil,different_speaker,-0.5465900872482332
S4259552600341552,data_pipeline/raw/hi/hi_010_S4259552600341552.flac,hi,S4259477200334929,/Users/adityasingh/Projects/Vocal-X/data_pipeline/raw/ta/ta_014_S4259477200334929.flac,tamil,different_speaker,-0.40878503189533205
S4259552600341552,data_pipeline/raw/hi/hi_010_S4259552600341552.flac,hi,S4259477200334929,/Users/adityasingh/Projects/Vocal-X/data_pipeline/raw/ta/ta_015_S4259477200334929.flac,tamil,different_speaker,-0.5560217695534129
S4259552600341552,data_pipeline/raw/hi/hi_010_S4259552600341552.flac,hi,S4257363100302319,/Users/adityasingh/Projects/Vocal-X/data_pipeline/raw/te/te_001_S4257363100302319.flac,telugu,different_speaker,-0.5965016100551319
S4259552600341552,data_pipeline/raw/hi/hi_010_S4259552600341552.flac,hi,S4257363100302319,/Users/adityasingh/Projects/Vocal-X/data_pipeline/raw/te/te_002_S4257363100302319.flac,telugu,different_speaker,-0.5064151346551289
S4259552600341552,data_pipeline/raw/hi/hi_010_S4259552600341552.flac,hi,S4257363100302319,/Users/adityasingh/Projects/Vocal-X/data_pipeline/raw/te/te_003_S4257363100302319.flac,telugu,different_speaker,-0.5878927589055023
S4259552600341552,data_pipeline/raw/hi/hi_010_S4259552600341552.flac,hi,S4259919200330829,/Users/adityasingh/Projects/Vocal-X/data_pipeline/raw/te/te_004_S4259919200330829.flac,telugu,different_speaker,0.48527980361919115
S4259552600341552,data_pipeline/raw/hi/hi_010_S4259552600341552.flac,hi,S4259919200330829,/Users/adityasingh/Projects/Vocal-X/data_pipeline/raw/te/te_005_S4259919200330829.flac,telugu,different_speaker,0.12025847237034373
S4259552600341552,data_pipeline/raw/hi/hi_010_S4259552600341552.flac,hi,S4259919200330829,/Users/adityasingh/Projects/Vocal-X/data_pipeline/raw/te/te_006_S4259919200330829.flac,telugu,different_speaker,0.24776127381476454
S4259552600341552,data_pipeline/raw/hi/hi_010_S4259552600341552.flac,hi,S4259557300391493,/Users/adityasingh/Projects/Vocal-X/data_pipeline/raw/te/te_007_S4259557300391493.flac,telugu,different_speaker,0.07243722758216338
S4259552600341552,data_pipeline/raw/hi/hi_010_S4259552600341552.flac,hi,S4259557300391493,/Users/adityasingh/Projects/Vocal-X/data_pipeline/raw/te/te_008_S4259557300391493.flac,telugu,different_speaker,0.04258792850935176
S4259552600341552,data_pipeline/raw/hi/hi_010_S4259552600341552.flac,hi,S4259557300391493,/Users/adityasingh/Projects/Vocal-X/data_pipeline/raw/te/te_009_S4259557300391493.flac,telugu,different_speaker,-0.2967559140168548
S4259552600341552,data_pipeline/raw/hi/hi_010_S4259552600341552.flac,hi,S4259010000375320,/Users/adityasingh/Projects/Vocal-X/data_pipeline/raw/te/te_010_S4259010000375320.flac,telugu,different_speaker,0.07243676260103042
S4259552600341552,data_pipeline/raw/hi/hi_010_S4259552600341552.flac,hi,S4259010000375320,/Users/adityasingh/Projects/Vocal-X/data_pipeline/raw/te/te_011_S4259010000375320.flac,telugu,different_speaker,0.31278756578182254
S4259552600341552,data_pipeline/raw/hi/hi_010_S4259552600341552.flac,hi,S4259010000375320,/Users/adityasingh/Projects/Vocal-X/data_pipeline/raw/te/te_012_S4259010000375320.flac,telugu,different_speaker,0.2536155017412906
S4259552600341552,data_pipeline/raw/hi/hi_010_S4259552600341552.flac,hi,S4257321800337643,/Users/adityasingh/Projects/Vocal-X/data_pipeline/raw/te/te_013_S4257321800337643.flac,telugu,different_speaker,-0.27163530441619793
S4259552600341552,data_pipeline/raw/hi/hi_010_S4259552600341552.flac,hi,S4257321800337643,/Users/adityasingh/Projects/Vocal-X/data_pipeline/raw/te/te_014_S4257321800337643.flac,telugu,different_speaker,-0.2625563573384132
S4259552600341552,data_pipeline/raw/hi/hi_010_S4259552600341552.flac,hi,S4257321800337643,/Users/adityasingh/Projects/Vocal-X/data_pipeline/raw/te/te_015_S4257321800337643.flac,telugu,different_speaker,-0.26377414758227175
S4259552600341552,data_pipeline/raw/hi/hi_010_S4259552600341552.flac,hi,S4258725600395882,/Users/adityasingh/Projects/Vocal-X/data_pipeline/raw/mr/mr_001_S4258725600395882.flac,marathi,different_speaker,-0.05886710092864061
S4259552600341552,data_pipeline/raw/hi/hi_010_S4259552600341552.flac,hi,S4258725600395882,/Users/adityasingh/Projects/Vocal-X/data_pipeline/raw/mr/mr_002_S4258725600395882.flac,marathi,different_speaker,0.534122849541497
S4259552600341552,data_pipeline/raw/hi/hi_010_S4259552600341552.flac,hi,S4258725600395882,/Users/adityasingh/Projects/Vocal-X/data_pipeline/raw/mr/mr_003_S4258725600395882.flac,marathi,different_speaker,0.24059855158889504
S4259552600341552,data_pipeline/raw/hi/hi_010_S4259552600341552.flac,hi,S4257020900340702,/Users/adityasingh/Projects/Vocal-X/data_pipeline/raw/mr/mr_004_S4257020900340702.flac,marathi,different_speaker,-0.4352515209499939
S4259552600341552,data_pipeline/raw/hi/hi_010_S4259552600341552.flac,hi,S4257020900340702,/Users/adityasingh/Projects/Vocal-X/data_pipeline/raw/mr/mr_005_S4257020900340702.flac,marathi,different_speaker,-0.43214449865471705
S4259552600341552,data_pipeline/raw/hi/hi_010_S4259552600341552.flac,hi,S4257020900340702,/Users/adityasingh/Projects/Vocal-X/data_pipeline/raw/mr/mr_006_S4257020900340702.flac,marathi,different_speaker,-0.554216345752233
S4259552600341552,data_pipeline/raw/hi/hi_010_S4259552600341552.flac,hi,S4259734500395875,/Users/adityasingh/Projects/Vocal-X/data_pipeline/raw/mr/mr_007_S4259734500395875.flac,marathi,different_speaker,-0.02511044040582601
S4259552600341552,data_pipeline/raw/hi/hi_010_S4259552600341552.flac,hi,S4259734500395875,/Users/adityasingh/Projects/Vocal-X/data_pipeline/raw/mr/mr_008_S4259734500395875.flac,marathi,different_speaker,0.24267882887028644
S4259552600341552,data_pipeline/raw/hi/hi_010_S4259552600341552.flac,hi,S4259734500395875,/Users/adityasingh/Projects/Vocal-X/data_pipeline/raw/mr/mr_009_S4259734500395875.flac,marathi,different_speaker,0.47944796079792845
S4259552600341552,data_pipeline/raw/hi/hi_010_S4259552600341552.flac,hi,S4257242800308984,/Users/adityasingh/Projects/Vocal-X/data_pipeline/raw/mr/mr_010_S4257242800308984.flac,marathi,different_speaker,0.3338857436952645
S4259552600341552,data_pipeline/raw/hi/hi_010_S4259552600341552.flac,hi,S4257242800308984,/Users/adityasingh/Projects/Vocal-X/data_pipeline/raw/mr/mr_011_S4257242800308984.flac,marathi,different_speaker,0.755932396700649
S4259552600341552,data_pipeline/raw/hi/hi_010_S4259552600341552.flac,hi,S4257242800308984,/Users/adityasingh/Projects/Vocal-X/data_pipeline/raw/mr/mr_012_S4257242800308984.flac,marathi,different_speaker,-0.1303514721030425
S4259552600341552,data_pipeline/raw/hi/hi_010_S4259552600341552.flac,hi,S4258045600338732,/Users/adityasingh/Projects/Vocal-X/data_pipeline/raw/mr/mr_013_S4258045600338732.flac,marathi,different_speaker,-0.334679528057933
S4259552600341552,data_pipeline/raw/hi/hi_010_S4259552600341552.flac,hi,S4258045600338732,/Users/adityasingh/Projects/Vocal-X/data_pipeline/raw/mr/mr_014_S4258045600338732.flac,marathi,different_speaker,-0.3456623438627925
S4259552600341552,data_pipeline/raw/hi/hi_010_S4259552600341552.flac,hi,S4258045600338732,/Users/adityasingh/Projects/Vocal-X/data_pipeline/raw/mr/mr_015_S4258045600338732.flac,marathi,different_speaker,-0.11565342955119831
S4259552600341552,data_pipeline/raw/hi/hi_011_S4259552600341552.flac,hi,S4259552600341552,data_pipeline/raw/hi/hi_012_S4259552600341552.flac,hi,same_speaker,0.599745993820105
S4259552600341552,data_pipeline/raw/hi/hi_011_S4259552600341552.flac,hi,S4259918700378788,data_pipeline/raw/hi/hi_013_S4259918700378788.flac,hi,different_speaker,-0.2865549891462126
S4259552600341552,data_pipeline/raw/hi/hi_011_S4259552600341552.flac,hi,S4259918700378788,data_pipeline/raw/hi/hi_014_S4259918700378788.flac,hi,different_speaker,-0.2099797378157569
S4259552600341552,data_pipeline/raw/hi/hi_011_S4259552600341552.flac,hi,S4259918700378788,data_pipeline/raw/hi/hi_015_S4259918700378788.flac,hi,different_speaker,-0.16952514388385992
S4259552600341552,data_pipeline/raw/hi/hi_011_S4259552600341552.flac,hi,S4259758000344036,/Users/adityasingh/Projects/Vocal-X/data_pipeline/raw/bn/bn_001_S4259758000344036.flac,bengali,different_speaker,-0.47816080121058063
S4259552600341552,data_pipeline/raw/hi/hi_011_S4259552600341552.flac,hi,S4259758000344036,/Users/adityasingh/Projects/Vocal-X/data_pipeline/raw/bn/bn_002_S4259758000344036.flac,bengali,different_speaker,-0.5162406832524191
S4259552600341552,data_pipeline/raw/hi/hi_011_S4259552600341552.flac,hi,S4259758000344036,/Users/adityasingh/Projects/Vocal-X/data_pipeline/raw/bn/bn_003_S4259758000344036.flac,bengali,different_speaker,-0.4083080568413146
S4259552600341552,data_pipeline/raw/hi/hi_011_S4259552600341552.flac,hi,S4257409800358613,/Users/adityasingh/Projects/Vocal-X/data_pipeline/raw/bn/bn_004_S4257409800358613.flac,bengali,different_speaker,0.4309590306513632
S4259552600341552,data_pipeline/raw/hi/hi_011_S4259552600341552.flac,hi,S4257409800358613,/Users/adityasingh/Projects/Vocal-X/data_pipeline/raw/bn/bn_005_S4257409800358613.flac,bengali,different_speaker,0.1022998606048286
S4259552600341552,data_pipeline/raw/hi/hi_011_S4259552600341552.flac,hi,S4257409800358613,/Users/adityasingh/Projects/Vocal-X/data_pipeline/raw/bn/bn_006_S4257409800358613.flac,bengali,different_speaker,0.2752028193305319
S4259552600341552,data_pipeline/raw/hi/hi_011_S4259552600341552.flac,hi,S4259674400304151,/Users/adityasingh/Projects/Vocal-X/data_pipeline/raw/bn/bn_007_S4259674400304151.flac,bengali,different_speaker,-0.032024237358268696
S4259552600341552,data_pipeline/raw/hi/hi_011_S4259552600341552.flac,hi,S4259674400304151,/Users/adityasingh/Projects/Vocal-X/data_pipeline/raw/bn/bn_008_S4259674400304151.flac,bengali,different_speaker,0.07843247666023717
S4259552600341552,data_pipeline/raw/hi/hi_011_S4259552600341552.flac,hi,S4259674400304151,/Users/adityasingh/Projects/Vocal-X/data_pipeline/raw/bn/bn_009_S4259674400304151.flac,bengali,different_speaker,0.19507047417852832
S4259552600341552,data_pipeline/raw/hi/hi_011_S4259552600341552.flac,hi,S4256944600325233,/Users/adityasingh/Projects/Vocal-X/data_pipeline/raw/bn/bn_010_S4256944600325233.flac,bengali,different_speaker,-0.03518604292227979
S4259552600341552,data_pipeline/raw/hi/hi_011_S4259552600341552.flac,hi,S4256944600325233,/Users/adityasingh/Projects/Vocal-X/data_pipeline/raw/bn/bn_011_S4256944600325233.flac,bengali,different_speaker,0.16595571682650379
S4259552600341552,data_pipeline/raw/hi/hi_011_S4259552600341552.flac,hi,S4256944600325233,/Users/adityasingh/Projects/Vocal-X/data_pipeline/raw/bn/bn_012_S4256944600325233.flac,bengali,different_speaker,-0.003802739720369955
S4259552600341552,data_pipeline/raw/hi/hi_011_S4259552600341552.flac,hi,S4258791300331826,/Users/adityasingh/Projects/Vocal-X/data_pipeline/raw/bn/bn_013_S4258791300331826.flac,bengali,different_speaker,-0.2027705454324968
S4259552600341552,data_pipeline/raw/hi/hi_011_S4259552600341552.flac,hi,S4258791300331826,/Users/adityasingh/Projects/Vocal-X/data_pipeline/raw/bn/bn_014_S4258791300331826.flac,bengali,different_speaker,-0.17808497024062878
S4259552600341552,data_pipeline/raw/hi/hi_011_S4259552600341552.flac,hi,S4258791300331826,/Users/adityasingh/Projects/Vocal-X/data_pipeline/raw/bn/bn_015_S4258791300331826.flac,bengali,different_speaker,-0.2989396717377512
S4259552600341552,data_pipeline/raw/hi/hi_011_S4259552600341552.flac,hi,S4258178900302423,/Users/adityasingh/Projects/Vocal-X/data_pipeline/raw/ta/ta_001_S4258178900302423.flac,tamil,different_speaker,0.2906784018068561
S4259552600341552,data_pipeline/raw/hi/hi_011_S4259552600341552.flac,hi,S4258178900302423,/Users/adityasingh/Projects/Vocal-X/data_pipeline/raw/ta/ta_002_S4258178900302423.flac,tamil,different_speaker,0.3949186644767692
S4259552600341552,data_pipeline/raw/hi/hi_011_S4259552600341552.flac,hi,S4258178900302423,/Users/adityasingh/Projects/Vocal-X/data_pipeline/raw/ta/ta_003_S4258178900302423.flac,tamil,different_speaker,0.458005756528158
S4259552600341552,data_pipeline/raw/hi/hi_011_S4259552600341552.flac,hi,S4258116500302929,/Users/adityasingh/Projects/Vocal-X/data_pipeline/raw/ta/ta_004_S4258116500302929.flac,tamil,different_speaker,-0.2742363254742543
S4259552600341552,data_pipeline/raw/hi/hi_011_S4259552600341552.flac,hi,S4258116500302929,/Users/adityasingh/Projects/Vocal-X/data_pipeline/raw/ta/ta_005_S4258116500302929.flac,tamil,different_speaker,-0.3177243641355732
S4259552600341552,data_pipeline/raw/hi/hi_011_S4259552600341552.flac,hi,S4258116500302929,/Users/adityasingh/Projects/Vocal-X/data_pipeline/raw/ta/ta_006_S4258116500302929.flac,tamil,different_speaker,-0.20374524272708897
S4259552600341552,data_pipeline/raw/hi/hi_011_S4259552600341552.flac,hi,S4259940500370780,/Users/adityasingh/Projects/Vocal-X/data_pipeline/raw/ta/ta_007_S4259940500370780.flac,tamil,different_speaker,0.6940535045744495
S4259552600341552,data_pipeline/raw/hi/hi_011_S4259552600341552.flac,hi,S4259940500370780,/Users/adityasingh/Projects/Vocal-X/data_pipeline/raw/ta/ta_008_S4259940500370780.flac,tamil,different_speaker,-0.06705794147325103
S4259552600341552,data_pipeline/raw/hi/hi_011_S4259552600341552.flac,hi,S4259940500370780,/Users/adityasingh/Projects/Vocal-X/data_pipeline/raw/ta/ta_009_S4259940500370780.flac,tamil,different_speaker,0.17817004891141155
S4259552600341552,data_pipeline/raw/hi/hi_011_S4259552600341552.flac,hi,S4256668200339016,/Users/adityasingh/Projects/Vocal-X/data_pipeline/raw/ta/ta_010_S4256668200339016.flac,tamil,different_speaker,-0.3036105812909022
S4259552600341552,data_pipeline/raw/hi/hi_011_S4259552600341552.flac,hi,S4256668200339016,/Users/adityasingh/Projects/Vocal-X/data_pipeline/raw/ta/ta_011_S4256668200339016.flac,tamil,different_speaker,-0.08506251169549957
S4259552600341552,data_pipeline/raw/hi/hi_011_S4259552600341552.flac,hi,S4256668200339016,/Users/adityasingh/Projects/Vocal-X/data_pipeline/raw/ta/ta_012_S4256668200339016.flac,tamil,different_speaker,-0.13711528943478266
S4259552600341552,data_pipeline/raw/hi/hi_011_S4259552600341552.flac,hi,S4259477200334929,/Users/adityasingh/Projects/Vocal-X/data_pipeline/raw/ta/ta_013_S4259477200334929.flac,tamil,different_speaker,-0.5653614976669455
S4259552600341552,data_pipeline/raw/hi/hi_011_S4259552600341552.flac,hi,S4259477200334929,/Users/adityasingh/Projects/Vocal-X/data_pipeline/raw/ta/ta_014_S4259477200334929.flac,tamil,different_speaker,-0.6558021399420864
S4259552600341552,data_pipeline/raw/hi/hi_011_S4259552600341552.flac,hi,S4259477200334929,/Users/adityasingh/Projects/Vocal-X/data_pipeline/raw/ta/ta_015_S4259477200334929.flac,tamil,different_speaker,-0.5103332136559692
S4259552600341552,data_pipeline/raw/hi/hi_011_S4259552600341552.flac,hi,S4257363100302319,/Users/adityasingh/Projects/Vocal-X/data_pipeline/raw/te/te_001_S4257363100302319.flac,telugu,different_speaker,-0.022764321387875104
S4259552600341552,data_pipeline/raw/hi/hi_011_S4259552600341552.flac,hi,S4257363100302319,/Users/adityasingh/Projects/Vocal-X/data_pipeline/raw/te/te_002_S4257363100302319.flac,telugu,different_speaker,0.20153196064006837
S4259552600341552,data_pipeline/raw/hi/hi_011_S4259552600341552.flac,hi,S4257363100302319,/Users/adityasingh/Projects/Vocal-X/data_pipeline/raw/te/te_003_S4257363100302319.flac,telugu,different_speaker,-0.11170082252026631
S4259552600341552,data_pipeline/raw/hi/hi_011_S4259552600341552.flac,hi,S4259919200330829,/Users/adityasingh/Projects/Vocal-X/data_pipeline/raw/te/te_004_S4259919200330829.flac,telugu,different_speaker,0.5630004395248106
S4259552600341552,data_pipeline/raw/hi/hi_011_S4259552600341552.flac,hi,S4259919200330829,/Users/adityasingh/Projects/Vocal-X/data_pipeline/raw/te/te_005_S4259919200330829.flac,telugu,different_speaker,0.3133080781186708
S4259552600341552,data_pipeline/raw/hi/hi_011_S4259552600341552.flac,hi,S4259919200330829,/Users/adityasingh/Projects/Vocal-X/data_pipeline/raw/te/te_006_S4259919200330829.flac,telugu,different_speaker,0.5310170363660316
S4259552600341552,data_pipeline/raw/hi/hi_011_S4259552600341552.flac,hi,S4259557300391493,/Users/adityasingh/Projects/Vocal-X/data_pipeline/raw/te/te_007_S4259557300391493.flac,telugu,different_speaker,0.595778882343898
S4259552600341552,data_pipeline/raw/hi/hi_011_S4259552600341552.flac,hi,S4259557300391493,/Users/adityasingh/Projects/Vocal-X/data_pipeline/raw/te/te_008_S4259557300391493.flac,telugu,different_speaker,0.329295147527984
S4259552600341552,data_pipeline/raw/hi/hi_011_S4259552600341552.flac,hi,S4259557300391493,/Users/adityasingh/Projects/Vocal-X/data_pipeline/raw/te/te_009_S4259557300391493.flac,telugu,different_speaker,0.3327618719222938
S4259552600341552,data_pipeline/raw/hi/hi_011_S4259552600341552.flac,hi,S4259010000375320,/Users/adityasingh/Projects/Vocal-X/data_pipeline/raw/te/te_010_S4259010000375320.flac,telugu,different_speaker,0.38774426471860934
S4259552600341552,data_pipeline/raw/hi/hi_011_S4259552600341552.flac,hi,S4259010000375320,/Users/adityasingh/Projects/Vocal-X/data_pipeline/raw/te/te_011_S4259010000375320.flac,telugu,different_speaker,0.19163754426274637
S4259552600341552,data_pipeline/raw/hi/hi_011_S4259552600341552.flac,hi,S4259010000375320,/Users/adityasingh/Projects/Vocal-X/data_pipeline/raw/te/te_012_S4259010000375320.flac,telugu,different_speaker,0.1602719392745058
S4259552600341552,data_pipeline/raw/hi/hi_011_S4259552600341552.flac,hi,S4257321800337643,/Users/adityasingh/Projects/Vocal-X/data_pipeline/raw/te/te_013_S4257321800337643.flac,telugu,different_speaker,-0.1354521835098957
S4259552600341552,data_pipeline/raw/hi/hi_011_S4259552600341552.flac,hi,S4257321800337643,/Users/adityasingh/Projects/Vocal-X/data_pipeline/raw/te/te_014_S4257321800337643.flac,telugu,different_speaker,0.2070315987507137
S4259552600341552,data_pipeline/raw/hi/hi_011_S4259552600341552.flac,hi,S4257321800337643,/Users/adityasingh/Projects/Vocal-X/data_pipeline/raw/te/te_015_S4257321800337643.flac,telugu,different_speaker,0.27961502080705414
S4259552600341552,data_pipeline/raw/hi/hi_011_S4259552600341552.flac,hi,S4258725600395882,/Users/adityasingh/Projects/Vocal-X/data_pipeline/raw/mr/mr_001_S4258725600395882.flac,marathi,different_speaker,-0.07314950075182228
S4259552600341552,data_pipeline/raw/hi/hi_011_S4259552600341552.flac,hi,S4258725600395882,/Users/adityasingh/Projects/Vocal-X/data_pipeline/raw/mr/mr_002_S4258725600395882.flac,marathi,different_speaker,0.33356470140336053
S4259552600341552,data_pipeline/raw/hi/hi_011_S4259552600341552.flac,hi,S4258725600395882,/Users/adityasingh/Projects/Vocal-X/data_pipeline/raw/mr/mr_003_S4258725600395882.flac,marathi,different_speaker,0.3789104387004511
S4259552600341552,data_pipeline/raw/hi/hi_011_S4259552600341552.flac,hi,S4257020900340702,/Users/adityasingh/Projects/Vocal-X/data_pipeline/raw/mr/mr_004_S4257020900340702.flac,marathi,different_speaker,-0.5042612334580602
S4259552600341552,data_pipeline/raw/hi/hi_011_S4259552600341552.flac,hi,S4257020900340702,/Users/adityasingh/Projects/Vocal-X/data_pipeline/raw/mr/mr_005_S4257020900340702.flac,marathi,different_speaker,-0.49027591885154137
S4259552600341552,data_pipeline/raw/hi/hi_011_S4259552600341552.flac,hi,S4257020900340702,/Users/adityasingh/Projects/Vocal-X/data_pipeline/raw/mr/mr_006_S4257020900340702.flac,marathi,different_speaker,-0.5697343723438705
S4259552600341552,data_pipeline/raw/hi/hi_011_S4259552600341552.flac,hi,S4259734500395875,/Users/adityasingh/Projects/Vocal-X/data_pipeline/raw/mr/mr_007_S4259734500395875.flac,marathi,different_speaker,0.05747743423993097
S4259552600341552,data_pipeline/raw/hi/hi_011_S4259552600341552.flac,hi,S4259734500395875,/Users/adityasingh/Projects/Vocal-X/data_pipeline/raw/mr/mr_008_S4259734500395875.flac,marathi,different_speaker,0.4619426445606225
S4259552600341552,data_pipeline/raw/hi/hi_011_S4259552600341552.flac,hi,S4259734500395875,/Users/adityasingh/Projects/Vocal-X/data_pipeline/raw/mr/mr_009_S4259734500395875.flac,marathi,different_speaker,0.15567582668213867
S4259552600341552,data_pipeline/raw/hi/hi_011_S4259552600341552.flac,hi,S4257242800308984,/Users/adityasingh/Projects/Vocal-X/data_pipeline/raw/mr/mr_010_S4257242800308984.flac,marathi,different_speaker,0.009940302854039126
S4259552600341552,data_pipeline/raw/hi/hi_011_S4259552600341552.flac,hi,S4257242800308984,/Users/adityasingh/Projects/Vocal-X/data_pipeline/raw/mr/mr_011_S4257242800308984.flac,marathi,different_speaker,0.18520904552041473
S4259552600341552,data_pipeline/raw/hi/hi_011_S4259552600341552.flac,hi,S4257242800308984,/Users/adityasingh/Projects/Vocal-X/data_pipeline/raw/mr/mr_012_S4257242800308984.flac,marathi,different_speaker,-0.08511075336087331
S4259552600341552,data_pipeline/raw/hi/hi_011_S4259552600341552.flac,hi,S4258045600338732,/Users/adityasingh/Projects/Vocal-X/data_pipeline/raw/mr/mr_013_S4258045600338732.flac,marathi,different_speaker,0.19193708262301706
S4259552600341552,data_pipeline/raw/hi/hi_011_S4259552600341552.flac,hi,S4258045600338732,/Users/adityasingh/Projects/Vocal-X/data_pipeline/raw/mr/mr_014_S4258045600338732.flac,marathi,different_speaker,0.12499162798183705
S4259552600341552,data_pipeline/raw/hi/hi_011_S4259552600341552.flac,hi,S4258045600338732,/Users/adityasingh/Projects/Vocal-X/data_pipeline/raw/mr/mr_015_S4258045600338732.flac,marathi,different_speaker,-0.16355072760936346
S4259552600341552,data_pipeline/raw/hi/hi_012_S4259552600341552.flac,hi,S4259918700378788,data_pipeline/raw/hi/hi_013_S4259918700378788.flac,hi,different_speaker,-0.20348870004021918
S4259552600341552,data_pipeline/raw/hi/hi_012_S4259552600341552.flac,hi,S4259918700378788,data_pipeline/raw/hi/hi_014_S4259918700378788.flac,hi,different_speaker,-0.32125624376043554
S4259552600341552,data_pipeline/raw/hi/hi_012_S4259552600341552.flac,hi,S4259918700378788,data_pipeline/raw/hi/hi_015_S4259918700378788.flac,hi,different_speaker,-0.25474697258131634
S4259552600341552,data_pipeline/raw/hi/hi_012_S4259552600341552.flac,hi,S4259758000344036,/Users/adityasingh/Projects/Vocal-X/data_pipeline/raw/bn/bn_001_S4259758000344036.flac,bengali,different_speaker,-0.19480042462110478
S4259552600341552,data_pipeline/raw/hi/hi_012_S4259552600341552.flac,hi,S4259758000344036,/Users/adityasingh/Projects/Vocal-X/data_pipeline/raw/bn/bn_002_S4259758000344036.flac,bengali,different_speaker,-0.287152774311599
S4259552600341552,data_pipeline/raw/hi/hi_012_S4259552600341552.flac,hi,S4259758000344036,/Users/adityasingh/Projects/Vocal-X/data_pipeline/raw/bn/bn_003_S4259758000344036.flac,bengali,different_speaker,-0.2890663010730332
S4259552600341552,data_pipeline/raw/hi/hi_012_S4259552600341552.flac,hi,S4257409800358613,/Users/adityasingh/Projects/Vocal-X/data_pipeline/raw/bn/bn_004_S4257409800358613.flac,bengali,different_speaker,0.6877980910374737
S4259552600341552,data_pipeline/raw/hi/hi_012_S4259552600341552.flac,hi,S4257409800358613,/Users/adityasingh/Projects/Vocal-X/data_pipeline/raw/bn/bn_005_S4257409800358613.flac,bengali,different_speaker,0.17186923678345817
S4259552600341552,data_pipeline/raw/hi/hi_012_S4259552600341552.flac,hi,S4257409800358613,/Users/adityasingh/Projects/Vocal-X/data_pipeline/raw/bn/bn_006_S4257409800358613.flac,bengali,different_speaker,0.3067602652695729
S4259552600341552,data_pipeline/raw/hi/hi_012_S4259552600341552.flac,hi,S4259674400304151,/Users/adityasingh/Projects/Vocal-X/data_pipeline/raw/bn/bn_007_S4259674400304151.flac,bengali,different_speaker,-0.13244726944991253
S4259552600341552,data_pipeline/raw/hi/hi_012_S4259552600341552.flac,hi,S4259674400304151,/Users/adityasingh/Projects/Vocal-X/data_pipeline/raw/bn/bn_008_S4259674400304151.flac,bengali,different_speaker,-0.08760819410431409
S4259552600341552,data_pipeline/raw/hi/hi_012_S4259552600341552.flac,hi,S4259674400304151,/Users/adityasingh/Projects/Vocal-X/data_pipeline/raw/bn/bn_009_S4259674400304151.flac,bengali,different_speaker,0.04448903270429805
S4259552600341552,data_pipeline/raw/hi/hi_012_S4259552600341552.flac,hi,S4256944600325233,/Users/adityasingh/Projects/Vocal-X/data_pipeline/raw/bn/bn_010_S4256944600325233.flac,bengali,different_speaker,0.12695893457352428
S4259552600341552,data_pipeline/raw/hi/hi_012_S4259552600341552.flac,hi,S4256944600325233,/Users/adityasingh/Projects/Vocal-X/data_pipeline/raw/bn/bn_011_S4256944600325233.flac,bengali,different_speaker,0.13671220373681678
S4259552600341552,data_pipeline/raw/hi/hi_012_S4259552600341552.flac,hi,S4256944600325233,/Users/adityasingh/Projects/Vocal-X/data_pipeline/raw/bn/bn_012_S4256944600325233.flac,bengali,different_speaker,-0.06738445154411073
S4259552600341552,data_pipeline/raw/hi/hi_012_S4259552600341552.flac,hi,S4258791300331826,/Users/adityasingh/Projects/Vocal-X/data_pipeline/raw/bn/bn_013_S4258791300331826.flac,bengali,different_speaker,-0.09378560492780978
S4259552600341552,data_pipeline/raw/hi/hi_012_S4259552600341552.flac,hi,S4258791300331826,/Users/adityasingh/Projects/Vocal-X/data_pipeline/raw/bn/bn_014_S4258791300331826.flac,bengali,different_speaker,-0.06306681342552446
S4259552600341552,data_pipeline/raw/hi/hi_012_S4259552600341552.flac,hi,S4258791300331826,/Users/adityasingh/Projects/Vocal-X/data_pipeline/raw/bn/bn_015_S4258791300331826.flac,bengali,different_speaker,-0.19081310957010897
S4259552600341552,data_pipeline/raw/hi/hi_012_S4259552600341552.flac,hi,S4258178900302423,/Users/adityasingh/Projects/Vocal-X/data_pipeline/raw/ta/ta_001_S4258178900302423.flac,tamil,different_speaker,0.35881306414231995
S4259552600341552,data_pipeline/raw/hi/hi_012_S4259552600341552.flac,hi,S4258178900302423,/Users/adityasingh/Projects/Vocal-X/data_pipeline/raw/ta/ta_002_S4258178900302423.flac,tamil,different_speaker,0.47320737744242825
S4259552600341552,data_pipeline/raw/hi/hi_012_S4259552600341552.flac,hi,S4258178900302423,/Users/adityasingh/Projects/Vocal-X/data_pipeline/raw/ta/ta_003_S4258178900302423.flac,tamil,different_speaker,0.535174833589718
S4259552600341552,data_pipeline/raw/hi/hi_012_S4259552600341552.flac,hi,S4258116500302929,/Users/adityasingh/Projects/Vocal-X/data_pipeline/raw/ta/ta_004_S4258116500302929.flac,tamil,different_speaker,-0.4897557538967592
S4259552600341552,data_pipeline/raw/hi/hi_012_S4259552600341552.flac,hi,S4258116500302929,/Users/adityasingh/Projects/Vocal-X/data_pipeline/raw/ta/ta_005_S4258116500302929.flac,tamil,different_speaker,-0.5558485497324108
S4259552600341552,data_pipeline/raw/hi/hi_012_S4259552600341552.flac,hi,S4258116500302929,/Users/adityasingh/Projects/Vocal-X/data_pipeline/raw/ta/ta_006_S4258116500302929.flac,tamil,different_speaker,-0.4445290286363651
S4259552600341552,data_pipeline/raw/hi/hi_012_S4259552600341552.flac,hi,S4259940500370780,/Users/adityasingh/Projects/Vocal-X/data_pipeline/raw/ta/ta_007_S4259940500370780.flac,tamil,different_speaker,0.5348810428986699
S4259552600341552,data_pipeline/raw/hi/hi_012_S4259552600341552.flac,hi,S4259940500370780,/Users/adityasingh/Projects/Vocal-X/data_pipeline/raw/ta/ta_008_S4259940500370780.flac,tamil,different_speaker,0.15604657501634556
S4259552600341552,data_pipeline/raw/hi/hi_012_S4259552600341552.flac,hi,S4259940500370780,/Users/adityasingh/Projects/Vocal-X/data_pipeline/raw/ta/ta_009_S4259940500370780.flac,tamil,different_speaker,0.6480637989379708
S4259552600341552,data_pipeline/raw/hi/hi_012_S4259552600341552.flac,hi,S4256668200339016,/Users/adityasingh/Projects/Vocal-X/data_pipeline/raw/ta/ta_010_S4256668200339016.flac,tamil,different_speaker,-0.35039367190333714
S4259552600341552,data_pipeline/raw/hi/hi_012_S4259552600341552.flac,hi,S4256668200339016,/Users/adityasingh/Projects/Vocal-X/data_pipeline/raw/ta/ta_011_S4256668200339016.flac,tamil,different_speaker,-0.13072908906835531
S4259552600341552,data_pipeline/raw/hi/hi_012_S4259552600341552.flac,hi,S4256668200339016,/Users/adityasingh/Projects/Vocal-X/data_pipeline/raw/ta/ta_012_S4256668200339016.flac,tamil,different_speaker,-0.17875873929501424
S4259552600341552,data_pipeline/raw/hi/hi_012_S4259552600341552.flac,hi,S4259477200334929,/Users/adityasingh/Projects/Vocal-X/data_pipeline/raw/ta/ta_013_S4259477200334929.flac,tamil,different_speaker,-0.4576678050917432
S4259552600341552,data_pipeline/raw/hi/hi_012_S4259552600341552.flac,hi,S4259477200334929,/Users/adityasingh/Projects/Vocal-X/data_pipeline/raw/ta/ta_014_S4259477200334929.flac,tamil,different_speaker,-0.4398200679565838
S4259552600341552,data_pipeline/raw/hi/hi_012_S4259552600341552.flac,hi,S4259477200334929,/Users/adityasingh/Projects/Vocal-X/data_pipeline/raw/ta/ta_015_S4259477200334929.flac,tamil,different_speaker,-0.47326955643588753
S4259552600341552,data_pipeline/raw/hi/hi_012_S4259552600341552.flac,hi,S4257363100302319,/Users/adityasingh/Projects/Vocal-X/data_pipeline/raw/te/te_001_S4257363100302319.flac,telugu,different_speaker,-0.15429637952843467
S4259552600341552,data_pipeline/raw/hi/hi_012_S4259552600341552.flac,hi,S4257363100302319,/Users/adityasingh/Projects/Vocal-X/data_pipeline/raw/te/te_002_S4257363100302319.flac,telugu,different_speaker,-0.41528837252296014
S4259552600341552,data_pipeline/raw/hi/hi_012_S4259552600341552.flac,hi,S4257363100302319,/Users/adityasingh/Projects/Vocal-X/data_pipeline/raw/te/te_003_S4257363100302319.flac,telugu,different_speaker,-0.4280129919217197
S4259552600341552,data_pipeline/raw/hi/hi_012_S4259552600341552.flac,hi,S4259919200330829,/Users/adityasingh/Projects/Vocal-X/data_pipeline/raw/te/te_004_S4259919200330829.flac,telugu,different_speaker,0.520592027640561
S4259552600341552,data_pipeline/raw/hi/hi_012_S4259552600341552.flac,hi,S4259919200330829,/Users/adityasingh/Projects/Vocal-X/data_pipeline/raw/te/te_005_S4259919200330829.flac,telugu,different_speaker,0.06741512888545434
S4259552600341552,data_pipeline/raw/hi/hi_012_S4259552600341552.flac,hi,S4259919200330829,/Users/adityasingh/Projects/Vocal-X/data_pipeline/raw/te/te_006_S4259919200330829.flac,telugu,different_speaker,0.26353298047127915
S4259552600341552,data_pipeline/raw/hi/hi_012_S4259552600341552.flac,hi,S4259557300391493,/Users/adityasingh/Projects/Vocal-X/data_pipeline/raw/te/te_007_S4259557300391493.flac,telugu,different_speaker,0.3899073861863913
S4259552600341552,data_pipeline/raw/hi/hi_012_S4259552600341552.flac,hi,S4259557300391493,/Users/adityasingh/Projects/Vocal-X/data_pipeline/raw/te/te_008_S4259557300391493.flac,telugu,different_speaker,0.2795161221927148
S4259552600341552,data_pipeline/raw/hi/hi_012_S4259552600341552.flac,hi,S4259557300391493,/Users/adityasingh/Projects/Vocal-X/data_pipeline/raw/te/te_009_S4259557300391493.flac,telugu,different_speaker,-0.12998275967168557
S4259552600341552,data_pipeline/raw/hi/hi_012_S4259552600341552.flac,hi,S4259010000375320,/Users/adityasingh/Projects/Vocal-X/data_pipeline/raw/te/te_010_S4259010000375320.flac,telugu,different_speaker,0.5267648128481488
S4259552600341552,data_pipeline/raw/hi/hi_012_S4259552600341552.flac,hi,S4259010000375320,/Users/adityasingh/Projects/Vocal-X/data_pipeline/raw/te/te_011_S4259010000375320.flac,telugu,different_speaker,0.4930403251421634
S4259552600341552,data_pipeline/raw/hi/hi_012_S4259552600341552.flac,hi,S4259010000375320,/Users/adityasingh/Projects/Vocal-X/data_pipeline/raw/te/te_012_S4259010000375320.flac,telugu,different_speaker,0.42111359386669645
S4259552600341552,data_pipeline/raw/hi/hi_012_S4259552600341552.flac,hi,S4257321800337643,/Users/adityasingh/Projects/Vocal-X/data_pipeline/raw/te/te_013_S4257321800337643.flac,telugu,different_speaker,0.009560980257771683
S4259552600341552,data_pipeline/raw/hi/hi_012_S4259552600341552.flac,hi,S4257321800337643,/Users/adityasingh/Projects/Vocal-X/data_pipeline/raw/te/te_014_S4257321800337643.flac,telugu,different_speaker,0.0743969298304259
S4259552600341552,data_pipeline/raw/hi/hi_012_S4259552600341552.flac,hi,S4257321800337643,/Users/adityasingh/Projects/Vocal-X/data_pipeline/raw/te/te_015_S4257321800337643.flac,telugu,different_speaker,0.19499559851066972
S4259552600341552,data_pipeline/raw/hi/hi_012_S4259552600341552.flac,hi,S4258725600395882,/Users/adityasingh/Projects/Vocal-X/data_pipeline/raw/mr/mr_001_S4258725600395882.flac,marathi,different_speaker,-0.22514789099950983
S4259552600341552,data_pipeline/raw/hi/hi_012_S4259552600341552.flac,hi,S4258725600395882,/Users/adityasingh/Projects/Vocal-X/data_pipeline/raw/mr/mr_002_S4258725600395882.flac,marathi,different_speaker,0.5291698798321607
S4259552600341552,data_pipeline/raw/hi/hi_012_S4259552600341552.flac,hi,S4258725600395882,/Users/adityasingh/Projects/Vocal-X/data_pipeline/raw/mr/mr_003_S4258725600395882.flac,marathi,different_speaker,0.3600115306606201
S4259552600341552,data_pipeline/raw/hi/hi_012_S4259552600341552.flac,hi,S4257020900340702,/Users/adityasingh/Projects/Vocal-X/data_pipeline/raw/mr/mr_004_S4257020900340702.flac,marathi,different_speaker,-0.6982141258385602
S4259552600341552,data_pipeline/raw/hi/hi_012_S4259552600341552.flac,hi,S4257020900340702,/Users/adityasingh/Projects/Vocal-X/data_pipeline/raw/mr/mr_005_S4257020900340702.flac,marathi,different_speaker,-0.7502532250928914
S4259552600341552,data_pipeline/raw/hi/hi_012_S4259552600341552.flac,hi,S4257020900340702,/Users/adityasingh/Projects/Vocal-X/data_pipeline/raw/mr/mr_006_S4257020900340702.flac,marathi,different_speaker,-0.7213280609662645
S4259552600341552,data_pipeline/raw/hi/hi_012_S4259552600341552.flac,hi,S4259734500395875,/Users/adityasingh/Projects/Vocal-X/data_pipeline/raw/mr/mr_007_S4259734500395875.flac,marathi,different_speaker,-0.10334878897376207
S4259552600341552,data_pipeline/raw/hi/hi_012_S4259552600341552.flac,hi,S4259734500395875,/Users/adityasingh/Projects/Vocal-X/data_pipeline/raw/mr/mr_008_S4259734500395875.flac,marathi,different_speaker,0.5493632166246488
S4259552600341552,data_pipeline/raw/hi/hi_012_S4259552600341552.flac,hi,S4259734500395875,/Users/adityasingh/Projects/Vocal-X/data_pipeline/raw/mr/mr_009_S4259734500395875.flac,marathi,different_speaker,0.6061138890890254
S4259552600341552,data_pipeline/raw/hi/hi_012_S4259552600341552.flac,hi,S4257242800308984,/Users/adityasingh/Projects/Vocal-X/data_pipeline/raw/mr/mr_010_S4257242800308984.flac,marathi,different_speaker,0.3526454816072576
S4259552600341552,data_pipeline/raw/hi/hi_012_S4259552600341552.flac,hi,S4257242800308984,/Users/adityasingh/Projects/Vocal-X/data_pipeline/raw/mr/mr_011_S4257242800308984.flac,marathi,different_speaker,0.5917141810735419
S4259552600341552,data_pipeline/raw/hi/hi_012_S4259552600341552.flac,hi,S4257242800308984,/Users/adityasingh/Projects/Vocal-X/data_pipeline/raw/mr/mr_012_S4257242800308984.flac,marathi,different_speaker,-0.16758699585471845
S4259552600341552,data_pipeline/raw/hi/hi_012_S4259552600341552.flac,hi,S4258045600338732,/Users/adityasingh/Projects/Vocal-X/data_pipeline/raw/mr/mr_013_S4258045600338732.flac,marathi,different_speaker,0.07766054567758944
S4259552600341552,data_pipeline/raw/hi/hi_012_S4259552600341552.flac,hi,S4258045600338732,/Users/adityasingh/Projects/Vocal-X/data_pipeline/raw/mr/mr_014_S4258045600338732.flac,marathi,different_speaker,0.16558194085454095
S4259552600341552,data_pipeline/raw/hi/hi_012_S4259552600341552.flac,hi,S4258045600338732,/Users/adityasingh/Projects/Vocal-X/data_pipeline/raw/mr/mr_015_S4258045600338732.flac,marathi,different_speaker,0.1663293963140498
S4259918700378788,data_pipeline/raw/hi/hi_013_S4259918700378788.flac,hi,S4259918700378788,data_pipeline/raw/hi/hi_014_S4259918700378788.flac,hi,same_speaker,0.8824568567610303
S4259918700378788,data_pipeline/raw/hi/hi_013_S4259918700378788.flac,hi,S4259918700378788,data_pipeline/raw/hi/hi_015_S4259918700378788.flac,hi,same_speaker,0.7896153688970482
S4259918700378788,data_pipeline/raw/hi/hi_013_S4259918700378788.flac,hi,S4259758000344036,/Users/adityasingh/Projects/Vocal-X/data_pipeline/raw/bn/bn_001_S4259758000344036.flac,bengali,different_speaker,0.4475126535537794
S4259918700378788,data_pipeline/raw/hi/hi_013_S4259918700378788.flac,hi,S4259758000344036,/Users/adityasingh/Projects/Vocal-X/data_pipeline/raw/bn/bn_002_S4259758000344036.flac,bengali,different_speaker,0.43116786892613473
S4259918700378788,data_pipeline/raw/hi/hi_013_S4259918700378788.flac,hi,S4259758000344036,/Users/adityasingh/Projects/Vocal-X/data_pipeline/raw/bn/bn_003_S4259758000344036.flac,bengali,different_speaker,0.41013721987127777
S4259918700378788,data_pipeline/raw/hi/hi_013_S4259918700378788.flac,hi,S4257409800358613,/Users/adityasingh/Projects/Vocal-X/data_pipeline/raw/bn/bn_004_S4257409800358613.flac,bengali,different_speaker,-0.4012826272024849
S4259918700378788,data_pipeline/raw/hi/hi_013_S4259918700378788.flac,hi,S4257409800358613,/Users/adityasingh/Projects/Vocal-X/data_pipeline/raw/bn/bn_005_S4257409800358613.flac,bengali,different_speaker,-0.16228830225792462
S4259918700378788,data_pipeline/raw/hi/hi_013_S4259918700378788.flac,hi,S4257409800358613,/Users/adityasingh/Projects/Vocal-X/data_pipeline/raw/bn/bn_006_S4257409800358613.flac,bengali,different_speaker,-0.37169945016111794
S4259918700378788,data_pipeline/raw/hi/hi_013_S4259918700378788.flac,hi,S4259674400304151,/Users/adityasingh/Projects/Vocal-X/data_pipeline/raw/bn/bn_007_S4259674400304151.flac,bengali,different_speaker,-0.10053873882988121
S4259918700378788,data_pipeline/raw/hi/hi_013_S4259918700378788.flac,hi,S4259674400304151,/Users/adityasingh/Projects/Vocal-X/data_pipeline/raw/bn/bn_008_S4259674400304151.flac,bengali,different_speaker,-0.11040588653282017
S4259918700378788,data_pipeline/raw/hi/hi_013_S4259918700378788.flac,hi,S4259674400304151,/Users/adityasingh/Projects/Vocal-X/data_pipeline/raw/bn/bn_009_S4259674400304151.flac,bengali,different_speaker,-0.120783956764869
S4259918700378788,data_pipeline/raw/hi/hi_013_S4259918700378788.flac,hi,S4256944600325233,/Users/adityasingh/Projects/Vocal-X/data_pipeline/raw/bn/bn_010_S4256944600325233.flac,bengali,different_speaker,-0.4189066684888373
S4259918700378788,data_pipeline/raw/hi/hi_013_S4259918700378788.flac,hi,S4256944600325233,/Users/adityasingh/Projects/Vocal-X/data_pipeline/raw/bn/bn_011_S4256944600325233.flac,bengali,different_speaker,-0.2661996599375333
S4259918700378788,data_pipeline/raw/hi/hi_013_S4259918700378788.flac,hi,S4256944600325233,/Users/adityasingh/Projects/Vocal-X/data_pipeline/raw/bn/bn_012_S4256944600325233.flac,bengali,different_speaker,-0.4385317318596849
S4259918700378788,data_pipeline/raw/hi/hi_013_S4259918700378788.flac,hi,S4258791300331826,/Users/adityasingh/Projects/Vocal-X/data_pipeline/raw/bn/bn_013_S4258791300331826.flac,bengali,different_speaker,0.30614561572683113
S4259918700378788,data_pipeline/raw/hi/hi_013_S4259918700378788.flac,hi,S4258791300331826,/Users/adityasingh/Projects/Vocal-X/data_pipeline/raw/bn/bn_014_S4258791300331826.flac,bengali,different_speaker,-0.06407946973260177
S4259918700378788,data_pipeline/raw/hi/hi_013_S4259918700378788.flac,hi,S4258791300331826,/Users/adityasingh/Projects/Vocal-X/data_pipeline/raw/bn/bn_015_S4258791300331826.flac,bengali,different_speaker,-0.018864549705771456
S4259918700378788,data_pipeline/raw/hi/hi_013_S4259918700378788.flac,hi,S4258178900302423,/Users/adityasingh/Projects/Vocal-X/data_pipeline/raw/ta/ta_001_S4258178900302423.flac,tamil,different_speaker,-0.41536716240040217
S4259918700378788,data_pipeline/raw/hi/hi_013_S4259918700378788.flac,hi,S4258178900302423,/Users/adityasingh/Projects/Vocal-X/data_pipeline/raw/ta/ta_002_S4258178900302423.flac,tamil,different_speaker,-0.35643492810173527
S4259918700378788,data_pipeline/raw/hi/hi_013_S4259918700378788.flac,hi,S4258178900302423,/Users/adityasingh/Projects/Vocal-X/data_pipeline/raw/ta/ta_003_S4258178900302423.flac,tamil,different_speaker,-0.08257068007696776
S4259918700378788,data_pipeline/raw/hi/hi_013_S4259918700378788.flac,hi,S4258116500302929,/Users/adityasingh/Projects/Vocal-X/data_pipeline/raw/ta/ta_004_S4258116500302929.flac,tamil,different_speaker,0.33088739011932305
S4259918700378788,data_pipeline/raw/hi/hi_013_S4259918700378788.flac,hi,S4258116500302929,/Users/adityasingh/Projects/Vocal-X/data_pipeline/raw/ta/ta_005_S4258116500302929.flac,tamil,different_speaker,0.3590879408763915
S4259918700378788,data_pipeline/raw/hi/hi_013_S4259918700378788.flac,hi,S4258116500302929,/Users/adityasingh/Projects/Vocal-X/data_pipeline/raw/ta/ta_006_S4258116500302929.flac,tamil,different_speaker,0.29798777151149014
S4259918700378788,data_pipeline/raw/hi/hi_013_S4259918700378788.flac,hi,S4259940500370780,/Users/adityasingh/Projects/Vocal-X/data_pipeline/raw/ta/ta_007_S4259940500370780.flac,tamil,different_speaker,-0.4458351648565526
S4259918700378788,data_pipeline/raw/hi/hi_013_S4259918700378788.flac,hi,S4259940500370780,/Users/adityasingh/Projects/Vocal-X/data_pipeline/raw/ta/ta_008_S4259940500370780.flac,tamil,different_speaker,-0.09960844376762021
S4259918700378788,data_pipeline/raw/hi/hi_013_S4259918700378788.flac,hi,S4259940500370780,/Users/adityasingh/Projects/Vocal-X/data_pipeline/raw/ta/ta_009_S4259940500370780.flac,tamil,different_speaker,-0.29412988385983624
S4259918700378788,data_pipeline/raw/hi/hi_013_S4259918700378788.flac,hi,S4256668200339016,/Users/adityasingh/Projects/Vocal-X/data_pipeline/raw/ta/ta_010_S4256668200339016.flac,tamil,different_speaker,0.009078598747223166
S4259918700378788,data_pipeline/raw/hi/hi_013_S4259918700378788.flac,hi,S4256668200339016,/Users/adityasingh/Projects/Vocal-X/data_pipeline/raw/ta/ta_011_S4256668200339016.flac,tamil,different_speaker,-0.25462306986083677
S4259918700378788,data_pipeline/raw/hi/hi_013_S4259918700378788.flac,hi,S4256668200339016,/Users/adityasingh/Projects/Vocal-X/data_pipeline/raw/ta/ta_012_S4256668200339016.flac,tamil,different_speaker,-0.11087265864548936
S4259918700378788,data_pipeline/raw/hi/hi_013_S4259918700378788.flac,hi,S4259477200334929,/Users/adityasingh/Projects/Vocal-X/data_pipeline/raw/ta/ta_013_S4259477200334929.flac,tamil,different_speaker,0.014088802273646521
S4259918700378788,data_pipeline/raw/hi/hi_013_S4259918700378788.flac,hi,S4259477200334929,/Users/adityasingh/Projects/Vocal-X/data_pipeline/raw/ta/ta_014_S4259477200334929.flac,tamil,different_speaker,0.16842130978161152
S4259918700378788,data_pipeline/raw/hi/hi_013_S4259918700378788.flac,hi,S4259477200334929,/Users/adityasingh/Projects/Vocal-X/data_pipeline/raw/ta/ta_015_S4259477200334929.flac,tamil,different_speaker,-0.2692404331177519
S4259918700378788,data_pipeline/raw/hi/hi_013_S4259918700378788.flac,hi,S4257363100302319,/Users/adityasingh/Projects/Vocal-X/data_pipeline/raw/te/te_001_S4257363100302319.flac,telugu,different_speaker,-0.1134539775186693
S4259918700378788,data_pipeline/raw/hi/hi_013_S4259918700378788.flac,hi,S4257363100302319,/Users/adityasingh/Projects/Vocal-X/data_pipeline/raw/te/te_002_S4257363100302319.flac,telugu,different_speaker,-0.07658672727641985
S4259918700378788,data_pipeline/raw/hi/hi_013_S4259918700378788.flac,hi,S4257363100302319,/Users/adityasingh/Projects/Vocal-X/data_pipeline/raw/te/te_003_S4257363100302319.flac,telugu,different_speaker,-0.07777681132817153
S4259918700378788,data_pipeline/raw/hi/hi_013_S4259918700378788.flac,hi,S4259919200330829,/Users/adityasingh/Projects/Vocal-X/data_pipeline/raw/te/te_004_S4259919200330829.flac,telugu,different_speaker,-0.16657144749958208
S4259918700378788,data_pipeline/raw/hi/hi_013_S4259918700378788.flac,hi,S4259919200330829,/Users/adityasingh/Projects/Vocal-X/data_pipeline/raw/te/te_005_S4259919200330829.flac,telugu,different_speaker,-0.09075825036821172
S4259918700378788,data_pipeline/raw/hi/hi_013_S4259918700378788.flac,hi,S4259919200330829,/Users/adityasingh/Projects/Vocal-X/data_pipeline/raw/te/te_006_S4259919200330829.flac,telugu,different_speaker,-0.3669656208287724
S4259918700378788,data_pipeline/raw/hi/hi_013_S4259918700378788.flac,hi,S4259557300391493,/Users/adityasingh/Projects/Vocal-X/data_pipeline/raw/te/te_007_S4259557300391493.flac,telugu,different_speaker,-0.4648753601724678
S4259918700378788,data_pipeline/raw/hi/hi_013_S4259918700378788.flac,hi,S4259557300391493,/Users/adityasingh/Projects/Vocal-X/data_pipeline/raw/te/te_008_S4259557300391493.flac,telugu,different_speaker,-0.16715113188024322
S4259918700378788,data_pipeline/raw/hi/hi_013_S4259918700378788.flac,hi,S4259557300391493,/Users/adityasingh/Projects/Vocal-X/data_pipeline/raw/te/te_009_S4259557300391493.flac,telugu,different_speaker,0.047705089088389045
S4259918700378788,data_pipeline/raw/hi/hi_013_S4259918700378788.flac,hi,S4259010000375320,/Users/adityasingh/Projects/Vocal-X/data_pipeline/raw/te/te_010_S4259010000375320.flac,telugu,different_speaker,-0.32981082225375086
S4259918700378788,data_pipeline/raw/hi/hi_013_S4259918700378788.flac,hi,S4259010000375320,/Users/adityasingh/Projects/Vocal-X/data_pipeline/raw/te/te_011_S4259010000375320.flac,telugu,different_speaker,-0.3517613174354064
S4259918700378788,data_pipeline/raw/hi/hi_013_S4259918700378788.flac,hi,S4259010000375320,/Users/adityasingh/Projects/Vocal-X/data_pipeline/raw/te/te_012_S4259010000375320.flac,telugu,different_speaker,-0.5097760923186284
S4259918700378788,data_pipeline/raw/hi/hi_013_S4259918700378788.flac,hi,S4257321800337643,/Users/adityasingh/Projects/Vocal-X/data_pipeline/raw/te/te_013_S4257321800337643.flac,telugu,different_speaker,-0.21625596483511303
S4259918700378788,data_pipeline/raw/hi/hi_013_S4259918700378788.flac,hi,S4257321800337643,/Users/adityasingh/Projects/Vocal-X/data_pipeline/raw/te/te_014_S4257321800337643.flac,telugu,different_speaker,-0.2762538909165939
S4259918700378788,data_pipeline/raw/hi/hi_013_S4259918700378788.flac,hi,S4257321800337643,/Users/adityasingh/Projects/Vocal-X/data_pipeline/raw/te/te_015_S4257321800337643.flac,telugu,different_speaker,-0.2699175065212176
S4259918700378788,data_pipeline/raw/hi/hi_013_S4259918700378788.flac,hi,S4258725600395882,/Users/adityasingh/Projects/Vocal-X/data_pipeline/raw/mr/mr_001_S4258725600395882.flac,marathi,different_speaker,-0.11574637957383627
S4259918700378788,data_pipeline/raw/hi/hi_013_S4259918700378788.flac,hi,S4258725600395882,/Users/adityasingh/Projects/Vocal-X/data_pipeline/raw/mr/mr_002_S4258725600395882.flac,marathi,different_speaker,-0.2359307567296974
S4259918700378788,data_pipeline/raw/hi/hi_013_S4259918700378788.flac,hi,S4258725600395882,/Users/adityasingh/Projects/Vocal-X/data_pipeline/raw/mr/mr_003_S4258725600395882.flac,marathi,different_speaker,-0.4864064735956003
S4259918700378788,data_pipeline/raw/hi/hi_013_S4259918700378788.flac,hi,S4257020900340702,/Users/adityasingh/Projects/Vocal-X/data_pipeline/raw/mr/mr_004_S4257020900340702.flac,marathi,different_speaker,0.11673994287275131
S4259918700378788,data_pipeline/raw/hi/hi_013_S4259918700378788.flac,hi,S4257020900340702,/Users/adityasingh/Projects/Vocal-X/data_pipeline/raw/mr/mr_005_S4257020900340702.flac,marathi,different_speaker,0.1839473986623783
S4259918700378788,data_pipeline/raw/hi/hi_013_S4259918700378788.flac,hi,S4257020900340702,/Users/adityasingh/Projects/Vocal-X/data_pipeline/raw/mr/mr_006_S4257020900340702.flac,marathi,different_speaker,0.24552325613164142
S4259918700378788,data_pipeline/raw/hi/hi_013_S4259918700378788.flac,hi,S4259734500395875,/Users/adityasingh/Projects/Vocal-X/data_pipeline/raw/mr/mr_007_S4259734500395875.flac,marathi,different_speaker,-0.10777669256521286
S4259918700378788,data_pipeline/raw/hi/hi_013_S4259918700378788.flac,hi,S4259734500395875,/Users/adityasingh/Projects/Vocal-X/data_pipeline/raw/mr/mr_008_S4259734500395875.flac,marathi,different_speaker,-0.16496821817242122
S4259918700378788,data_pipeline/raw/hi/hi_013_S4259918700378788.flac,hi,S4259734500395875,/Users/adityasingh/Projects/Vocal-X/data_pipeline/raw/mr/mr_009_S4259734500395875.flac,marathi,different_speaker,-0.003078850608985231
S4259918700378788,data_pipeline/raw/hi/hi_013_S4259918700378788.flac,hi,S4257242800308984,/Users/adityasingh/Projects/Vocal-X/data_pipeline/raw/mr/mr_010_S4257242800308984.flac,marathi,different_speaker,-0.07979068718766671
S4259918700378788,data_pipeline/raw/hi/hi_013_S4259918700378788.flac,hi,S4257242800308984,/Users/adityasingh/Projects/Vocal-X/data_pipeline/raw/mr/mr_011_S4257242800308984.flac,marathi,different_speaker,-0.09679068930309803
S4259918700378788,data_pipeline/raw/hi/hi_013_S4259918700378788.flac,hi,S4257242800308984,/Users/adityasingh/Projects/Vocal-X/data_pipeline/raw/mr/mr_012_S4257242800308984.flac,marathi,different_speaker,0.3867840704694374
S4259918700378788,data_pipeline/raw/hi/hi_013_S4259918700378788.flac,hi,S4258045600338732,/Users/adityasingh/Projects/Vocal-X/data_pipeline/raw/mr/mr_013_S4258045600338732.flac,marathi,different_speaker,-0.30452550865341416
S4259918700378788,data_pipeline/raw/hi/hi_013_S4259918700378788.flac,hi,S4258045600338732,/Users/adityasingh/Projects/Vocal-X/data_pipeline/raw/mr/mr_014_S4258045600338732.flac,marathi,different_speaker,-0.285333757910061
S4259918700378788,data_pipeline/raw/hi/hi_013_S4259918700378788.flac,hi,S4258045600338732,/Users/adityasingh/Projects/Vocal-X/data_pipeline/raw/mr/mr_015_S4258045600338732.flac,marathi,different_speaker,-0.07368058946746277
S4259918700378788,data_pipeline/raw/hi/hi_014_S4259918700378788.flac,hi,S4259918700378788,data_pipeline/raw/hi/hi_015_S4259918700378788.flac,hi,same_speaker,0.9338132994651765
S4259918700378788,data_pipeline/raw/hi/hi_014_S4259918700378788.flac,hi,S4259758000344036,/Users/adityasingh/Projects/Vocal-X/data_pipeline/raw/bn/bn_001_S4259758000344036.flac,bengali,different_speaker,0.38319988962552387
S4259918700378788,data_pipeline/raw/hi/hi_014_S4259918700378788.flac,hi,S4259758000344036,/Users/adityasingh/Projects/Vocal-X/data_pipeline/raw/bn/bn_002_S4259758000344036.flac,bengali,different_speaker,0.46024343191853284
S4259918700378788,data_pipeline/raw/hi/hi_014_S4259918700378788.flac,hi,S4259758000344036,/Users/adityasingh/Projects/Vocal-X/data_pipeline/raw/bn/bn_003_S4259758000344036.flac,bengali,different_speaker,0.37993648898612814
S4259918700378788,data_pipeline/raw/hi/hi_014_S4259918700378788.flac,hi,S4257409800358613,/Users/adityasingh/Projects/Vocal-X/data_pipeline/raw/bn/bn_004_S4257409800358613.flac,bengali,different_speaker,-0.533448843259111
S4259918700378788,data_pipeline/raw/hi/hi_014_S4259918700378788.flac,hi,S4257409800358613,/Users/adityasingh/Projects/Vocal-X/data_pipeline/raw/bn/bn_005_S4257409800358613.flac,bengali,different_speaker,-0.32717233880321384
S4259918700378788,data_pipeline/raw/hi/hi_014_S4259918700378788.flac,hi,S4257409800358613,/Users/adityasingh/Projects/Vocal-X/data_pipeline/raw/bn/bn_006_S4257409800358613.flac,bengali,different_speaker,-0.5592070597925298
S4259918700378788,data_pipeline/raw/hi/hi_014_S4259918700378788.flac,hi,S4259674400304151,/Users/adityasingh/Projects/Vocal-X/data_pipeline/raw/bn/bn_007_S4259674400304151.flac,bengali,different_speaker,0.040751837790320086
S4259918700378788,data_pipeline/raw/hi/hi_014_S4259918700378788.flac,hi,S4259674400304151,/Users/adityasingh/Projects/Vocal-X/data_pipeline/raw/bn/bn_008_S4259674400304151.flac,bengali,different_speaker,-0.04717691580308195
S4259918700378788,data_pipeline/raw/hi/hi_014_S4259918700378788.flac,hi,S4259674400304151,/Users/adityasingh/Projects/Vocal-X/data_pipeline/raw/bn/bn_009_S4259674400304151.flac,bengali,different_speaker,-0.014024746019224692
S4259918700378788,data_pipeline/raw/hi/hi_014_S4259918700378788.flac,hi,S4256944600325233,/Users/adityasingh/Projects/Vocal-X/data_pipeline/raw/bn/bn_010_S4256944600325233.flac,bengali,different_speaker,-0.5493132587159573
S4259918700378788,data_pipeline/raw/hi/hi_014_S4259918700378788.flac,hi,S4256944600325233,/Users/adityasingh/Projects/Vocal-X/data_pipeline/raw/bn/bn_011_S4256944600325233.flac,bengali,different_speaker,-0.40657304083151924
S4259918700378788,data_pipeline/raw/hi/hi_014_S4259918700378788.flac,hi,S4256944600325233,/Users/adityasingh/Projects/Vocal-X/data_pipeline/raw/bn/bn_012_S4256944600325233.flac,bengali,different_speaker,-0.2668808921005356
S4259918700378788,data_pipeline/raw/hi/hi_014_S4259918700378788.flac,hi,S4258791300331826,/Users/adityasingh/Projects/Vocal-X/data_pipeline/raw/bn/bn_013_S4258791300331826.flac,bengali,different_speaker,0.3617094108780412
S4259918700378788,data_pipeline/raw/hi/hi_014_S4259918700378788.flac,hi,S4258791300331826,/Users/adityasingh/Projects/Vocal-X/data_pipeline/raw/bn/bn_014_S4258791300331826.flac,bengali,different_speaker,0.15889223643213618
S4259918700378788,data_pipeline/raw/hi/hi_014_S4259918700378788.flac,hi,S4258791300331826,/Users/adityasingh/Projects/Vocal-X/data_pipeline/raw/bn/bn_015_S4258791300331826.flac,bengali,different_speaker,0.19705308127928822
S4259918700378788,data_pipeline/raw/hi/hi_014_S4259918700378788.flac,hi,S4258178900302423,/Users/adityasingh/Projects/Vocal-X/data_pipeline/raw/ta/ta_001_S4258178900302423.flac,tamil,different_speaker,-0.4803191095972105
S4259918700378788,data_pipeline/raw/hi/hi_014_S4259918700378788.flac,hi,S4258178900302423,/Users/adityasingh/Projects/Vocal-X/data_pipeline/raw/ta/ta_002_S4258178900302423.flac,tamil,different_speaker,-0.4268582593209186
S4259918700378788,data_pipeline/raw/hi/hi_014_S4259918700378788.flac,hi,S4258178900302423,/Users/adityasingh/Projects/Vocal-X/data_pipeline/raw/ta/ta_003_S4258178900302423.flac,tamil,different_speaker,-0.1461354960742145
S4259918700378788,data_pipeline/raw/hi/hi_014_S4259918700378788.flac,hi,S4258116500302929,/Users/adityasingh/Projects/Vocal-X/data_pipeline/raw/ta/ta_004_S4258116500302929.flac,tamil,different_speaker,0.3907866502857483
S4259918700378788,data_pipeline/raw/hi/hi_014_S4259918700378788.flac,hi,S4258116500302929,/Users/adityasingh/Projects/Vocal-X/data_pipeline/raw/ta/ta_005_S4258116500302929.flac,tamil,different_speaker,0.5345014182013351
S4259918700378788,data_pipeline/raw/hi/hi_014_S4259918700378788.flac,hi,S4258116500302929,/Users/adityasingh/Projects/Vocal-X/data_pipeline/raw/ta/ta_006_S4258116500302929.flac,tamil,different_speaker,0.40421896999429346
S4259918700378788,data_pipeline/raw/hi/hi_014_S4259918700378788.flac,hi,S4259940500370780,/Users/adityasingh/Projects/Vocal-X/data_pipeline/raw/ta/ta_007_S4259940500370780.flac,tamil,different_speaker,-0.36116205229349524
S4259918700378788,data_pipeline/raw/hi/hi_014_S4259918700378788.flac,hi,S4259940500370780,/Users/adityasingh/Projects/Vocal-X/data_pipeline/raw/ta/ta_008_S4259940500370780.flac,tamil,different_speaker,-0.17378695487951662
S4259918700378788,data_pipeline/raw/hi/hi_014_S4259918700378788.flac,hi,S4259940500370780,/Users/adityasingh/Projects/Vocal-X/data_pipeline/raw/ta/ta_009_S4259940500370780.flac,tamil,different_speaker,-0.4581295151030921
S4259918700378788,data_pipeline/raw/hi/hi_014_S4259918700378788.flac,hi,S4256668200339016,/Users/adityasingh/Projects/Vocal-X/data_pipeline/raw/ta/ta_010_S4256668200339016.flac,tamil,different_speaker,0.06208139770723663
S4259918700378788,data_pipeline/raw/hi/hi_014_S4259918700378788.flac,hi,S4256668200339016,/Users/adityasingh/Projects/Vocal-X/data_pipeline/raw/ta/ta_011_S4256668200339016.flac,tamil,different_speaker,-0.13916611274279272
S4259918700378788,data_pipeline/raw/hi/hi_014_S4259918700378788.flac,hi,S4256668200339016,/Users/adityasingh/Projects/Vocal-X/data_pipeline/raw/ta/ta_012_S4256668200339016.flac,tamil,different_speaker,-0.022792892394245246
S4259918700378788,data_pipeline/raw/hi/hi_014_S4259918700378788.flac,hi,S4259477200334929,/Users/adityasingh/Projects/Vocal-X/data_pipeline/raw/ta/ta_013_S4259477200334929.flac,tamil,different_speaker,0.00680842113955483
S4259918700378788,data_pipeline/raw/hi/hi_014_S4259918700378788.flac,hi,S4259477200334929,/Users/adityasingh/Projects/Vocal-X/data_pipeline/raw/ta/ta_014_S4259477200334929.flac,tamil,different_speaker,0.12038712952542335
S4259918700378788,data_pipeline/raw/hi/hi_014_S4259918700378788.flac,hi,S4259477200334929,/Users/adityasingh/Projects/Vocal-X/data_pipeline/raw/ta/ta_015_S4259477200334929.flac,tamil,different_speaker,-0.2269825739085751
S4259918700378788,data_pipeline/raw/hi/hi_014_S4259918700378788.flac,hi,S4257363100302319,/Users/adityasingh/Projects/Vocal-X/data_pipeline/raw/te/te_001_S4257363100302319.flac,telugu,different_speaker,-0.18382003205969477
S4259918700378788,data_pipeline/raw/hi/hi_014_S4259918700378788.flac,hi,S4257363100302319,/Users/adityasingh/Projects/Vocal-X/data_pipeline/raw/te/te_002_S4257363100302319.flac,telugu,different_speaker,0.02101207132424286
S4259918700378788,data_pipeline/raw/hi/hi_014_S4259918700378788.flac,hi,S4257363100302319,/Users/adityasingh/Projects/Vocal-X/data_pipeline/raw/te/te_003_S4257363100302319.flac,telugu,different_speaker,0.06722826416787292
S4259918700378788,data_pipeline/raw/hi/hi_014_S4259918700378788.flac,hi,S4259919200330829,/Users/adityasingh/Projects/Vocal-X/data_pipeline/raw/te/te_004_S4259919200330829.flac,telugu,different_speaker,-0.15247402533738613
S4259918700378788,data_pipeline/raw/hi/hi_014_S4259918700378788.flac,hi,S4259919200330829,/Users/adityasingh/Projects/Vocal-X/data_pipeline/raw/te/te_005_S4259919200330829.flac,telugu,different_speaker,0.09890941360905228
S4259918700378788,data_pipeline/raw/hi/hi_014_S4259918700378788.flac,hi,S4259919200330829,/Users/adityasingh/Projects/Vocal-X/data_pipeline/raw/te/te_006_S4259919200330829.flac,telugu,different_speaker,-0.28263744279649133
S4259918700378788,data_pipeline/raw/hi/hi_014_S4259918700378788.flac,hi,S4259557300391493,/Users/adityasingh/Projects/Vocal-X/data_pipeline/raw/te/te_007_S4259557300391493.flac,telugu,different_speaker,-0.4959841418722577
S4259918700378788,data_pipeline/raw/hi/hi_014_S4259918700378788.flac,hi,S4259557300391493,/Users/adityasingh/Projects/Vocal-X/data_pipeline/raw/te/te_008_S4259557300391493.flac,telugu,different_speaker,-0.22935544008889971
S4259918700378788,data_pipeline/raw/hi/hi_014_S4259918700378788.flac,hi,S4259557300391493,/Users/adityasingh/Projects/Vocal-X/data_pipeline/raw/te/te_009_S4259557300391493.flac,telugu,different_speaker,0.03309890590136631
S4259918700378788,data_pipeline/raw/hi/hi_014_S4259918700378788.flac,hi,S4259010000375320,/Users/adityasingh/Projects/Vocal-X/data_pipeline/raw/te/te_010_S4259010000375320.flac,telugu,different_speaker,-0.4657679368883
S4259918700378788,data_pipeline/raw/hi/hi_014_S4259918700378788.flac,hi,S4259010000375320,/Users/adityasingh/Projects/Vocal-X/data_pipeline/raw/te/te_011_S4259010000375320.flac,telugu,different_speaker,-0.4926195642712725
S4259918700378788,data_pipeline/raw/hi/hi_014_S4259918700378788.flac,hi,S4259010000375320,/Users/adityasingh/Projects/Vocal-X/data_pipeline/raw/te/te_012_S4259010000375320.flac,telugu,different_speaker,-0.6645073179371518
S4259918700378788,data_pipeline/raw/hi/hi_014_S4259918700378788.flac,hi,S4257321800337643,/Users/adityasingh/Projects/Vocal-X/data_pipeline/raw/te/te_013_S4257321800337643.flac,telugu,different_speaker,-0.3648258344129693
S4259918700378788,data_pipeline/raw/hi/hi_014_S4259918700378788.flac,hi,S4257321800337643,/Users/adityasingh/Projects/Vocal-X/data_pipeline/raw/te/te_014_S4257321800337643.flac,telugu,different_speaker,-0.33968083713211017
S4259918700378788,data_pipeline/raw/hi/hi_014_S4259918700378788.flac,hi,S4257321800337643,/Users/adityasingh/Projects/Vocal-X/data_pipeline/raw/te/te_015_S4257321800337643.flac,telugu,different_speaker,-0.3860119065697439
S4259918700378788,data_pipeline/raw/hi/hi_014_S4259918700378788.flac,hi,S4258725600395882,/Users/adityasingh/Projects/Vocal-X/data_pipeline/raw/mr/mr_001_S4258725600395882.flac,marathi,different_speaker,0.061510245057660146
S4259918700378788,data_pipeline/raw/hi/hi_014_S4259918700378788.flac,hi,S4258725600395882,/Users/adityasingh/Projects/Vocal-X/data_pipeline/raw/mr/mr_002_S4258725600395882.flac,marathi,different_speaker,-0.20406361382537883
S4259918700378788,data_pipeline/raw/hi/hi_014_S4259918700378788.flac,hi,S4258725600395882,/Users/adityasingh/Projects/Vocal-X/data_pipeline/raw/mr/mr_003_S4258725600395882.flac,marathi,different_speaker,-0.3765376055785476
S4259918700378788,data_pipeline/raw/hi/hi_014_S4259918700378788.flac,hi,S4257020900340702,/Users/adityasingh/Projects/Vocal-X/data_pipeline/raw/mr/mr_004_S4257020900340702.flac,marathi,different_speaker,0.126664741860368
S4259918700378788,data_pipeline/raw/hi/hi_014_S4259918700378788.flac,hi,S4257020900340702,/Users/adityasingh/Projects/Vocal-X/data_pipeline/raw/mr/mr_005_S4257020900340702.flac,marathi,different_speaker,0.20127067960887698
S4259918700378788,data_pipeline/raw/hi/hi_014_S4259918700378788.flac,hi,S4257020900340702,/Users/adityasingh/Projects/Vocal-X/data_pipeline/raw/mr/mr_006_S4257020900340702.flac,marathi,different_speaker,0.35205098550963854
S4259918700378788,data_pipeline/raw/hi/hi_014_S4259918700378788.flac,hi,S4259734500395875,/Users/adityasingh/Projects/Vocal-X/data_pipeline/raw/mr/mr_007_S4259734500395875.flac,marathi,different_speaker,-0.15588140491422897
S4259918700378788,data_pipeline/raw/hi/hi_014_S4259918700378788.flac,hi,S4259734500395875,/Users/adityasingh/Projects/Vocal-X/data_pipeline/raw/mr/mr_008_S4259734500395875.flac,marathi,different_speaker,-0.3919450254845546
S4259918700378788,data_pipeline/raw/hi/hi_014_S4259918700378788.flac,hi,S4259734500395875,/Users/adityasingh/Projects/Vocal-X/data_pipeline/raw/mr/mr_009_S4259734500395875.flac,marathi,different_speaker,-0.2915596957758363
S4259918700378788,data_pipeline/raw/hi/hi_014_S4259918700378788.flac,hi,S4257242800308984,/Users/adityasingh/Projects/Vocal-X/data_pipeline/raw/mr/mr_010_S4257242800308984.flac,marathi,different_speaker,-0.2736545219194726
S4259918700378788,data_pipeline/raw/hi/hi_014_S4259918700378788.flac,hi,S4257242800308984,/Users/adityasingh/Projects/Vocal-X/data_pipeline/raw/mr/mr_011_S4257242800308984.flac,marathi,different_speaker,-0.16603004806306684
S4259918700378788,data_pipeline/raw/hi/hi_014_S4259918700378788.flac,hi,S4257242800308984,/Users/adityasingh/Projects/Vocal-X/data_pipeline/raw/mr/mr_012_S4257242800308984.flac,marathi,different_speaker,0.27962046360909554
S4259918700378788,data_pipeline/raw/hi/hi_014_S4259918700378788.flac,hi,S4258045600338732,/Users/adityasingh/Projects/Vocal-X/data_pipeline/raw/mr/mr_013_S4258045600338732.flac,marathi,different_speaker,-0.45491367260878246
S4259918700378788,data_pipeline/raw/hi/hi_014_S4259918700378788.flac,hi,S4258045600338732,/Users/adityasingh/Projects/Vocal-X/data_pipeline/raw/mr/mr_014_S4258045600338732.flac,marathi,different_speaker,-0.3383578715046009
S4259918700378788,data_pipeline/raw/hi/hi_014_S4259918700378788.flac,hi,S4258045600338732,/Users/adityasingh/Projects/Vocal-X/data_pipeline/raw/mr/mr_015_S4258045600338732.flac,marathi,different_speaker,-0.16036589826960895
S4259918700378788,data_pipeline/raw/hi/hi_015_S4259918700378788.flac,hi,S4259758000344036,/Users/adityasingh/Projects/Vocal-X/data_pipeline/raw/bn/bn_001_S4259758000344036.flac,bengali,different_speaker,0.39965548546073526
S4259918700378788,data_pipeline/raw/hi/hi_015_S4259918700378788.flac,hi,S4259758000344036,/Users/adityasingh/Projects/Vocal-X/data_pipeline/raw/bn/bn_002_S4259758000344036.flac,bengali,different_speaker,0.46459754756237603
S4259918700378788,data_pipeline/raw/hi/hi_015_S4259918700378788.flac,hi,S4259758000344036,/Users/adityasingh/Projects/Vocal-X/data_pipeline/raw/bn/bn_003_S4259758000344036.flac,bengali,different_speaker,0.39340377142387833
S4259918700378788,data_pipeline/raw/hi/hi_015_S4259918700378788.flac,hi,S4257409800358613,/Users/adityasingh/Projects/Vocal-X/data_pipeline/raw/bn/bn_004_S4257409800358613.flac,bengali,different_speaker,-0.5452289860832069
S4259918700378788,data_pipeline/raw/hi/hi_015_S4259918700378788.flac,hi,S4257409800358613,/Users/adityasingh/Projects/Vocal-X/data_pipeline/raw/bn/bn_005_S4257409800358613.flac,bengali,different_speaker,-0.33426483788785727
S4259918700378788,data_pipeline/raw/hi/hi_015_S4259918700378788.flac,hi,S4257409800358613,/Users/adityasingh/Projects/Vocal-X/data_pipeline/raw/bn/bn_006_S4257409800358613.flac,bengali,different_speaker,-0.571794824550712
S4259918700378788,data_pipeline/raw/hi/hi_015_S4259918700378788.flac,hi,S4259674400304151,/Users/adityasingh/Projects/Vocal-X/data_pipeline/raw/bn/bn_007_S4259674400304151.flac,bengali,different_speaker,-0.11211472955665608
S4259918700378788,data_pipeline/raw/hi/hi_015_S4259918700378788.flac,hi,S4259674400304151,/Users/adityasingh/Projects/Vocal-X/data_pipeline/raw/bn/bn_008_S4259674400304151.flac,bengali,different_speaker,-0.16325158269061973
S4259918700378788,data_pipeline/raw/hi/hi_015_S4259918700378788.flac,hi,S4259674400304151,/Users/adityasingh/Projects/Vocal-X/data_pipeline/raw/bn/bn_009_S4259674400304151.flac,bengali,different_speaker,-0.06268657544320864
S4259918700378788,data_pipeline/raw/hi/hi_015_S4259918700378788.flac,hi,S4256944600325233,/Users/adityasingh/Projects/Vocal-X/data_pipeline/raw/bn/bn_010_S4256944600325233.flac,bengali,different_speaker,-0.48614796951382705
S4259918700378788,data_pipeline/raw/hi/hi_015_S4259918700378788.flac,hi,S4256944600325233,/Users/adityasingh/Projects/Vocal-X/data_pipeline/raw/bn/bn_011_S4256944600325233.flac,bengali,different_speaker,-0.27508504999464445
S4259918700378788,data_pipeline/raw/hi/hi_015_S4259918700378788.flac,hi,S4256944600325233,/Users/adityasingh/Projects/Vocal-X/data_pipeline/raw/bn/bn_012_S4256944600325233.flac,bengali,different_speaker,-0.20840424059433385
S4259918700378788,data_pipeline/raw/hi/hi_015_S4259918700378788.flac,hi,S4258791300331826,/Users/adityasingh/Projects/Vocal-X/data_pipeline/raw/bn/bn_013_S4258791300331826.flac,bengali,different_speaker,0.3154877465350872
S4259918700378788,data_pipeline/raw/hi/hi_015_S4259918700378788.flac,hi,S4258791300331826,/Users/adityasingh/Projects/Vocal-X/data_pipeline/raw/bn/bn_014_S4258791300331826.flac,bengali,different_speaker,0.19187632690613002
S4259918700378788,data_pipeline/raw/hi/hi_015_S4259918700378788.flac,hi,S4258791300331826,/Users/adityasingh/Projects/Vocal-X/data_pipeline/raw/bn/bn_015_S4258791300331826.flac,bengali,different_speaker,0.15982906502466085
S4259918700378788,data_pipeline/raw/hi/hi_015_S4259918700378788.flac,hi,S4258178900302423,/Users/adityasingh/Projects/Vocal-X/data_pipeline/raw/ta/ta_001_S4258178900302423.flac,tamil,different_speaker,-0.48786748724554485
S4259918700378788,data_pipeline/raw/hi/hi_015_S4259918700378788.flac,hi,S4258178900302423,/Users/adityasingh/Projects/Vocal-X/data_pipeline/raw/ta/ta_002_S4258178900302423.flac,tamil,different_speaker,-0.4073345596445159
S4259918700378788,data_pipeline/raw/hi/hi_015_S4259918700378788.flac,hi,S4258178900302423,/Users/adityasingh/Projects/Vocal-X/data_pipeline/raw/ta/ta_003_S4258178900302423.flac,tamil,different_speaker,-0.142029020469665
S4259918700378788,data_pipeline/raw/hi/hi_015_S4259918700378788.flac,hi,S4258116500302929,/Users/adityasingh/Projects/Vocal-X/data_pipeline/raw/ta/ta_004_S4258116500302929.flac,tamil,different_speaker,0.289576747879431
S4259918700378788,data_pipeline/raw/hi/hi_015_S4259918700378788.flac,hi,S4258116500302929,/Users/adityasingh/Projects/Vocal-X/data_pipeline/raw/ta/ta_005_S4258116500302929.flac,tamil,different_speaker,0.46991314581869004
S4259918700378788,data_pipeline/raw/hi/hi_015_S4259918700378788.flac,hi,S4258116500302929,/Users/adityasingh/Projects/Vocal-X/data_pipeline/raw/ta/ta_006_S4258116500302929.flac,tamil,different_speaker,0.3069147773254309
S4259918700378788,data_pipeline/raw/hi/hi_015_S4259918700378788.flac,hi,S4259940500370780,/Users/adityasingh/Projects/Vocal-X/data_pipeline/raw/ta/ta_007_S4259940500370780.flac,tamil,different_speaker,-0.3472529583153233
S4259918700378788,data_pipeline/raw/hi/hi_015_S4259918700378788.flac,hi,S4259940500370780,/Users/adityasingh/Projects/Vocal-X/data_pipeline/raw/ta/ta_008_S4259940500370780.flac,tamil,different_speaker,-0.20575892862093148
S4259918700378788,data_pipeline/raw/hi/hi_015_S4259918700378788.flac,hi,S4259940500370780,/Users/adityasingh/Projects/Vocal-X/data_pipeline/raw/ta/ta_009_S4259940500370780.flac,tamil,different_speaker,-0.36964044934729234
S4259918700378788,data_pipeline/raw/hi/hi_015_S4259918700378788.flac,hi,S4256668200339016,/Users/adityasingh/Projects/Vocal-X/data_pipeline/raw/ta/ta_010_S4256668200339016.flac,tamil,different_speaker,0.016792632433580507
S4259918700378788,data_pipeline/raw/hi/hi_015_S4259918700378788.flac,hi,S4256668200339016,/Users/adityasingh/Projects/Vocal-X/data_pipeline/raw/ta/ta_011_S4256668200339016.flac,tamil,different_speaker,-0.23391818035972956
S4259918700378788,data_pipeline/raw/hi/hi_015_S4259918700378788.flac,hi,S4256668200339016,/Users/adityasingh/Projects/Vocal-X/data_pipeline/raw/ta/ta_012_S4256668200339016.flac,tamil,different_speaker,-0.08494776950060721
S4259918700378788,data_pipeline/raw/hi/hi_015_S4259918700378788.flac,hi,S4259477200334929,/Users/adityasingh/Projects/Vocal-X/data_pipeline/raw/ta/ta_013_S4259477200334929.flac,tamil,different_speaker,0.13189857112662684
S4259918700378788,data_pipeline/raw/hi/hi_015_S4259918700378788.flac,hi,S4259477200334929,/Users/adityasingh/Projects/Vocal-X/data_pipeline/raw/ta/ta_014_S4259477200334929.flac,tamil,different_speaker,0.2131525403386405
S4259918700378788,data_pipeline/raw/hi/hi_015_S4259918700378788.flac,hi,S4259477200334929,/Users/adityasingh/Projects/Vocal-X/data_pipeline/raw/ta/ta_015_S4259477200334929.flac,tamil,different_speaker,-0.09812895672372064
S4259918700378788,data_pipeline/raw/hi/hi_015_S4259918700378788.flac,hi,S4257363100302319,/Users/adityasingh/Projects/Vocal-X/data_pipeline/raw/te/te_001_S4257363100302319.flac,telugu,different_speaker,-0.18483004308080223
S4259918700378788,data_pipeline/raw/hi/hi_015_S4259918700378788.flac,hi,S4257363100302319,/Users/adityasingh/Projects/Vocal-X/data_pipeline/raw/te/te_002_S4257363100302319.flac,telugu,different_speaker,0.06425694620761543
S4259918700378788,data_pipeline/raw/hi/hi_015_S4259918700378788.flac,hi,S4257363100302319,/Users/adityasingh/Projects/Vocal-X/data_pipeline/raw/te/te_003_S4257363100302319.flac,telugu,different_speaker,0.0842092301020844
S4259918700378788,data_pipeline/raw/hi/hi_015_S4259918700378788.flac,hi,S4259919200330829,/Users/adityasingh/Projects/Vocal-X/data_pipeline/raw/te/te_004_S4259919200330829.flac,telugu,different_speaker,-0.0508050631948274
S4259918700378788,data_pipeline/raw/hi/hi_015_S4259918700378788.flac,hi,S4259919200330829,/Users/adityasingh/Projects/Vocal-X/data_pipeline/raw/te/te_005_S4259919200330829.flac,telugu,different_speaker,0.22455405103878806
S4259918700378788,data_pipeline/raw/hi/hi_015_S4259918700378788.flac,hi,S4259919200330829,/Users/adityasingh/Projects/Vocal-X/data_pipeline/raw/te/te_006_S4259919200330829.flac,telugu,different_speaker,-0.14412786199871833
S4259918700378788,data_pipeline/raw/hi/hi_015_S4259918700378788.flac,hi,S4259557300391493,/Users/adityasingh/Projects/Vocal-X/data_pipeline/raw/te/te_007_S4259557300391493.flac,telugu,different_speaker,-0.32325101669672324
S4259918700378788,data_pipeline/raw/hi/hi_015_S4259918700378788.flac,hi,S4259557300391493,/Users/adityasingh/Projects/Vocal-X/data_pipeline/raw/te/te_008_S4259557300391493.flac,telugu,different_speaker,-0.10720593915129126
S4259918700378788,data_pipeline/raw/hi/hi_015_S4259918700378788.flac,hi,S4259557300391493,/Users/adityasingh/Projects/Vocal-X/data_pipeline/raw/te/te_009_S4259557300391493.flac,telugu,different_speaker,0.05530832048197335
S4259918700378788,data_pipeline/raw/hi/hi_015_S4259918700378788.flac,hi,S4259010000375320,/Users/adityasingh/Projects/Vocal-X/data_pipeline/raw/te/te_010_S4259010000375320.flac,telugu,different_speaker,-0.34239740808274555
S4259918700378788,data_pipeline/raw/hi/hi_015_S4259918700378788.flac,hi,S4259010000375320,/Users/adityasingh/Projects/Vocal-X/data_pipeline/raw/te/te_011_S4259010000375320.flac,telugu,different_speaker,-0.408088623808167
S4259918700378788,data_pipeline/raw/hi/hi_015_S4259918700378788.flac,hi,S4259010000375320,/Users/adityasingh/Projects/Vocal-X/data_pipeline/raw/te/te_012_S4259010000375320.flac,telugu,different_speaker,-0.5854248817325873
S4259918700378788,data_pipeline/raw/hi/hi_015_S4259918700378788.flac,hi,S4257321800337643,/Users/adityasingh/Projects/Vocal-X/data_pipeline/raw/te/te_013_S4257321800337643.flac,telugu,different_speaker,-0.3442299447311965
S4259918700378788,data_pipeline/raw/hi/hi_015_S4259918700378788.flac,hi,S4257321800337643,/Users/adityasingh/Projects/Vocal-X/data_pipeline/raw/te/te_014_S4257321800337643.flac,telugu,different_speaker,-0.19945068159628163
S4259918700378788,data_pipeline/raw/hi/hi_015_S4259918700378788.flac,hi,S4257321800337643,/Users/adityasingh/Projects/Vocal-X/data_pipeline/raw/te/te_015_S4257321800337643.flac,telugu,different_speaker,-0.2253840041921942
S4259918700378788,data_pipeline/raw/hi/hi_015_S4259918700378788.flac,hi,S4258725600395882,/Users/adityasingh/Projects/Vocal-X/data_pipeline/raw/mr/mr_001_S4258725600395882.flac,marathi,different_speaker,-0.022915604399944424
S4259918700378788,data_pipeline/raw/hi/hi_015_S4259918700378788.flac,hi,S4258725600395882,/Users/adityasingh/Projects/Vocal-X/data_pipeline/raw/mr/mr_002_S4258725600395882.flac,marathi,different_speaker,-0.24063712400993795
S4259918700378788,data_pipeline/raw/hi/hi_015_S4259918700378788.flac,hi,S4258725600395882,/Users/adityasingh/Projects/Vocal-X/data_pipeline/raw/mr/mr_003_S4258725600395882.flac,marathi,different_speaker,-0.27878519278849334
S4259918700378788,data_pipeline/raw/hi/hi_015_S4259918700378788.flac,hi,S4257020900340702,/Users/adityasingh/Projects/Vocal-X/data_pipeline/raw/mr/mr_004_S4257020900340702.flac,marathi,different_speaker,0.014265957459555003
S4259918700378788,data_pipeline/raw/hi/hi_015_S4259918700378788.flac,hi,S4257020900340702,/Users/adityasingh/Projects/Vocal-X/data_pipeline/raw/mr/mr_005_S4257020900340702.flac,marathi,different_speaker,0.055639879265996756
S4259918700378788,data_pipeline/raw/hi/hi_015_S4259918700378788.flac,hi,S4257020900340702,/Users/adityasingh/Projects/Vocal-X/data_pipeline/raw/mr/mr_006_S4257020900340702.flac,marathi,different_speaker,0.23585318457569313
S4259918700378788,data_pipeline/raw/hi/hi_015_S4259918700378788.flac,hi,S4259734500395875,/Users/adityasingh/Projects/Vocal-X/data_pipeline/raw/mr/mr_007_S4259734500395875.flac,marathi,different_speaker,-0.17583340218856247
S4259918700378788,data_pipeline/raw/hi/hi_015_S4259918700378788.flac,hi,S4259734500395875,/Users/adityasingh/Projects/Vocal-X/data_pipeline/raw/mr/mr_008_S4259734500395875.flac,marathi,different_speaker,-0.270750072299708
S4259918700378788,data_pipeline/raw/hi/hi_015_S4259918700378788.flac,hi,S4259734500395875,/Users/adityasingh/Projects/Vocal-X/data_pipeline/raw/mr/mr_009_S4259734500395875.flac,marathi,different_speaker,-0.256343883332077
S4259918700378788,data_pipeline/raw/hi/hi_015_S4259918700378788.flac,hi,S4257242800308984,/Users/adityasingh/Projects/Vocal-X/data_pipeline/raw/mr/mr_010_S4257242800308984.flac,marathi,different_speaker,-0.3455792332329005
S4259918700378788,data_pipeline/raw/hi/hi_015_S4259918700378788.flac,hi,S4257242800308984,/Users/adityasingh/Projects/Vocal-X/data_pipeline/raw/mr/mr_011_S4257242800308984.flac,marathi,different_speaker,-0.20184313553959068
S4259918700378788,data_pipeline/raw/hi/hi_015_S4259918700378788.flac,hi,S4257242800308984,/Users/adityasingh/Projects/Vocal-X/data_pipeline/raw/mr/mr_012_S4257242800308984.flac,marathi,different_speaker,0.19157076409096274
S4259918700378788,data_pipeline/raw/hi/hi_015_S4259918700378788.flac,hi,S4258045600338732,/Users/adityasingh/Projects/Vocal-X/data_pipeline/raw/mr/mr_013_S4258045600338732.flac,marathi,different_speaker,-0.40703319612738154
S4259918700378788,data_pipeline/raw/hi/hi_015_S4259918700378788.flac,hi,S4258045600338732,/Users/adityasingh/Projects/Vocal-X/data_pipeline/raw/mr/mr_014_S4258045600338732.flac,marathi,different_speaker,-0.27365689345358063
S4259918700378788,data_pipeline/raw/hi/hi_015_S4259918700378788.flac,hi,S4258045600338732,/Users/adityasingh/Projects/Vocal-X/data_pipeline/raw/mr/mr_015_S4258045600338732.flac,marathi,different_speaker,-0.09646456307975279
S4259758000344036,/Users/adityasingh/Projects/Vocal-X/data_pipeline/raw/bn/bn_001_S4259758000344036.flac,bengali,S4259758000344036,/Users/adityasingh/Projects/Vocal-X/data_pipeline/raw/bn/bn_002_S4259758000344036.flac,bengali,same_speaker,0.9427615132872887
S4259758000344036,/Users/adityasingh/Projects/Vocal-X/data_pipeline/raw/bn/bn_001_S4259758000344036.flac,bengali,S4259758000344036,/Users/adityasingh/Projects/Vocal-X/data_pipeline/raw/bn/bn_003_S4259758000344036.flac,bengali,same_speaker,0.835862510272827
S4259758000344036,/Users/adityasingh/Projects/Vocal-X/data_pipeline/raw/bn/bn_001_S4259758000344036.flac,bengali,S4257409800358613,/Users/adityasingh/Projects/Vocal-X/data_pipeline/raw/bn/bn_004_S4257409800358613.flac,bengali,different_speaker,-0.15706502514722626
S4259758000344036,/Users/adityasingh/Projects/Vocal-X/data_pipeline/raw/bn/bn_001_S4259758000344036.flac,bengali,S4257409800358613,/Users/adityasingh/Projects/Vocal-X/data_pipeline/raw/bn/bn_005_S4257409800358613.flac,bengali,different_speaker,0.11768873553261765
S4259758000344036,/Users/adityasingh/Projects/Vocal-X/data_pipeline/raw/bn/bn_001_S4259758000344036.flac,bengali,S4257409800358613,/Users/adityasingh/Projects/Vocal-X/data_pipeline/raw/bn/bn_006_S4257409800358613.flac,bengali,different_speaker,-0.054828544777638655
S4259758000344036,/Users/adityasingh/Projects/Vocal-X/data_pipeline/raw/bn/bn_001_S4259758000344036.flac,bengali,S4259674400304151,/Users/adityasingh/Projects/Vocal-X/data_pipeline/raw/bn/bn_007_S4259674400304151.flac,bengali,different_speaker,-0.03357715027766692
S4259758000344036,/Users/adityasingh/Projects/Vocal-X/data_pipeline/raw/bn/bn_001_S4259758000344036.flac,bengali,S4259674400304151,/Users/adityasingh/Projects/Vocal-X/data_pipeline/raw/bn/bn_008_S4259674400304151.flac,bengali,different_speaker,-0.1308555389941231
S4259758000344036,/Users/adityasingh/Projects/Vocal-X/data_pipeline/raw/bn/bn_001_S4259758000344036.flac,bengali,S4259674400304151,/Users/adityasingh/Projects/Vocal-X/data_pipeline/raw/bn/bn_009_S4259674400304151.flac,bengali,different_speaker,-0.19274753117481047
S4259758000344036,/Users/adityasingh/Projects/Vocal-X/data_pipeline/raw/bn/bn_001_S4259758000344036.flac,bengali,S4256944600325233,/Users/adityasingh/Projects/Vocal-X/data_pipeline/raw/bn/bn_010_S4256944600325233.flac,bengali,different_speaker,-0.05223466705738513
S4259758000344036,/Users/adityasingh/Projects/Vocal-X/data_pipeline/raw/bn/bn_001_S4259758000344036.flac,bengali,S4256944600325233,/Users/adityasingh/Projects/Vocal-X/data_pipeline/raw/bn/bn_011_S4256944600325233.flac,bengali,different_speaker,-0.17552362756111864
S4259758000344036,/Users/adityasingh/Projects/Vocal-X/data_pipeline/raw/bn/bn_001_S4259758000344036.flac,bengali,S4256944600325233,/Users/adityasingh/Projects/Vocal-X/data_pipeline/raw/bn/bn_012_S4256944600325233.flac,bengali,different_speaker,-0.1779071637325817
S4259758000344036,/Users/adityasingh/Projects/Vocal-X/data_pipeline/raw/bn/bn_001_S4259758000344036.flac,bengali,S4258791300331826,/Users/adityasingh/Projects/Vocal-X/data_pipeline/raw/bn/bn_013_S4258791300331826.flac,bengali,different_speaker,0.40485246912698714
S4259758000344036,/Users/adityasingh/Projects/Vocal-X/data_pipeline/raw/bn/bn_001_S4259758000344036.flac,bengali,S4258791300331826,/Users/adityasingh/Projects/Vocal-X/data_pipeline/raw/bn/bn_014_S4258791300331826.flac,bengali,different_speaker,0.37883915552148323
S4259758000344036,/Users/adityasingh/Projects/Vocal-X/data_pipeline/raw/bn/bn_001_S4259758000344036.flac,bengali,S4258791300331826,/Users/adityasingh/Projects/Vocal-X/data_pipeline/raw/bn/bn_015_S4258791300331826.flac,bengali,different_speaker,0.48169198950992737
S4259758000344036,/Users/adityasingh/Projects/Vocal-X/data_pipeline/raw/bn/bn_001_S4259758000344036.flac,bengali,S4258178900302423,/Users/adityasingh/Projects/Vocal-X/data_pipeline/raw/ta/ta_001_S4258178900302423.flac,tamil,different_speaker,-0.41487490495971674
S4259758000344036,/Users/adityasingh/Projects/Vocal-X/data_pipeline/raw/bn/bn_001_S4259758000344036.flac,bengali,S4258178900302423,/Users/adityasingh/Projects/Vocal-X/data_pipeline/raw/ta/ta_002_S4258178900302423.flac,tamil,different_speaker,-0.14001984055404273
S4259758000344036,/Users/adityasingh/Projects/Vocal-X/data_pipeline/raw/bn/bn_001_S4259758000344036.flac,bengali,S4258178900302423,/Users/adityasingh/Projects/Vocal-X/data_pipeline/raw/ta/ta_003_S4258178900302423.flac,tamil,different_speaker,-0.00998904786714008
S4259758000344036,/Users/adityasingh/Projects/Vocal-X/data_pipeline/raw/bn/bn_001_S4259758000344036.flac,bengali,S4258116500302929,/Users/adityasingh/Projects/Vocal-X/data_pipeline/raw/ta/ta_004_S4258116500302929.flac,tamil,different_speaker,-0.021204388479965978
S4259758000344036,/Users/adityasingh/Projects/Vocal-X/data_pipeline/raw/bn/bn_001_S4259758000344036.flac,bengali,S4258116500302929,/Users/adityasingh/Projects/Vocal-X/data_pipeline/raw/ta/ta_005_S4258116500302929.flac,tamil,different_speaker,0.0978592060192459
S4259758000344036,/Users/adityasingh/Projects/Vocal-X/data_pipeline/raw/bn/bn_001_S4259758000344036.flac,bengali,S4258116500302929,/Users/adityasingh/Projects/Vocal-X/data_pipeline/raw/ta/ta_006_S4258116500302929.flac,tamil,different_speaker,0.05811436300452111
S4259758000344036,/Users/adityasingh/Projects/Vocal-X/data_pipeline/raw/bn/bn_001_S4259758000344036.flac,bengali,S4259940500370780,/Users/adityasingh/Projects/Vocal-X/data_pipeline/raw/ta/ta_007_S4259940500370780.flac,tamil,different_speaker,-0.5783880133571764
S4259758000344036,/Users/adityasingh/Projects/Vocal-X/data_pipeline/raw/bn/bn_001_S4259758000344036.flac,bengali,S4259940500370780,/Users/adityasingh/Projects/Vocal-X/data_pipeline/raw/ta/ta_008_S4259940500370780.flac,tamil,different_speaker,-0.1599732626571608
S4259758000344036,/Users/adityasingh/Projects/Vocal-X/data_pipeline/raw/bn/bn_001_S4259758000344036.flac,bengali,S4259940500370780,/Users/adityasingh/Projects/Vocal-X/data_pipeline/raw/ta/ta_009_S4259940500370780.flac,tamil,different_speaker,-0.16260296449112488
S4259758000344036,/Users/adityasingh/Projects/Vocal-X/data_pipeline/raw/bn/bn_001_S4259758000344036.flac,bengali,S4256668200339016,/Users/adityasingh/Projects/Vocal-X/data_pipeline/raw/ta/ta_010_S4256668200339016.flac,tamil,different_speaker,-0.18305091617487995
S4259758000344036,/Users/adityasingh/Projects/Vocal-X/data_pipeline/raw/bn/bn_001_S4259758000344036.flac,bengali,S4256668200339016,/Users/adityasingh/Projects/Vocal-X/data_pipeline/raw/ta/ta_011_S4256668200339016.flac,tamil,different_speaker,-0.3471051723469118
S4259758000344036,/Users/adityasingh/Projects/Vocal-X/data_pipeline/raw/bn/bn_001_S4259758000344036.flac,bengali,S4256668200339016,/Users/adityasingh/Projects/Vocal-X/data_pipeline/raw/ta/ta_012_S4256668200339016.flac,tamil,different_speaker,-0.28174106011294675
S4259758000344036,/Users/adityasingh/Projects/Vocal-X/data_pipeline/raw/bn/bn_001_S4259758000344036.flac,bengali,S4259477200334929,/Users/adityasingh/Projects/Vocal-X/data_pipeline/raw/ta/ta_013_S4259477200334929.flac,tamil,different_speaker,0.5947092274721878
S4259758000344036,/Users/adityasingh/Projects/Vocal-X/data_pipeline/raw/bn/bn_001_S4259758000344036.flac,bengali,S4259477200334929,/Users/adityasingh/Projects/Vocal-X/data_pipeline/raw/ta/ta_014_S4259477200334929.flac,tamil,different_speaker,0.7270240425783597
S4259758000344036,/Users/adityasingh/Projects/Vocal-X/data_pipeline/raw/bn/bn_001_S4259758000344036.flac,bengali,S4259477200334929,/Users/adityasingh/Projects/Vocal-X/data_pipeline/raw/ta/ta_015_S4259477200334929.flac,tamil,different_speaker,0.40765054651073795
S4259758000344036,/Users/adityasingh/Projects/Vocal-X/data_pipeline/raw/bn/bn_001_S4259758000344036.flac,bengali,S4257363100302319,/Users/adityasingh/Projects/Vocal-X/data_pipeline/raw/te/te_001_S4257363100302319.flac,telugu,different_speaker,-0.22836673191655266
S4259758000344036,/Users/adityasingh/Projects/Vocal-X/data_pipeline/raw/bn/bn_001_S4259758000344036.flac,bengali,S4257363100302319,/Users/adityasingh/Projects/Vocal-X/data_pipeline/raw/te/te_002_S4257363100302319.flac,telugu,different_speaker,-0.3759506745981384
S4259758000344036,/Users/adityasingh/Projects/Vocal-X/data_pipeline/raw/bn/bn_001_S4259758000344036.flac,bengali,S4257363100302319,/Users/adityasingh/Projects/Vocal-X/data_pipeline/raw/te/te_003_S4257363100302319.flac,telugu,different_speaker,-0.14715217299767422
S4259758000344036,/Users/adityasingh/Projects/Vocal-X/data_pipeline/raw/bn/bn_001_S4259758000344036.flac,bengali,S4259919200330829,/Users/adityasingh/Projects/Vocal-X/data_pipeline/raw/te/te_004_S4259919200330829.flac,telugu,different_speaker,-0.41216646867049295
S4259758000344036,/Users/adityasingh/Projects/Vocal-X/data_pipeline/raw/bn/bn_001_S4259758000344036.flac,bengali,S4259919200330829,/Users/adityasingh/Projects/Vocal-X/data_pipeline/raw/te/te_005_S4259919200330829.flac,telugu,different_speaker,-0.19329749788838943
S4259758000344036,/Users/adityasingh/Projects/Vocal-X/data_pipeline/raw/bn/bn_001_S4259758000344036.flac,bengali,S4259919200330829,/Users/adityasingh/Projects/Vocal-X/data_pipeline/raw/te/te_006_S4259919200330829.flac,telugu,different_speaker,-0.4432892003135437
S4259758000344036,/Users/adityasingh/Projects/Vocal-X/data_pipeline/raw/bn/bn_001_S4259758000344036.flac,bengali,S4259557300391493,/Users/adityasingh/Projects/Vocal-X/data_pipeline/raw/te/te_007_S4259557300391493.flac,telugu,different_speaker,-0.4922567995210253
S4259758000344036,/Users/adityasingh/Projects/Vocal-X/data_pipeline/raw/bn/bn_001_S4259758000344036.flac,bengali,S4259557300391493,/Users/adityasingh/Projects/Vocal-X/data_pipeline/raw/te/te_008_S4259557300391493.flac,telugu,different_speaker,-0.27284959180736157
S4259758000344036,/Users/adityasingh/Projects/Vocal-X/data_pipeline/raw/bn/bn_001_S4259758000344036.flac,bengali,S4259557300391493,/Users/adityasingh/Projects/Vocal-X/data_pipeline/raw/te/te_009_S4259557300391493.flac,telugu,different_speaker,-0.5751340101460355
S4259758000344036,/Users/adityasingh/Projects/Vocal-X/data_pipeline/raw/bn/bn_001_S4259758000344036.flac,bengali,S4259010000375320,/Users/adityasingh/Projects/Vocal-X/data_pipeline/raw/te/te_010_S4259010000375320.flac,telugu,different_speaker,-0.1889599383522574
S4259758000344036,/Users/adityasingh/Projects/Vocal-X/data_pipeline/raw/bn/bn_001_S4259758000344036.flac,bengali,S4259010000375320,/Users/adityasingh/Projects/Vocal-X/data_pipeline/raw/te/te_011_S4259010000375320.flac,telugu,different_speaker,-0.1428938794438268
S4259758000344036,/Users/adityasingh/Projects/Vocal-X/data_pipeline/raw/bn/bn_001_S4259758000344036.flac,bengali,S4259010000375320,/Users/adityasingh/Projects/Vocal-X/data_pipeline/raw/te/te_012_S4259010000375320.flac,telugu,different_speaker,-0.1930261912451949
S4259758000344036,/Users/adityasingh/Projects/Vocal-X/data_pipeline/raw/bn/bn_001_S4259758000344036.flac,bengali,S4257321800337643,/Users/adityasingh/Projects/Vocal-X/data_pipeline/raw/te/te_013_S4257321800337643.flac,telugu,different_speaker,-0.02986315245434449
S4259758000344036,/Users/adityasingh/Projects/Vocal-X/data_pipeline/raw/bn/bn_001_S4259758000344036.flac,bengali,S4257321800337643,/Users/adityasingh/Projects/Vocal-X/data_pipeline/raw/te/te_014_S4257321800337643.flac,telugu,different_speaker,-0.25183334942298163
S4259758000344036,/Users/adityasingh/Projects/Vocal-X/data_pipeline/raw/bn/bn_001_S4259758000344036.flac,bengali,S4257321800337643,/Users/adityasingh/Projects/Vocal-X/data_pipeline/raw/te/te_015_S4257321800337643.flac,telugu,different_speaker,-0.18722701842891418
S4259758000344036,/Users/adityasingh/Projects/Vocal-X/data_pipeline/raw/bn/bn_001_S4259758000344036.flac,bengali,S4258725600395882,/Users/adityasingh/Projects/Vocal-X/data_pipeline/raw/mr/mr_001_S4258725600395882.flac,marathi,different_speaker,-0.42485979371047217
S4259758000344036,/Users/adityasingh/Projects/Vocal-X/data_pipeline/raw/bn/bn_001_S4259758000344036.flac,bengali,S4258725600395882,/Users/adityasingh/Projects/Vocal-X/data_pipeline/raw/mr/mr_002_S4258725600395882.flac,marathi,different_speaker,-0.3756680752086717
S4259758000344036,/Users/adityasingh/Projects/Vocal-X/data_pipeline/raw/bn/bn_001_S4259758000344036.flac,bengali,S4258725600395882,/Users/adityasingh/Projects/Vocal-X/data_pipeline/raw/mr/mr_003_S4258725600395882.flac,marathi,different_speaker,-0.39224047195109185
S4259758000344036,/Users/adityasingh/Projects/Vocal-X/data_pipeline/raw/bn/bn_001_S4259758000344036.flac,bengali,S4257020900340702,/Users/adityasingh/Projects/Vocal-X/data_pipeline/raw/mr/mr_004_S4257020900340702.flac,marathi,different_speaker,0.08946829649039884
S4259758000344036,/Users/adityasingh/Projects/Vocal-X/data_pipeline/raw/bn/bn_001_S4259758000344036.flac,bengali,S4257020900340702,/Users/adityasingh/Projects/Vocal-X/data_pipeline/raw/mr/mr_005_S4257020900340702.flac,marathi,different_speaker,0.14538134761501725
S4259758000344036,/Users/adityasingh/Projects/Vocal-X/data_pipeline/raw/bn/bn_001_S4259758000344036.flac,bengali,S4257020900340702,/Users/adityasingh/Projects/Vocal-X/data_pipeline/raw/mr/mr_006_S4257020900340702.flac,marathi,different_speaker,0.32956174874723915
S4259758000344036,/Users/adityasingh/Projects/Vocal-X/data_pipeline/raw/bn/bn_001_S4259758000344036.flac,bengali,S4259734500395875,/Users/adityasingh/Projects/Vocal-X/data_pipeline/raw/mr/mr_007_S4259734500395875.flac,marathi,different_speaker,-0.5062494001983094
S4259758000344036,/Users/adityasingh/Projects/Vocal-X/data_pipeline/raw/bn/bn_001_S4259758000344036.flac,bengali,S4259734500395875,/Users/adityasingh/Projects/Vocal-X/data_pipeline/raw/mr/mr_008_S4259734500395875.flac,marathi,different_speaker,-0.22660118834628487
S4259758000344036,/Users/adityasingh/Projects/Vocal-X/data_pipeline/raw/bn/bn_001_S4259758000344036.flac,bengali,S4259734500395875,/Users/adityasingh/Projects/Vocal-X/data_pipeline/raw/mr/mr_009_S4259734500395875.flac,marathi,different_speaker,-0.07230557309268476
S4259758000344036,/Users/adityasingh/Projects/Vocal-X/data_pipeline/raw/bn/bn_001_S4259758000344036.flac,bengali,S4257242800308984,/Users/adityasingh/Projects/Vocal-X/data_pipeline/raw/mr/mr_010_S4257242800308984.flac,marathi,different_speaker,-0.1158167330833615
S4259758000344036,/Users/adityasingh/Projects/Vocal-X/data_pipeline/raw/bn/bn_001_S4259758000344036.flac,bengali,S4257242800308984,/Users/adityasingh/Projects/Vocal-X/data_pipeline/raw/mr/mr_011_S4257242800308984.flac,marathi,different_speaker,-0.34880507562360447
S4259758000344036,/Users/adityasingh/Projects/Vocal-X/data_pipeline/raw/bn/bn_001_S4259758000344036.flac,bengali,S4257242800308984,/Users/adityasingh/Projects/Vocal-X/data_pipeline/raw/mr/mr_012_S4257242800308984.flac,marathi,different_speaker,0.16345912521439188
S4259758000344036,/Users/adityasingh/Projects/Vocal-X/data_pipeline/raw/bn/bn_001_S4259758000344036.flac,bengali,S4258045600338732,/Users/adityasingh/Projects/Vocal-X/data_pipeline/raw/mr/mr_013_S4258045600338732.flac,marathi,different_speaker,-0.31326552660854073
S4259758000344036,/Users/adityasingh/Projects/Vocal-X/data_pipeline/raw/bn/bn_001_S4259758000344036.flac,bengali,S4258045600338732,/Users/adityasingh/Projects/Vocal-X/data_pipeline/raw/mr/mr_014_S4258045600338732.flac,marathi,different_speaker,-0.2491245777012111
S4259758000344036,/Users/adityasingh/Projects/Vocal-X/data_pipeline/raw/bn/bn_001_S4259758000344036.flac,bengali,S4258045600338732,/Users/adityasingh/Projects/Vocal-X/data_pipeline/raw/mr/mr_015_S4258045600338732.flac,marathi,different_speaker,-0.04209384044192132
S4259758000344036,/Users/adityasingh/Projects/Vocal-X/data_pipeline/raw/bn/bn_002_S4259758000344036.flac,bengali,S4259758000344036,/Users/adityasingh/Projects/Vocal-X/data_pipeline/raw/bn/bn_003_S4259758000344036.flac,bengali,same_speaker,0.8762015993260955
S4259758000344036,/Users/adityasingh/Projects/Vocal-X/data_pipeline/raw/bn/bn_002_S4259758000344036.flac,bengali,S4257409800358613,/Users/adityasingh/Projects/Vocal-X/data_pipeline/raw/bn/bn_004_S4257409800358613.flac,bengali,different_speaker,-0.2518101555104722
S4259758000344036,/Users/adityasingh/Projects/Vocal-X/data_pipeline/raw/bn/bn_002_S4259758000344036.flac,bengali,S4257409800358613,/Users/adityasingh/Projects/Vocal-X/data_pipeline/raw/bn/bn_005_S4257409800358613.flac,bengali,different_speaker,-0.05085419627243967
S4259758000344036,/Users/adityasingh/Projects/Vocal-X/data_pipeline/raw/bn/bn_002_S4259758000344036.flac,bengali,S4257409800358613,/Users/adityasingh/Projects/Vocal-X/data_pipeline/raw/bn/bn_006_S4257409800358613.flac,bengali,different_speaker,-0.23042132475142948
S4259758000344036,/Users/adityasingh/Projects/Vocal-X/data_pipeline/raw/bn/bn_002_S4259758000344036.flac,bengali,S4259674400304151,/Users/adityasingh/Projects/Vocal-X/data_pipeline/raw/bn/bn_007_S4259674400304151.flac,bengali,different_speaker,0.054859588980705545
S4259758000344036,/Users/adityasingh/Projects/Vocal-X/data_pipeline/raw/bn/bn_002_S4259758000344036.flac,bengali,S4259674400304151,/Users/adityasingh/Projects/Vocal-X/data_pipeline/raw/bn/bn_008_S4259674400304151.flac,bengali,different_speaker,-0.11685366513801941
S4259758000344036,/Users/adityasingh/Projects/Vocal-X/data_pipeline/raw/bn/bn_002_S4259758000344036.flac,bengali,S4259674400304151,/Users/adityasingh/Projects/Vocal-X/data_pipeline/raw/bn/bn_009_S4259674400304151.flac,bengali,different_speaker,-0.20304620576156598
S4259758000344036,/Users/adityasingh/Projects/Vocal-X/data_pipeline/raw/bn/bn_002_S4259758000344036.flac,bengali,S4256944600325233,/Users/adityasingh/Projects/Vocal-X/data_pipeline/raw/bn/bn_010_S4256944600325233.flac,bengali,different_speaker,-0.29090106113641157
S4259758000344036,/Users/adityasingh/Projects/Vocal-X/data_pipeline/raw/bn/bn_002_S4259758000344036.flac,bengali,S4256944600325233,/Users/adityasingh/Projects/Vocal-X/data_pipeline/raw/bn/bn_011_S4256944600325233.flac,bengali,different_speaker,-0.4000784424958991
S4259758000344036,/Users/adityasingh/Projects/Vocal-X/data_pipeline/raw/bn/bn_002_S4259758000344036.flac,bengali,S4256944600325233,/Users/adityasingh/Projects/Vocal-X/data_pipeline/raw/bn/bn_012_S4256944600325233.flac,bengali,different_speaker,-0.19596955044397552
S4259758000344036,/Users/adityasingh/Projects/Vocal-X/data_pipeline/raw/bn/bn_002_S4259758000344036.flac,bengali,S4258791300331826,/Users/adityasingh/Projects/Vocal-X/data_pipeline/raw/bn/bn_013_S4258791300331826.flac,bengali,different_speaker,0.5366190637317264
S4259758000344036,/Users/adityasingh/Projects/Vocal-X/data_pipeline/raw/bn/bn_002_S4259758000344036.flac,bengali,S4258791300331826,/Users/adityasingh/Projects/Vocal-X/data_pipeline/raw/bn/bn_014_S4258791300331826.flac,bengali,different_speaker,0.5630292727234434
S4259758000344036,/Users/adityasingh/Projects/Vocal-X/data_pipeline/raw/bn/bn_002_S4259758000344036.flac,bengali,S4258791300331826,/Users/adityasingh/Projects/Vocal-X/data_pipeline/raw/bn/bn_015_S4258791300331826.flac,bengali,different_speaker,0.6604248059094969
S4259758000344036,/Users/adityasingh/Projects/Vocal-X/data_pipeline/raw/bn/bn_002_S4259758000344036.flac,bengali,S4258178900302423,/Users/adityasingh/Projects/Vocal-X/data_pipeline/raw/ta/ta_001_S4258178900302423.flac,tamil,different_speaker,-0.3868329493591579
S4259758000344036,/Users/adityasingh/Projects/Vocal-X/data_pipeline/raw/bn/bn_002_S4259758000344036.flac,bengali,S4258178900302423,/Users/adityasingh/Projects/Vocal-X/data_pipeline/raw/ta/ta_002_S4258178900302423.flac,tamil,different_speaker,-0.18660244530667222
S4259758000344036,/Users/adityasingh/Projects/Vocal-X/data_pipeline/raw/bn/bn_002_S4259758000344036.flac,bengali,S4258178900302423,/Users/adityasingh/Projects/Vocal-X/data_pipeline/raw/ta/ta_003_S4258178900302423.flac,tamil,different_speaker,-0.05245830911297549
S4259758000344036,/Users/adityasingh/Projects/Vocal-X/data_pipeline/raw/bn/bn_002_S4259758000344036.flac,bengali,S4258116500302929,/Users/adityasingh/Projects/Vocal-X/data_pipeline/raw/ta/ta_004_S4258116500302929.flac,tamil,different_speaker,0.06925592713804042
S4259758000344036,/Users/adityasingh/Projects/Vocal-X/data_pipeline/raw/bn/bn_002_S4259758000344036.flac,bengali,S4258116500302929,/Users/adityasingh/Projects/Vocal-X/data_pipeline/raw/ta/ta_005_S4258116500302929.flac,tamil,different_speaker,0.24164131665826594
S4259758000344036,/Users/adityasingh/Projects/Vocal-X/data_pipeline/raw/bn/bn_002_S4259758000344036.flac,bengali,S4258116500302929,/Users/adityasingh/Projects/Vocal-X/data_pipeline/raw/ta/ta_006_S4258116500302929.flac,tamil,different_speaker,0.1399305624015524
S4259758000344036,/Users/adityasingh/Projects/Vocal-X/data_pipeline/raw/bn/bn_002_S4259758000344036.flac,bengali,S4259940500370780,/Users/adityasingh/Projects/Vocal-X/data_pipeline/raw/ta/ta_007_S4259940500370780.flac,tamil,different_speaker,-0.5359422210421709
S4259758000344036,/Users/adityasingh/Projects/Vocal-X/data_pipeline/raw/bn/bn_002_S4259758000344036.flac,bengali,S4259940500370780,/Users/adityasingh/Projects/Vocal-X/data_pipeline/raw/ta/ta_008_S4259940500370780.flac,tamil,different_speaker,-0.22826697899651474
S4259758000344036,/Users/adityasingh/Projects/Vocal-X/data_pipeline/raw/bn/bn_002_S4259758000344036.flac,bengali,S4259940500370780,/Users/adityasingh/Projects/Vocal-X/data_pipeline/raw/ta/ta_009_S4259940500370780.flac,tamil,different_speaker,-0.2806010512685181
S4259758000344036,/Users/adityasingh/Projects/Vocal-X/data_pipeline/raw/bn/bn_002_S4259758000344036.flac,bengali,S4256668200339016,/Users/adityasingh/Projects/Vocal-X/data_pipeline/raw/ta/ta_010_S4256668200339016.flac,tamil,different_speaker,-0.1303000201102052
S4259758000344036,/Users/adityasingh/Projects/Vocal-X/data_pipeline/raw/bn/bn_002_S4259758000344036.flac,bengali,S4256668200339016,/Users/adityasingh/Projects/Vocal-X/data_pipeline/raw/ta/ta_011_S4256668200339016.flac,tamil,different_speaker,-0.2294644275443815
S4259758000344036,/Users/adityasingh/Projects/Vocal-X/data_pipeline/raw/bn/bn_002_S4259758000344036.flac,bengali,S4256668200339016,/Users/adityasingh/Projects/Vocal-X/data_pipeline/raw/ta/ta_012_S4256668200339016.flac,tamil,different_speaker,-0.1980603712187959
S4259758000344036,/Users/adityasingh/Projects/Vocal-X/data_pipeline/raw/bn/bn_002_S4259758000344036.flac,bengali,S4259477200334929,/Users/adityasingh/Projects/Vocal-X/data_pipeline/raw/ta/ta_013_S4259477200334929.flac,tamil,different_speaker,0.5840786843980957
S4259758000344036,/Users/adityasingh/Projects/Vocal-X/data_pipeline/raw/bn/bn_002_S4259758000344036.flac,bengali,S4259477200334929,/Users/adityasingh/Projects/Vocal-X/data_pipeline/raw/ta/ta_014_S4259477200334929.flac,tamil,different_speaker,0.7222729293616698
S4259758000344036,/Users/adityasingh/Projects/Vocal-X/data_pipeline/raw/bn/bn_002_S4259758000344036.flac,bengali,S4259477200334929,/Users/adityasingh/Projects/Vocal-X/data_pipeline/raw/ta/ta_015_S4259477200334929.flac,tamil,different_speaker,0.4454320640217092
S4259758000344036,/Users/adityasingh/Projects/Vocal-X/data_pipeline/raw/bn/bn_002_S4259758000344036.flac,bengali,S4257363100302319,/Users/adityasingh/Projects/Vocal-X/data_pipeline/raw/te/te_001_S4257363100302319.flac,telugu,different_speaker,-0.29603666163979087
S4259758000344036,/Users/adityasingh/Projects/Vocal-X/data_pipeline/raw/bn/bn_002_S4259758000344036.flac,bengali,S4257363100302319,/Users/adityasingh/Projects/Vocal-X/data_pipeline/raw/te/te_002_S4257363100302319.flac,telugu,different_speaker,-0.34076922381983243
S4259758000344036,/Users/adityasingh/Projects/Vocal-X/data_pipeline/raw/bn/bn_002_S4259758000344036.flac,bengali,S4257363100302319,/Users/adityasingh/Projects/Vocal-X/data_pipeline/raw/te/te_003_S4257363100302319.flac,telugu,different_speaker,-0.12157663559081029
S4259758000344036,/Users/adityasingh/Projects/Vocal-X/data_pipeline/raw/bn/bn_002_S4259758000344036.flac,bengali,S4259919200330829,/Users/adityasingh/Projects/Vocal-X/data_pipeline/raw/te/te_004_S4259919200330829.flac,telugu,different_speaker,-0.42901668209029686
S4259758000344036,/Users/adityasingh/Projects/Vocal-X/data_pipeline/raw/bn/bn_002_S4259758000344036.flac,bengali,S4259919200330829,/Users/adityasingh/Projects/Vocal-X/data_pipeline/raw/te/te_005_S4259919200330829.flac,telugu,different_speaker,-0.1347404317617603
S4259758000344036,/Users/adityasingh/Projects/Vocal-X/data_pipeline/raw/bn/bn_002_S4259758000344036.flac,bengali,S4259919200330829,/Users/adityasingh/Projects/Vocal-X/data_pipeline/raw/te/te_006_S4259919200330829.flac,telugu,different_speaker,-0.49728619197343316
S4259758000344036,/Users/adityasingh/Projects/Vocal-X/data_pipeline/raw/bn/bn_002_S4259758000344036.flac,bengali,S4259557300391493,/Users/adityasingh/Projects/Vocal-X/data_pipeline/raw/te/te_007_S4259557300391493.flac,telugu,different_speaker,-0.5846533450360895
S4259758000344036,/Users/adityasingh/Projects/Vocal-X/data_pipeline/raw/bn/bn_002_S4259758000344036.flac,bengali,S4259557300391493,/Users/adityasingh/Projects/Vocal-X/data_pipeline/raw/te/te_008_S4259557300391493.flac,telugu,different_speaker,-0.41936589420547365
S4259758000344036,/Users/adityasingh/Projects/Vocal-X/data_pipeline/raw/bn/bn_002_S4259758000344036.flac,bengali,S4259557300391493,/Users/adityasingh/Projects/Vocal-X/data_pipeline/raw/te/te_009_S4259557300391493.flac,telugu,different_speaker,-0.5329610478380589
S4259758000344036,/Users/adityasingh/Projects/Vocal-X/data_pipeline/raw/bn/bn_002_S4259758000344036.flac,bengali,S4259010000375320,/Users/adityasingh/Projects/Vocal-X/data_pipeline/raw/te/te_010_S4259010000375320.flac,telugu,different_speaker,-0.40853816276723043
S4259758000344036,/Users/adityasingh/Projects/Vocal-X/data_pipeline/raw/bn/bn_002_S4259758000344036.flac,bengali,S4259010000375320,/Users/adityasingh/Projects/Vocal-X/data_pipeline/raw/te/te_011_S4259010000375320.flac,telugu,different_speaker,-0.2951175098271725
S4259758000344036,/Users/adityasingh/Projects/Vocal-X/data_pipeline/raw/bn/bn_002_S4259758000344036.flac,bengali,S4259010000375320,/Users/adityasingh/Projects/Vocal-X/data_pipeline/raw/te/te_012_S4259010000375320.flac,telugu,different_speaker,-0.3717980363464721
S4259758000344036,/Users/adityasingh/Projects/Vocal-X/data_pipeline/raw/bn/bn_002_S4259758000344036.flac,bengali,S4257321800337643,/Users/adityasingh/Projects/Vocal-X/data_pipeline/raw/te/te_013_S4257321800337643.flac,telugu,different_speaker,-0.1551770183306066
S4259758000344036,/Users/adityasingh/Projects/Vocal-X/data_pipeline/raw/bn/bn_002_S4259758000344036.flac,bengali,S4257321800337643,/Users/adityasingh/Projects/Vocal-X/data_pipeline/raw/te/te_014_S4257321800337643.flac,telugu,different_speaker,-0.27762518586628543
S4259758000344036,/Users/adityasingh/Projects/Vocal-X/data_pipeline/raw/bn/bn_002_S4259758000344036.flac,bengali,S4257321800337643,/Users/adityasingh/Projects/Vocal-X/data_pipeline/raw/te/te_015_S4257321800337643.flac,telugu,different_speaker,-0.3183122691426696
S4259758000344036,/Users/adityasingh/Projects/Vocal-X/data_pipeline/raw/bn/bn_002_S4259758000344036.flac,bengali,S4258725600395882,/Users/adityasingh/Projects/Vocal-X/data_pipeline/raw/mr/mr_001_S4258725600395882.flac,marathi,different_speaker,-0.31880898291820164
S4259758000344036,/Users/adityasingh/Projects/Vocal-X/data_pipeline/raw/bn/bn_002_S4259758000344036.flac,bengali,S4258725600395882,/Users/adityasingh/Projects/Vocal-X/data_pipeline/raw/mr/mr_002_S4258725600395882.flac,marathi,different_speaker,-0.2918499679632101
S4259758000344036,/Users/adityasingh/Projects/Vocal-X/data_pipeline/raw/bn/bn_002_S4259758000344036.flac,bengali,S4258725600395882,/Users/adityasingh/Projects/Vocal-X/data_pipeline/raw/mr/mr_003_S4258725600395882.flac,marathi,different_speaker,-0.4994563771983213
S4259758000344036,/Users/adityasingh/Projects/Vocal-X/data_pipeline/raw/bn/bn_002_S4259758000344036.flac,bengali,S4257020900340702,/Users/adityasingh/Projects/Vocal-X/data_pipeline/raw/mr/mr_004_S4257020900340702.flac,marathi,different_speaker,0.1225785132586756
S4259758000344036,/Users/adityasingh/Projects/Vocal-X/data_pipeline/raw/bn/bn_002_S4259758000344036.flac,bengali,S4257020900340702,/Users/adityasingh/Projects/Vocal-X/data_pipeline/raw/mr/mr_005_S4257020900340702.flac,marathi,different_speaker,0.17962881579611187
S4259758000344036,/Users/adityasingh/Projects/Vocal-X/data_pipeline/raw/bn/bn_002_S4259758000344036.flac,bengali,S4257020900340702,/Users/adityasingh/Projects/Vocal-X/data_pipeline/raw/mr/mr_006_S4257020900340702.flac,marathi,different_speaker,0.3897721715978816
S4259758000344036,/Users/adityasingh/Projects/Vocal-X/data_pipeline/raw/bn/bn_002_S4259758000344036.flac,bengali,S4259734500395875,/Users/adityasingh/Projects/Vocal-X/data_pipeline/raw/mr/mr_007_S4259734500395875.flac,marathi,different_speaker,-0.5144016271556101
S4259758000344036,/Users/adityasingh/Projects/Vocal-X/data_pipeline/raw/bn/bn_002_S4259758000344036.flac,bengali,S4259734500395875,/Users/adityasingh/Projects/Vocal-X/data_pipeline/raw/mr/mr_008_S4259734500395875.flac,marathi,different_speaker,-0.32296644196997865
S4259758000344036,/Users/adityasingh/Projects/Vocal-X/data_pipeline/raw/bn/bn_002_S4259758000344036.flac,bengali,S4259734500395875,/Users/adityasingh/Projects/Vocal-X/data_pipeline/raw/mr/mr_009_S4259734500395875.flac,marathi,different_speaker,-0.07234205602350433
S4259758000344036,/Users/adityasingh/Projects/Vocal-X/data_pipeline/raw/bn/bn_002_S4259758000344036.flac,bengali,S4257242800308984,/Users/adityasingh/Projects/Vocal-X/data_pipeline/raw/mr/mr_010_S4257242800308984.flac,marathi,different_speaker,-0.21083938792519322
S4259758000344036,/Users/adityasingh/Projects/Vocal-X/data_pipeline/raw/bn/bn_002_S4259758000344036.flac,bengali,S4257242800308984,/Users/adityasingh/Projects/Vocal-X/data_pipeline/raw/mr/mr_011_S4257242800308984.flac,marathi,different_speaker,-0.26618229048529707
S4259758000344036,/Users/adityasingh/Projects/Vocal-X/data_pipeline/raw/bn/bn_002_S4259758000344036.flac,bengali,S4257242800308984,/Users/adityasingh/Projects/Vocal-X/data_pipeline/raw/mr/mr_012_S4257242800308984.flac,marathi,different_speaker,0.1703130394612613
S4259758000344036,/Users/adityasingh/Projects/Vocal-X/data_pipeline/raw/bn/bn_002_S4259758000344036.flac,bengali,S4258045600338732,/Users/adityasingh/Projects/Vocal-X/data_pipeline/raw/mr/mr_013_S4258045600338732.flac,marathi,different_speaker,-0.4045788213640894
S4259758000344036,/Users/adityasingh/Projects/Vocal-X/data_pipeline/raw/bn/bn_002_S4259758000344036.flac,bengali,S4258045600338732,/Users/adityasingh/Projects/Vocal-X/data_pipeline/raw/mr/mr_014_S4258045600338732.flac,marathi,different_speaker,-0.35387495852966616
S4259758000344036,/Users/adityasingh/Projects/Vocal-X/data_pipeline/raw/bn/bn_002_S4259758000344036.flac,bengali,S4258045600338732,/Users/adityasingh/Projects/Vocal-X/data_pipeline/raw/mr/mr_015_S4258045600338732.flac,marathi,different_speaker,-0.10603161390053609
S4259758000344036,/Users/adityasingh/Projects/Vocal-X/data_pipeline/raw/bn/bn_003_S4259758000344036.flac,bengali,S4257409800358613,/Users/adityasingh/Projects/Vocal-X/data_pipeline/raw/bn/bn_004_S4257409800358613.flac,bengali,different_speaker,-0.2282829501806385
S4259758000344036,/Users/adityasingh/Projects/Vocal-X/data_pipeline/raw/bn/bn_003_S4259758000344036.flac,bengali,S4257409800358613,/Users/adityasingh/Projects/Vocal-X/data_pipeline/raw/bn/bn_005_S4257409800358613.flac,bengali,different_speaker,-0.2594954664586137
S4259758000344036,/Users/adityasingh/Projects/Vocal-X/data_pipeline/raw/bn/bn_003_S4259758000344036.flac,bengali,S4257409800358613,/Users/adityasingh/Projects/Vocal-X/data_pipeline/raw/bn/bn_006_S4257409800358613.flac,bengali,different_speaker,-0.3164589083098579
S4259758000344036,/Users/adityasingh/Projects/Vocal-X/data_pipeline/raw/bn/bn_003_S4259758000344036.flac,bengali,S4259674400304151,/Users/adityasingh/Projects/Vocal-X/data_pipeline/raw/bn/bn_007_S4259674400304151.flac,bengali,different_speaker,-0.0670792387456184
S4259758000344036,/Users/adityasingh/Projects/Vocal-X/data_pipeline/raw/bn/bn_003_S4259758000344036.flac,bengali,S4259674400304151,/Users/adityasingh/Projects/Vocal-X/data_pipeline/raw/bn/bn_008_S4259674400304151.flac,bengali,different_speaker,-0.11657508715251601
S4259758000344036,/Users/adityasingh/Projects/Vocal-X/data_pipeline/raw/bn/bn_003_S4259758000344036.flac,bengali,S4259674400304151,/Users/adityasingh/Projects/Vocal-X/data_pipeline/raw/bn/bn_009_S4259674400304151.flac,bengali,different_speaker,-0.24949048386298484
S4259758000344036,/Users/adityasingh/Projects/Vocal-X/data_pipeline/raw/bn/bn_003_S4259758000344036.flac,bengali,S4256944600325233,/Users/adityasingh/Projects/Vocal-X/data_pipeline/raw/bn/bn_010_S4256944600325233.flac,bengali,different_speaker,-0.3293876455270611
S4259758000344036,/Users/adityasingh/Projects/Vocal-X/data_pipeline/raw/bn/bn_003_S4259758000344036.flac,bengali,S4256944600325233,/Users/adityasingh/Projects/Vocal-X/data_pipeline/raw/bn/bn_011_S4256944600325233.flac,bengali,different_speaker,-0.4341533801603319
S4259758000344036,/Users/adityasingh/Projects/Vocal-X/data_pipeline/raw/bn/bn_003_S4259758000344036.flac,bengali,S4256944600325233,/Users/adityasingh/Projects/Vocal-X/data_pipeline/raw/bn/bn_012_S4256944600325233.flac,bengali,different_speaker,-0.489974835439914
S4259758000344036,/Users/adityasingh/Projects/Vocal-X/data_pipeline/raw/bn/bn_003_S4259758000344036.flac,bengali,S4258791300331826,/Users/adityasingh/Projects/Vocal-X/data_pipeline/raw/bn/bn_013_S4258791300331826.flac,bengali,different_speaker,0.616675506877907
S4259758000344036,/Users/adityasingh/Projects/Vocal-X/data_pipeline/raw/bn/bn_003_S4259758000344036.flac,bengali,S4258791300331826,/Users/adityasingh/Projects/Vocal-X/data_pipeline/raw/bn/bn_014_S4258791300331826.flac,bengali,different_speaker,0.49148091273537725
S4259758000344036,/Users/adityasingh/Projects/Vocal-X/data_pipeline/raw/bn/bn_003_S4259758000344036.flac,bengali,S4258791300331826,/Users/adityasingh/Projects/Vocal-X/data_pipeline/raw/bn/bn_015_S4258791300331826.flac,bengali,different_speaker,0.5440528586332802
S4259758000344036,/Users/adityasingh/Projects/Vocal-X/data_pipeline/raw/bn/bn_003_S4259758000344036.flac,bengali,S4258178900302423,/Users/adityasingh/Projects/Vocal-X/data_pipeline/raw/ta/ta_001_S4258178900302423.flac,tamil,different_speaker,-0.32313681969939634
S4259758000344036,/Users/adityasingh/Projects/Vocal-X/data_pipeline/raw/bn/bn_003_S4259758000344036.flac,bengali,S4258178900302423,/Users/adityasingh/Projects/Vocal-X/data_pipeline/raw/ta/ta_002_S4258178900302423.flac,tamil,different_speaker,-0.16023819481047824
S4259758000344036,/Users/adityasingh/Projects/Vocal-X/data_pipeline/raw/bn/bn_003_S4259758000344036.flac,bengali,S4258178900302423,/Users/adityasingh/Projects/Vocal-X/data_pipeline/raw/ta/ta_003_S4258178900302423.flac,tamil,different_speaker,-0.014009829501577944
S4259758000344036,/Users/adityasingh/Projects/Vocal-X/data_pipeline/raw/bn/bn_003_S4259758000344036.flac,bengali,S4258116500302929,/Users/adityasingh/Projects/Vocal-X/data_pipeline/raw/ta/ta_004_S4258116500302929.flac,tamil,different_speaker,0.18491086799664908
S4259758000344036,/Users/adityasingh/Projects/Vocal-X/data_pipeline/raw/bn/bn_003_S4259758000344036.flac,bengali,S4258116500302929,/Users/adityasingh/Projects/Vocal-X/data_pipeline/raw/ta/ta_005_S4258116500302929.flac,tamil,different_speaker,0.20385862119535209
S4259758000344036,/Users/adityasingh/Projects/Vocal-X/data_pipeline/raw/bn/bn_003_S4259758000344036.flac,bengali,S4258116500302929,/Users/adityasingh/Projects/Vocal-X/data_pipeline/raw/ta/ta_006_S4258116500302929.flac,tamil,different_speaker,0.20963294299520077
S4259758000344036,/Users/adityasingh/Projects/Vocal-X/data_pipeline/raw/bn/bn_003_S4259758000344036.flac,bengali,S4259940500370780,/Users/adityasingh/Projects/Vocal-X/data_pipeline/raw/ta/ta_007_S4259940500370780.flac,tamil,different_speaker,-0.4199362767905206
S4259758000344036,/Users/adityasingh/Projects/Vocal-X/data_pipeline/raw/bn/bn_003_S4259758000344036.flac,bengali,S4259940500370780,/Users/adityasingh/Projects/Vocal-X/data_pipeline/raw/ta/ta_008_S4259940500370780.flac,tamil,different_speaker,-0.35999494156517714
S4259758000344036,/Users/adityasingh/Projects/Vocal-X/data_pipeline/raw/bn/bn_003_S4259758000344036.flac,bengali,S4259940500370780,/Users/adityasingh/Projects/Vocal-X/data_pipeline/raw/ta/ta_009_S4259940500370780.flac,tamil,different_speaker,-0.3522338357603345
S4259758000344036,/Users/adityasingh/Projects/Vocal-X/data_pipeline/raw/bn/bn_003_S4259758000344036.flac,bengali,S4256668200339016,/Users/adityasingh/Projects/Vocal-X/data_pipeline/raw/ta/ta_010_S4256668200339016.flac,tamil,different_speaker,-0.14037560496779436
S4259758000344036,/Users/adityasingh/Projects/Vocal-X/data_pipeline/raw/bn/bn_003_S4259758000344036.flac,bengali,S4256668200339016,/Users/adityasingh/Projects/Vocal-X/data_pipeline/raw/ta/ta_011_S4256668200339016.flac,tamil,different_speaker,-0.21953612656886337
S4259758000344036,/Users/adityasingh/Projects/Vocal-X/data_pipeline/raw/bn/bn_003_S4259758000344036.flac,bengali,S4256668200339016,/Users/adityasingh/Projects/Vocal-X/data_pipeline/raw/ta/ta_012_S4256668200339016.flac,tamil,different_speaker,-0.2368049259775963
S4259758000344036,/Users/adityasingh/Projects/Vocal-X/data_pipeline/raw/bn/bn_003_S4259758000344036.flac,bengali,S4259477200334929,/Users/adityasingh/Projects/Vocal-X/data_pipeline/raw/ta/ta_013_S4259477200334929.flac,tamil,different_speaker,0.5794459083164809
S4259758000344036,/Users/adityasingh/Projects/Vocal-X/data_pipeline/raw/bn/bn_003_S4259758000344036.flac,bengali,S4259477200334929,/Users/adityasingh/Projects/Vocal-X/data_pipeline/raw/ta/ta_014_S4259477200334929.flac,tamil,different_speaker,0.7330652081034044
S4259758000344036,/Users/adityasingh/Projects/Vocal-X/data_pipeline/raw/bn/bn_003_S4259758000344036.flac,bengali,S4259477200334929,/Users/adityasingh/Projects/Vocal-X/data_pipeline/raw/ta/ta_015_S4259477200334929.flac,tamil,different_speaker,0.5111698205754107
S4259758000344036,/Users/adityasingh/Projects/Vocal-X/data_pipeline/raw/bn/bn_003_S4259758000344036.flac,bengali,S4257363100302319,/Users/adityasingh/Projects/Vocal-X/data_pipeline/raw/te/te_001_S4257363100302319.flac,telugu,different_speaker,-0.297123198652798
S4259758000344036,/Users/adityasingh/Projects/Vocal-X/data_pipeline/raw/bn/bn_003_S4259758000344036.flac,bengali,S4257363100302319,/Users/adityasingh/Projects/Vocal-X/data_pipeline/raw/te/te_002_S4257363100302319.flac,telugu,different_speaker,-0.18897172761141381
S4259758000344036,/Users/adityasingh/Projects/Vocal-X/data_pipeline/raw/bn/bn_003_S4259758000344036.flac,bengali,S4257363100302319,/Users/adityasingh/Projects/Vocal-X/data_pipeline/raw/te/te_003_S4257363100302319.flac,telugu,different_speaker,-0.2698915473538204
S4259758000344036,/Users/adityasingh/Projects/Vocal-X/data_pipeline/raw/bn/bn_003_S4259758000344036.flac,bengali,S4259919200330829,/Users/adityasingh/Projects/Vocal-X/data_pipeline/raw/te/te_004_S4259919200330829.flac,telugu,different_speaker,-0.33795510468132933
S4259758000344036,/Users/adityasingh/Projects/Vocal-X/data_pipeline/raw/bn/bn_003_S4259758000344036.flac,bengali,S4259919200330829,/Users/adityasingh/Projects/Vocal-X/data_pipeline/raw/te/te_005_S4259919200330829.flac,telugu,different_speaker,-0.19902339206224004
S4259758000344036,/Users/adityasingh/Projects/Vocal-X/data_pipeline/raw/bn/bn_003_S4259758000344036.flac,bengali,S4259919200330829,/Users/adityasingh/Projects/Vocal-X/data_pipeline/raw/te/te_006_S4259919200330829.flac,telugu,different_speaker,-0.3953173944856136
S4259758000344036,/Users/adityasingh/Projects/Vocal-X/data_pipeline/raw/bn/bn_003_S4259758000344036.flac,bengali,S4259557300391493,/Users/adityasingh/Projects/Vocal-X/data_pipeline/raw/te/te_007_S4259557300391493.flac,telugu,different_speaker,-0.5021235680857227
S4259758000344036,/Users/adityasingh/Projects/Vocal-X/data_pipeline/raw/bn/bn_003_S4259758000344036.flac,bengali,S4259557300391493,/Users/adityasingh/Projects/Vocal-X/data_pipeline/raw/te/te_008_S4259557300391493.flac,telugu,different_speaker,-0.42708971958429776
S4259758000344036,/Users/adityasingh/Projects/Vocal-X/data_pipeline/raw/bn/bn_003_S4259758000344036.flac,bengali,S4259557300391493,/Users/adityasingh/Projects/Vocal-X/data_pipeline/raw/te/te_009_S4259557300391493.flac,telugu,different_speaker,-0.3438578898194409
S4259758000344036,/Users/adityasingh/Projects/Vocal-X/data_pipeline/raw/bn/bn_003_S4259758000344036.flac,bengali,S4259010000375320,/Users/adityasingh/Projects/Vocal-X/data_pipeline/raw/te/te_010_S4259010000375320.flac,telugu,different_speaker,-0.4377444730006303
S4259758000344036,/Users/adityasingh/Projects/Vocal-X/data_pipeline/raw/bn/bn_003_S4259758000344036.flac,bengali,S4259010000375320,/Users/adityasingh/Projects/Vocal-X/data_pipeline/raw/te/te_011_S4259010000375320.flac,telugu,different_speaker,-0.32476531128323366
S4259758000344036,/Users/adityasingh/Projects/Vocal-X/data_pipeline/raw/bn/bn_003_S4259758000344036.flac,bengali,S4259010000375320,/Users/adityasingh/Projects/Vocal-X/data_pipeline/raw/te/te_012_S4259010000375320.flac,telugu,different_speaker,-0.42433072512015807
S4259758000344036,/Users/adityasingh/Projects/Vocal-X/data_pipeline/raw/bn/bn_003_S4259758000344036.flac,bengali,S4257321800337643,/Users/adityasingh/Projects/Vocal-X/data_pipeline/raw/te/te_013_S4257321800337643.flac,telugu,different_speaker,-0.27264280596125856
S4259758000344036,/Users/adityasingh/Projects/Vocal-X/data_pipeline/raw/bn/bn_003_S4259758000344036.flac,bengali,S4257321800337643,/Users/adityasingh/Projects/Vocal-X/data_pipeline/raw/te/te_014_S4257321800337643.flac,telugu,different_speaker,-0.19422729145543374
S4259758000344036,/Users/adityasingh/Projects/Vocal-X/data_pipeline/raw/bn/bn_003_S4259758000344036.flac,bengali,S4257321800337643,/Users/adityasingh/Projects/Vocal-X/data_pipeline/raw/te/te_015_S4257321800337643.flac,telugu,different_speaker,-0.3431275237187173
S4259758000344036,/Users/adityasingh/Projects/Vocal-X/data_pipeline/raw/bn/bn_003_S4259758000344036.flac,bengali,S4258725600395882,/Users/adityasingh/Projects/Vocal-X/data_pipeline/raw/mr/mr_001_S4258725600395882.flac,marathi,different_speaker,-0.22419578046104102
S4259758000344036,/Users/adityasingh/Projects/Vocal-X/data_pipeline/raw/bn/bn_003_S4259758000344036.flac,bengali,S4258725600395882,/Users/adityasingh/Projects/Vocal-X/data_pipeline/raw/mr/mr_002_S4258725600395882.flac,marathi,different_speaker,-0.2026869190866099
S4259758000344036,/Users/adityasingh/Projects/Vocal-X/data_pipeline/raw/bn/bn_003_S4259758000344036.flac,bengali,S4258725600395882,/Users/adityasingh/Projects/Vocal-X/data_pipeline/raw/mr/mr_003_S4258725600395882.flac,marathi,different_speaker,-0.47835936476577834
S4259758000344036,/Users/adityasingh/Projects/Vocal-X/data_pipeline/raw/bn/bn_003_S4259758000344036.flac,bengali,S4257020900340702,/Users/adityasingh/Projects/Vocal-X/data_pipeline/raw/mr/mr_004_S4257020900340702.flac,marathi,different_speaker,0.1181742639588774
S4259758000344036,/Users/adityasingh/Projects/Vocal-X/data_pipeline/raw/bn/bn_003_S4259758000344036.flac,bengali,S4257020900340702,/Users/adityasingh/Projects/Vocal-X/data_pipeline/raw/mr/mr_005_S4257020900340702.flac,marathi,different_speaker,0.1677949751093544
S4259758000344036,/Users/adityasingh/Projects/Vocal-X/data_pipeline/raw/bn/bn_003_S4259758000344036.flac,bengali,S4257020900340702,/Users/adityasingh/Projects/Vocal-X/data_pipeline/raw/mr/mr_006_S4257020900340702.flac,marathi,different_speaker,0.22455432788738156
S4259758000344036,/Users/adityasingh/Projects/Vocal-X/data_pipeline/raw/bn/bn_003_S4259758000344036.flac,bengali,S4259734500395875,/Users/adityasingh/Projects/Vocal-X/data_pipeline/raw/mr/mr_007_S4259734500395875.flac,marathi,different_speaker,-0.4344424764822559
S4259758000344036,/Users/adityasingh/Projects/Vocal-X/data_pipeline/raw/bn/bn_003_S4259758000344036.flac,bengali,S4259734500395875,/Users/adityasingh/Projects/Vocal-X/data_pipeline/raw/mr/mr_008_S4259734500395875.flac,marathi,different_speaker,-0.2157831931213895
S4259758000344036,/Users/adityasingh/Projects/Vocal-X/data_pipeline/raw/bn/bn_003_S4259758000344036.flac,bengali,S4259734500395875,/Users/adityasingh/Projects/Vocal-X/data_pipeline/raw/mr/mr_009_S4259734500395875.flac,marathi,different_speaker,-0.007475875565130701
S4259758000344036,/Users/adityasingh/Projects/Vocal-X/data_pipeline/raw/bn/bn_003_S4259758000344036.flac,bengali,S4257242800308984,/Users/adityasingh/Projects/Vocal-X/data_pipeline/raw/mr/mr_010_S4257242800308984.flac,marathi,different_speaker,-0.3351401463755478
S4259758000344036,/Users/adityasingh/Projects/Vocal-X/data_pipeline/raw/bn/bn_003_S4259758000344036.flac,bengali,S4257242800308984,/Users/adityasingh/Projects/Vocal-X/data_pipeline/raw/mr/mr_011_S4257242800308984.flac,marathi,different_speaker,-0.20410606405038753
S4259758000344036,/Users/adityasingh/Projects/Vocal-X/data_pipeline/raw/bn/bn_003_S4259758000344036.flac,bengali,S4257242800308984,/Users/adityasingh/Projects/Vocal-X/data_pipeline/raw/mr/mr_012_S4257242800308984.flac,marathi,different_speaker,0.22572555659642243
S4259758000344036,/Users/adityasingh/Projects/Vocal-X/data_pipeline/raw/bn/bn_003_S4259758000344036.flac,bengali,S4258045600338732,/Users/adityasingh/Projects/Vocal-X/data_pipeline/raw/mr/mr_013_S4258045600338732.flac,marathi,different_speaker,-0.33225528986387703
S4259758000344036,/Users/adityasingh/Projects/Vocal-X/data_pipeline/raw/bn/bn_003_S4259758000344036.flac,bengali,S4258045600338732,/Users/adityasingh/Projects/Vocal-X/data_pipeline/raw/mr/mr_014_S4258045600338732.flac,marathi,different_speaker,-0.36810443270223475
S4259758000344036,/Users/adityasingh/Projects/Vocal-X/data_pipeline/raw/bn/bn_003_S4259758000344036.flac,bengali,S4258045600338732,/Users/adityasingh/Projects/Vocal-X/data_pipeline/raw/mr/mr_015_S4258045600338732.flac,marathi,different_speaker,-0.08626110045227868
S4257409800358613,/Users/adityasingh/Projects/Vocal-X/data_pipeline/raw/bn/bn_004_S4257409800358613.flac,bengali,S4257409800358613,/Users/adityasingh/Projects/Vocal-X/data_pipeline/raw/bn/bn_005_S4257409800358613.flac,bengali,same_speaker,0.36809129811096775
S4257409800358613,/Users/adityasingh/Projects/Vocal-X/data_pipeline/raw/bn/bn_004_S4257409800358613.flac,bengali,S4257409800358613,/Users/adityasingh/Projects/Vocal-X/data_pipeline/raw/bn/bn_006_S4257409800358613.flac,bengali,same_speaker,0.6435463692796541
S4257409800358613,/Users/adityasingh/Projects/Vocal-X/data_pipeline/raw/bn/bn_004_S4257409800358613.flac,bengali,S4259674400304151,/Users/adityasingh/Projects/Vocal-X/data_pipeline/raw/bn/bn_007_S4259674400304151.flac,bengali,different_speaker,-0.20048778159088543
S4257409800358613,/Users/adityasingh/Projects/Vocal-X/data_pipeline/raw/bn/bn_004_S4257409800358613.flac,bengali,S4259674400304151,/Users/adityasingh/Projects/Vocal-X/data_pipeline/raw/bn/bn_008_S4259674400304151.flac,bengali,different_speaker,-0.2342638003447105
S4257409800358613,/Users/adityasingh/Projects/Vocal-X/data_pipeline/raw/bn/bn_004_S4257409800358613.flac,bengali,S4259674400304151,/Users/adityasingh/Projects/Vocal-X/data_pipeline/raw/bn/bn_009_S4259674400304151.flac,bengali,different_speaker,-0.17780604976692524
S4257409800358613,/Users/adityasingh/Projects/Vocal-X/data_pipeline/raw/bn/bn_004_S4257409800358613.flac,bengali,S4256944600325233,/Users/adityasingh/Projects/Vocal-X/data_pipeline/raw/bn/bn_010_S4256944600325233.flac,bengali,different_speaker,0.3730614441072698
S4257409800358613,/Users/adityasingh/Projects/Vocal-X/data_pipeline/raw/bn/bn_004_S4257409800358613.flac,bengali,S4256944600325233,/Users/adityasingh/Projects/Vocal-X/data_pipeline/raw/bn/bn_011_S4256944600325233.flac,bengali,different_speaker,0.12780690314359067
S4257409800358613,/Users/adityasingh/Projects/Vocal-X/data_pipeline/raw/bn/bn_004_S4257409800358613.flac,bengali,S4256944600325233,/Users/adityasingh/Projects/Vocal-X/data_pipeline/raw/bn/bn_012_S4256944600325233.flac,bengali,different_speaker,0.11839267413291842
S4257409800358613,/Users/adityasingh/Projects/Vocal-X/data_pipeline/raw/bn/bn_004_S4257409800358613.flac,bengali,S4258791300331826,/Users/adityasingh/Projects/Vocal-X/data_pipeline/raw/bn/bn_013_S4258791300331826.flac,bengali,different_speaker,-0.21677180222296827
S4257409800358613,/Users/adityasingh/Projects/Vocal-X/data_pipeline/raw/bn/bn_004_S4257409800358613.flac,bengali,S4258791300331826,/Users/adityasingh/Projects/Vocal-X/data_pipeline/raw/bn/bn_014_S4258791300331826.flac,bengali,different_speaker,-0.2228979184920738
S4257409800358613,/Users/adityasingh/Projects/Vocal-X/data_pipeline/raw/bn/bn_004_S4257409800358613.flac,bengali,S4258791300331826,/Users/adityasingh/Projects/Vocal-X/data_pipeline/raw/bn/bn_015_S4258791300331826.flac,bengali,different_speaker,-0.25111305424752567
S4257409800358613,/Users/adityasingh/Projects/Vocal-X/data_pipeline/raw/bn/bn_004_S4257409800358613.flac,bengali,S4258178900302423,/Users/adityasingh/Projects/Vocal-X/data_pipeline/raw/ta/ta_001_S4258178900302423.flac,tamil,different_speaker,0.28561108224516996
S4257409800358613,/Users/adityasingh/Projects/Vocal-X/data_pipeline/raw/bn/bn_004_S4257409800358613.flac,bengali,S4258178900302423,/Users/adityasingh/Projects/Vocal-X/data_pipeline/raw/ta/ta_002_S4258178900302423.flac,tamil,different_speaker,0.4948660427193741
S4257409800358613,/Users/adityasingh/Projects/Vocal-X/data_pipeline/raw/bn/bn_004_S4257409800358613.flac,bengali,S4258178900302423,/Users/adityasingh/Projects/Vocal-X/data_pipeline/raw/ta/ta_003_S4258178900302423.flac,tamil,different_speaker,0.4073870167763177
S4257409800358613,/Users/adityasingh/Projects/Vocal-X/data_pipeline/raw/bn/bn_004_S4257409800358613.flac,bengali,S4258116500302929,/Users/adityasingh/Projects/Vocal-X/data_pipeline/raw/ta/ta_004_S4258116500302929.flac,tamil,different_speaker,-0.41672175759088564
S4257409800358613,/Users/adityasingh/Projects/Vocal-X/data_pipeline/raw/bn/bn_004_S4257409800358613.flac,bengali,S4258116500302929,/Users/adityasingh/Projects/Vocal-X/data_pipeline/raw/ta/ta_005_S4258116500302929.flac,tamil,different_speaker,-0.5182924069556307
S4257409800358613,/Users/adityasingh/Projects/Vocal-X/data_pipeline/raw/bn/bn_004_S4257409800358613.flac,bengali,S4258116500302929,/Users/adityasingh/Projects/Vocal-X/data_pipeline/raw/ta/ta_006_S4258116500302929.flac,tamil,different_speaker,-0.44710789068522305
S4257409800358613,/Users/adityasingh/Projects/Vocal-X/data_pipeline/raw/bn/bn_004_S4257409800358613.flac,bengali,S4259940500370780,/Users/adityasingh/Projects/Vocal-X/data_pipeline/raw/ta/ta_007_S4259940500370780.flac,tamil,different_speaker,0.4842315362326524
S4257409800358613,/Users/adityasingh/Projects/Vocal-X/data_pipeline/raw/bn/bn_004_S4257409800358613.flac,bengali,S4259940500370780,/Users/adityasingh/Projects/Vocal-X/data_pipeline/raw/ta/ta_008_S4259940500370780.flac,tamil,different_speaker,0.22544434646210118
S4257409800358613,/Users/adityasingh/Projects/Vocal-X/data_pipeline/raw/bn/bn_004_S4257409800358613.flac,bengali,S4259940500370780,/Users/adityasingh/Projects/Vocal-X/data_pipeline/raw/ta/ta_009_S4259940500370780.flac,tamil,different_speaker,0.41952636768780566
S4257409800358613,/Users/adityasingh/Projects/Vocal-X/data_pipeline/raw/bn/bn_004_S4257409800358613.flac,bengali,S4256668200339016,/Users/adityasingh/Projects/Vocal-X/data_pipeline/raw/ta/ta_010_S4256668200339016.flac,tamil,different_speaker,-0.394300028005673
S4257409800358613,/Users/adityasingh/Projects/Vocal-X/data_pipeline/raw/bn/bn_004_S4257409800358613.flac,bengali,S4256668200339016,/Users/adityasingh/Projects/Vocal-X/data_pipeline/raw/ta/ta_011_S4256668200339016.flac,tamil,different_speaker,-0.09937792990103711
S4257409800358613,/Users/adityasingh/Projects/Vocal-X/data_pipeline/raw/bn/bn_004_S4257409800358613.flac,bengali,S4256668200339016,/Users/adityasingh/Projects/Vocal-X/data_pipeline/raw/ta/ta_012_S4256668200339016.flac,tamil,different_speaker,-0.21700071081668157
S4257409800358613,/Users/adityasingh/Projects/Vocal-X/data_pipeline/raw/bn/bn_004_S4257409800358613.flac,bengali,S4259477200334929,/Users/adityasingh/Projects/Vocal-X/data_pipeline/raw/ta/ta_013_S4259477200334929.flac,tamil,different_speaker,-0.2662570910654374
S4257409800358613,/Users/adityasingh/Projects/Vocal-X/data_pipeline/raw/bn/bn_004_S4257409800358613.flac,bengali,S4259477200334929,/Users/adityasingh/Projects/Vocal-X/data_pipeline/raw/ta/ta_014_S4259477200334929.flac,tamil,different_speaker,-0.17299866030322641
S4257409800358613,/Users/adityasingh/Projects/Vocal-X/data_pipeline/raw/bn/bn_004_S4257409800358613.flac,bengali,S4259477200334929,/Users/adityasingh/Projects/Vocal-X/data_pipeline/raw/ta/ta_015_S4259477200334929.flac,tamil,different_speaker,-0.14324256732678056
S4257409800358613,/Users/adityasingh/Projects/Vocal-X/data_pipeline/raw/bn/bn_004_S4257409800358613.flac,bengali,S4257363100302319,/Users/adityasingh/Projects/Vocal-X/data_pipeline/raw/te/te_001_S4257363100302319.flac,telugu,different_speaker,-0.09379438453231266
S4257409800358613,/Users/adityasingh/Projects/Vocal-X/data_pipeline/raw/bn/bn_004_S4257409800358613.flac,bengali,S4257363100302319,/Users/adityasingh/Projects/Vocal-X/data_pipeline/raw/te/te_002_S4257363100302319.flac,telugu,different_speaker,-0.2654587960239277
S4257409800358613,/Users/adityasingh/Projects/Vocal-X/data_pipeline/raw/bn/bn_004_S4257409800358613.flac,bengali,S4257363100302319,/Users/adityasingh/Projects/Vocal-X/data_pipeline/raw/te/te_003_S4257363100302319.flac,telugu,different_speaker,-0.4476709802830888
S4257409800358613,/Users/adityasingh/Projects/Vocal-X/data_pipeline/raw/bn/bn_004_S4257409800358613.flac,bengali,S4259919200330829,/Users/adityasingh/Projects/Vocal-X/data_pipeline/raw/te/te_004_S4259919200330829.flac,telugu,different_speaker,0.17892684861808442
S4257409800358613,/Users/adityasingh/Projects/Vocal-X/data_pipeline/raw/bn/bn_004_S4257409800358613.flac,bengali,S4259919200330829,/Users/adityasingh/Projects/Vocal-X/data_pipeline/raw/te/te_005_S4259919200330829.flac,telugu,different_speaker,-0.17067963190335297
S4257409800358613,/Users/adityasingh/Projects/Vocal-X/data_pipeline/raw/bn/bn_004_S4257409800358613.flac,bengali,S4259919200330829,/Users/adityasingh/Projects/Vocal-X/data_pipeline/raw/te/te_006_S4259919200330829.flac,telugu,different_speaker,0.07947790888882603
S4257409800358613,/Users/adityasingh/Projects/Vocal-X/data_pipeline/raw/bn/bn_004_S4257409800358613.flac,bengali,S4259557300391493,/Users/adityasingh/Projects/Vocal-X/data_pipeline/raw/te/te_007_S4259557300391493.flac,telugu,different_speaker,0.3411980861172668
S4257409800358613,/Users/adityasingh/Projects/Vocal-X/data_pipeline/raw/bn/bn_004_S4257409800358613.flac,bengali,S4259557300391493,/Users/adityasingh/Projects/Vocal-X/data_pipeline/raw/te/te_008_S4259557300391493.flac,telugu,different_speaker,0.18636871338713384
S4257409800358613,/Users/adityasingh/Projects/Vocal-X/data_pipeline/raw/bn/bn_004_S4257409800358613.flac,bengali,S4259557300391493,/Users/adityasingh/Projects/Vocal-X/data_pipeline/raw/te/te_009_S4259557300391493.flac,telugu,different_speaker,-0.13483551962740706
S4257409800358613,/Users/adityasingh/Projects/Vocal-X/data_pipeline/raw/bn/bn_004_S4257409800358613.flac,bengali,S4259010000375320,/Users/adityasingh/Projects/Vocal-X/data_pipeline/raw/te/te_010_S4259010000375320.flac,telugu,different_speaker,0.6065765636478199
S4257409800358613,/Users/adityasingh/Projects/Vocal-X/data_pipeline/raw/bn/bn_004_S4257409800358613.flac,bengali,S4259010000375320,/Users/adityasingh/Projects/Vocal-X/data_pipeline/raw/te/te_011_S4259010000375320.flac,telugu,different_speaker,0.5717631759513846
S4257409800358613,/Users/adityasingh/Projects/Vocal-X/data_pipeline/raw/bn/bn_004_S4257409800358613.flac,bengali,S4259010000375320,/Users/adityasingh/Projects/Vocal-X/data_pipeline/raw/te/te_012_S4259010000375320.flac,telugu,different_speaker,0.4914974860656704
S4257409800358613,/Users/adityasingh/Projects/Vocal-X/data_pipeline/raw/bn/bn_004_S4257409800358613.flac,bengali,S4257321800337643,/Users/adityasingh/Projects/Vocal-X/data_pipeline/raw/te/te_013_S4257321800337643.flac,telugu,different_speaker,0.18953621445874821
S4257409800358613,/Users/adityasingh/Projects/Vocal-X/data_pipeline/raw/bn/bn_004_S4257409800358613.flac,bengali,S4257321800337643,/Users/adityasingh/Projects/Vocal-X/data_pipeline/raw/te/te_014_S4257321800337643.flac,telugu,different_speaker,0.13683936696336632
S4257409800358613,/Users/adityasingh/Projects/Vocal-X/data_pipeline/raw/bn/bn_004_S4257409800358613.flac,bengali,S4257321800337643,/Users/adityasingh/Projects/Vocal-X/data_pipeline/raw/te/te_015_S4257321800337643.flac,telugu,different_speaker,0.3165288405916345
S4257409800358613,/Users/adityasingh/Projects/Vocal-X/data_pipeline/raw/bn/bn_004_S4257409800358613.flac,bengali,S4258725600395882,/Users/adityasingh/Projects/Vocal-X/data_pipeline/raw/mr/mr_001_S4258725600395882.flac,marathi,different_speaker,-0.14838585806680196
S4257409800358613,/Users/adityasingh/Projects/Vocal-X/data_pipeline/raw/bn/bn_004_S4257409800358613.flac,bengali,S4258725600395882,/Users/adityasingh/Projects/Vocal-X/data_pipeline/raw/mr/mr_002_S4258725600395882.flac,marathi,different_speaker,0.34587198013890996
S4257409800358613,/Users/adityasingh/Projects/Vocal-X/data_pipeline/raw/bn/bn_004_S4257409800358613.flac,bengali,S4258725600395882,/Users/adityasingh/Projects/Vocal-X/data_pipeline/raw/mr/mr_003_S4258725600395882.flac,marathi,different_speaker,0.22699270976516955
S4257409800358613,/Users/adityasingh/Projects/Vocal-X/data_pipeline/raw/bn/bn_004_S4257409800358613.flac,bengali,S4257020900340702,/Users/adityasingh/Projects/Vocal-X/data_pipeline/raw/mr/mr_004_S4257020900340702.flac,marathi,different_speaker,-0.2709046387055652
S4257409800358613,/Users/adityasingh/Projects/Vocal-X/data_pipeline/raw/bn/bn_004_S4257409800358613.flac,bengali,S4257020900340702,/Users/adityasingh/Projects/Vocal-X/data_pipeline/raw/mr/mr_005_S4257020900340702.flac,marathi,different_speaker,-0.3140535673385477
S4257409800358613,/Users/adityasingh/Projects/Vocal-X/data_pipeline/raw/bn/bn_004_S4257409800358613.flac,bengali,S4257020900340702,/Users/adityasingh/Projects/Vocal-X/data_pipeline/raw/mr/mr_006_S4257020900340702.flac,marathi,different_speaker,-0.3764677453744237
S4257409800358613,/Users/adityasingh/Projects/Vocal-X/data_pipeline/raw/bn/bn_004_S4257409800358613.flac,bengali,S4259734500395875,/Users/adityasingh/Projects/Vocal-X/data_pipeline/raw/mr/mr_007_S4259734500395875.flac,marathi,different_speaker,-0.14908895541664258
S4257409800358613,/Users/adityasingh/Projects/Vocal-X/data_pipeline/raw/bn/bn_004_S4257409800358613.flac,bengali,S4259734500395875,/Users/adityasingh/Projects/Vocal-X/data_pipeline/raw/mr/mr_008_S4259734500395875.flac,marathi,different_speaker,0.3462948620615849
S4257409800358613,/Users/adityasingh/Projects/Vocal-X/data_pipeline/raw/bn/bn_004_S4257409800358613.flac,bengali,S4259734500395875,/Users/adityasingh/Projects/Vocal-X/data_pipeline/raw/mr/mr_009_S4259734500395875.flac,marathi,different_speaker,0.3595542833286074
S4257409800358613,/Users/adityasingh/Projects/Vocal-X/data_pipeline/raw/bn/bn_004_S4257409800358613.flac,bengali,S4257242800308984,/Users/adityasingh/Projects/Vocal-X/data_pipeline/raw/mr/mr_010_S4257242800308984.flac,marathi,different_speaker,0.10625062386025756
S4257409800358613,/Users/adityasingh/Projects/Vocal-X/data_pipeline/raw/bn/bn_004_S4257409800358613.flac,bengali,S4257242800308984,/Users/adityasingh/Projects/Vocal-X/data_pipeline/raw/mr/mr_011_S4257242800308984.flac,marathi,different_speaker,0.3300785045268956
S4257409800358613,/Users/adityasingh/Projects/Vocal-X/data_pipeline/raw/bn/bn_004_S4257409800358613.flac,bengali,S4257242800308984,/Users/adityasingh/Projects/Vocal-X/data_pipeline/raw/mr/mr_012_S4257242800308984.flac,marathi,different_speaker,-0.03218002620837303
S4257409800358613,/Users/adityasingh/Projects/Vocal-X/data_pipeline/raw/bn/bn_004_S4257409800358613.flac,bengali,S4258045600338732,/Users/adityasingh/Projects/Vocal-X/data_pipeline/raw/mr/mr_013_S4258045600338732.flac,marathi,different_speaker,0.3068004308689681
S4257409800358613,/Users/adityasingh/Projects/Vocal-X/data_pipeline/raw/bn/bn_004_S4257409800358613.flac,bengali,S4258045600338732,/Users/adityasingh/Projects/Vocal-X/data_pipeline/raw/mr/mr_014_S4258045600338732.flac,marathi,different_speaker,0.19537917791203127
S4257409800358613,/Users/adityasingh/Projects/Vocal-X/data_pipeline/raw/bn/bn_004_S4257409800358613.flac,bengali,S4258045600338732,/Users/adityasingh/Projects/Vocal-X/data_pipeline/raw/mr/mr_015_S4258045600338732.flac,marathi,different_speaker,0.30423122467215646
S4257409800358613,/Users/adityasingh/Projects/Vocal-X/data_pipeline/raw/bn/bn_005_S4257409800358613.flac,bengali,S4257409800358613,/Users/adityasingh/Projects/Vocal-X/data_pipeline/raw/bn/bn_006_S4257409800358613.flac,bengali,same_speaker,0.9058626941047314
S4257409800358613,/Users/adityasingh/Projects/Vocal-X/data_pipeline/raw/bn/bn_005_S4257409800358613.flac,bengali,S4259674400304151,/Users/adityasingh/Projects/Vocal-X/data_pipeline/raw/bn/bn_007_S4259674400304151.flac,bengali,different_speaker,-0.22448828249951636
S4257409800358613,/Users/adityasingh/Projects/Vocal-X/data_pipeline/raw/bn/bn_005_S4257409800358613.flac,bengali,S4259674400304151,/Users/adityasingh/Projects/Vocal-X/data_pipeline/raw/bn/bn_008_S4259674400304151.flac,bengali,different_speaker,-0.20836707346013986
S4257409800358613,/Users/adityasingh/Projects/Vocal-X/data_pipeline/raw/bn/bn_005_S4257409800358613.flac,bengali,S4259674400304151,/Users/adityasingh/Projects/Vocal-X/data_pipeline/raw/bn/bn_009_S4259674400304151.flac,bengali,different_speaker,-0.14344556364974984
S4257409800358613,/Users/adityasingh/Projects/Vocal-X/data_pipeline/raw/bn/bn_005_S4257409800358613.flac,bengali,S4256944600325233,/Users/adityasingh/Projects/Vocal-X/data_pipeline/raw/bn/bn_010_S4256944600325233.flac,bengali,different_speaker,0.44975756323054017
S4257409800358613,/Users/adityasingh/Projects/Vocal-X/data_pipeline/raw/bn/bn_005_S4257409800358613.flac,bengali,S4256944600325233,/Users/adityasingh/Projects/Vocal-X/data_pipeline/raw/bn/bn_011_S4256944600325233.flac,bengali,different_speaker,0.5982460490918075
S4257409800358613,/Users/adityasingh/Projects/Vocal-X/data_pipeline/raw/bn/bn_005_S4257409800358613.flac,bengali,S4256944600325233,/Users/adityasingh/Projects/Vocal-X/data_pipeline/raw/bn/bn_012_S4256944600325233.flac,bengali,different_speaker,0.4812748203066348
S4257409800358613,/Users/adityasingh/Projects/Vocal-X/data_pipeline/raw/bn/bn_005_S4257409800358613.flac,bengali,S4258791300331826,/Users/adityasingh/Projects/Vocal-X/data_pipeline/raw/bn/bn_013_S4258791300331826.flac,bengali,different_speaker,-0.24176815330538556
S4257409800358613,/Users/adityasingh/Projects/Vocal-X/data_pipeline/raw/bn/bn_005_S4257409800358613.flac,bengali,S4258791300331826,/Users/adityasingh/Projects/Vocal-X/data_pipeline/raw/bn/bn_014_S4258791300331826.flac,bengali,different_speaker,-0.19568047304649336
S4257409800358613,/Users/adityasingh/Projects/Vocal-X/data_pipeline/raw/bn/bn_005_S4257409800358613.flac,bengali,S4258791300331826,/Users/adityasingh/Projects/Vocal-X/data_pipeline/raw/bn/bn_015_S4258791300331826.flac,bengali,different_speaker,-0.24984875352676397
S4257409800358613,/Users/adityasingh/Projects/Vocal-X/data_pipeline/raw/bn/bn_005_S4257409800358613.flac,bengali,S4258178900302423,/Users/adityasingh/Projects/Vocal-X/data_pipeline/raw/ta/ta_001_S4258178900302423.flac,tamil,different_speaker,-0.18470379223144678
S4257409800358613,/Users/adityasingh/Projects/Vocal-X/data_pipeline/raw/bn/bn_005_S4257409800358613.flac,bengali,S4258178900302423,/Users/adityasingh/Projects/Vocal-X/data_pipeline/raw/ta/ta_002_S4258178900302423.flac,tamil,different_speaker,0.03135244391129028
S4257409800358613,/Users/adityasingh/Projects/Vocal-X/data_pipeline/raw/bn/bn_005_S4257409800358613.flac,bengali,S4258178900302423,/Users/adityasingh/Projects/Vocal-X/data_pipeline/raw/ta/ta_003_S4258178900302423.flac,tamil,different_speaker,-0.11125416882547784
S4257409800358613,/Users/adityasingh/Projects/Vocal-X/data_pipeline/raw/bn/bn_005_S4257409800358613.flac,bengali,S4258116500302929,/Users/adityasingh/Projects/Vocal-X/data_pipeline/raw/ta/ta_004_S4258116500302929.flac,tamil,different_speaker,-0.3400094219269185
S4257409800358613,/Users/adityasingh/Projects/Vocal-X/data_pipeline/raw/bn/bn_005_S4257409800358613.flac,bengali,S4258116500302929,/Users/adityasingh/Projects/Vocal-X/data_pipeline/raw/ta/ta_005_S4258116500302929.flac,tamil,different_speaker,-0.24492220646380347
S4257409800358613,/Users/adityasingh/Projects/Vocal-X/data_pipeline/raw/bn/bn_005_S4257409800358613.flac,bengali,S4258116500302929,/Users/adityasingh/Projects/Vocal-X/data_pipeline/raw/ta/ta_006_S4258116500302929.flac,tamil,different_speaker,-0.2249074947487809
S4257409800358613,/Users/adityasingh/Projects/Vocal-X/data_pipeline/raw/bn/bn_005_S4257409800358613.flac,bengali,S4259940500370780,/Users/adityasingh/Projects/Vocal-X/data_pipeline/raw/ta/ta_007_S4259940500370780.flac,tamil,different_speaker,-0.08090906033735037
S4257409800358613,/Users/adityasingh/Projects/Vocal-X/data_pipeline/raw/bn/bn_005_S4257409800358613.flac,bengali,S4259940500370780,/Users/adityasingh/Projects/Vocal-X/data_pipeline/raw/ta/ta_008_S4259940500370780.flac,tamil,different_speaker,0.2156771404132107
S4257409800358613,/Users/adityasingh/Projects/Vocal-X/data_pipeline/raw/bn/bn_005_S4257409800358613.flac,bengali,S4259940500370780,/Users/adityasingh/Projects/Vocal-X/data_pipeline/raw/ta/ta_009_S4259940500370780.flac,tamil,different_speaker,0.2407478136701969
S4257409800358613,/Users/adityasingh/Projects/Vocal-X/data_pipeline/raw/bn/bn_005_S4257409800358613.flac,bengali,S4256668200339016,/Users/adityasingh/Projects/Vocal-X/data_pipeline/raw/ta/ta_010_S4256668200339016.flac,tamil,different_speaker,-0.2432504474065214
S4257409800358613,/Users/adityasingh/Projects/Vocal-X/data_pipeline/raw/bn/bn_005_S4257409800358613.flac,bengali,S4256668200339016,/Users/adityasingh/Projects/Vocal-X/data_pipeline/raw/ta/ta_011_S4256668200339016.flac,tamil,different_speaker,-0.30250929248499664
S4257409800358613,/Users/adityasingh/Projects/Vocal-X/data_pipeline/raw/bn/bn_005_S4257409800358613.flac,bengali,S4256668200339016,/Users/adityasingh/Projects/Vocal-X/data_pipeline/raw/ta/ta_012_S4256668200339016.flac,tamil,different_speaker,-0.1986018200284012
S4257409800358613,/Users/adityasingh/Projects/Vocal-X/data_pipeline/raw/bn/bn_005_S4257409800358613.flac,bengali,S4259477200334929,/Users/adityasingh/Projects/Vocal-X/data_pipeline/raw/ta/ta_013_S4259477200334929.flac,tamil,different_speaker,0.15696004780049042
S4257409800358613,/Users/adityasingh/Projects/Vocal-X/data_pipeline/raw/bn/bn_005_S4257409800358613.flac,bengali,S4259477200334929,/Users/adityasingh/Projects/Vocal-X/data_pipeline/raw/ta/ta_014_S4259477200334929.flac,tamil,different_speaker,0.02681963209757423
S4257409800358613,/Users/adityasingh/Projects/Vocal-X/data_pipeline/raw/bn/bn_005_S4257409800358613.flac,bengali,S4259477200334929,/Users/adityasingh/Projects/Vocal-X/data_pipeline/raw/ta/ta_015_S4259477200334929.flac,tamil,different_speaker,-0.025910105999136276
S4257409800358613,/Users/adityasingh/Projects/Vocal-X/data_pipeline/raw/bn/bn_005_S4257409800358613.flac,bengali,S4257363100302319,/Users/adityasingh/Projects/Vocal-X/data_pipeline/raw/te/te_001_S4257363100302319.flac,telugu,different_speaker,0.2633158268743684
S4257409800358613,/Users/adityasingh/Projects/Vocal-X/data_pipeline/raw/bn/bn_005_S4257409800358613.flac,bengali,S4257363100302319,/Users/adityasingh/Projects/Vocal-X/data_pipeline/raw/te/te_002_S4257363100302319.flac,telugu,different_speaker,-0.15650180004014091
S4257409800358613,/Users/adityasingh/Projects/Vocal-X/data_pipeline/raw/bn/bn_005_S4257409800358613.flac,bengali,S4257363100302319,/Users/adityasingh/Projects/Vocal-X/data_pipeline/raw/te/te_003_S4257363100302319.flac,telugu,different_speaker,0.19152238174814556
S4257409800358613,/Users/adityasingh/Projects/Vocal-X/data_pipeline/raw/bn/bn_005_S4257409800358613.flac,bengali,S4259919200330829,/Users/adityasingh/Projects/Vocal-X/data_pipeline/raw/te/te_004_S4259919200330829.flac,telugu,different_speaker,-0.12398981344954275
S4257409800358613,/Users/adityasingh/Projects/Vocal-X/data_pipeline/raw/bn/bn_005_S4257409800358613.flac,bengali,S4259919200330829,/Users/adityasingh/Projects/Vocal-X/data_pipeline/raw/te/te_005_S4259919200330829.flac,telugu,different_speaker,-0.11803506900293967
S4257409800358613,/Users/adityasingh/Projects/Vocal-X/data_pipeline/raw/bn/bn_005_S4257409800358613.flac,bengali,S4259919200330829,/Users/adityasingh/Projects/Vocal-X/data_pipeline/raw/te/te_006_S4259919200330829.flac,telugu,different_speaker,-0.1280150750942413
S4257409800358613,/Users/adityasingh/Projects/Vocal-X/data_pipeline/raw/bn/bn_005_S4257409800358613.flac,bengali,S4259557300391493,/Users/adityasingh/Projects/Vocal-X/data_pipeline/raw/te/te_007_S4259557300391493.flac,telugu,different_speaker,0.25581550730220304
S4257409800358613,/Users/adityasingh/Projects/Vocal-X/data_pipeline/raw/bn/bn_005_S4257409800358613.flac,bengali,S4259557300391493,/Users/adityasingh/Projects/Vocal-X/data_pipeline/raw/te/te_008_S4259557300391493.flac,telugu,different_speaker,0.14078078392498336
S4257409800358613,/Users/adityasingh/Projects/Vocal-X/data_pipeline/raw/bn/bn_005_S4257409800358613.flac,bengali,S4259557300391493,/Users/adityasingh/Projects/Vocal-X/data_pipeline/raw/te/te_009_S4259557300391493.flac,telugu,different_speaker,-0.15464541915359337
S4257409800358613,/Users/adityasingh/Projects/Vocal-X/data_pipeline/raw/bn/bn_005_S4257409800358613.flac,bengali,S4259010000375320,/Users/adityasingh/Projects/Vocal-X/data_pipeline/raw/te/te_010_S4259010000375320.flac,telugu,different_speaker,0.48775762740706635
S4257409800358613,/Users/adityasingh/Projects/Vocal-X/data_pipeline/raw/bn/bn_005_S4257409800358613.flac,bengali,S4259010000375320,/Users/adityasingh/Projects/Vocal-X/data_pipeline/raw/te/te_011_S4259010000375320.flac,telugu,different_speaker,0.3013673139654719
S4257409800358613,/Users/adityasingh/Projects/Vocal-X/data_pipeline/raw/bn/bn_005_S4257409800358613.flac,bengali,S4259010000375320,/Users/adityasingh/Projects/Vocal-X/data_pipeline/raw/te/te_012_S4259010000375320.flac,telugu,different_speaker,0.5055820478033302
S4257409800358613,/Users/adityasingh/Projects/Vocal-X/data_pipeline/raw/bn/bn_005_S4257409800358613.flac,bengali,S4257321800337643,/Users/adityasingh/Projects/Vocal-X/data_pipeline/raw/te/te_013_S4257321800337643.flac,telugu,different_speaker,0.5890202638139642
S4257409800358613,/Users/adityasingh/Projects/Vocal-X/data_pipeline/raw/bn/bn_005_S4257409800358613.flac,bengali,S4257321800337643,/Users/adityasingh/Projects/Vocal-X/data_pipeline/raw/te/te_014_S4257321800337643.flac,telugu,different_speaker,0.11307802521226772
S4257409800358613,/Users/adityasingh/Projects/Vocal-X/data_pipeline/raw/bn/bn_005_S4257409800358613.flac,bengali,S4257321800337643,/Users/adityasingh/Projects/Vocal-X/data_pipeline/raw/te/te_015_S4257321800337643.flac,telugu,different_speaker,0.5463813666402476
S4257409800358613,/Users/adityasingh/Projects/Vocal-X/data_pipeline/raw/bn/bn_005_S4257409800358613.flac,bengali,S4258725600395882,/Users/adityasingh/Projects/Vocal-X/data_pipeline/raw/mr/mr_001_S4258725600395882.flac,marathi,different_speaker,-0.5778941200561591
S4257409800358613,/Users/adityasingh/Projects/Vocal-X/data_pipeline/raw/bn/bn_005_S4257409800358613.flac,bengali,S4258725600395882,/Users/adityasingh/Projects/Vocal-X/data_pipeline/raw/mr/mr_002_S4258725600395882.flac,marathi,different_speaker,-0.41276866455238126
S4257409800358613,/Users/adityasingh/Projects/Vocal-X/data_pipeline/raw/bn/bn_005_S4257409800358613.flac,bengali,S4258725600395882,/Users/adityasingh/Projects/Vocal-X/data_pipeline/raw/mr/mr_003_S4258725600395882.flac,marathi,different_speaker,-0.038787811353255895
S4257409800358613,/Users/adityasingh/Projects/Vocal-X/data_pipeline/raw/bn/bn_005_S4257409800358613.flac,bengali,S4257020900340702,/Users/adityasingh/Projects/Vocal-X/data_pipeline/raw/mr/mr_004_S4257020900340702.flac,marathi,different_speaker,0.09840811578765726
S4257409800358613,/Users/adityasingh/Projects/Vocal-X/data_pipeline/raw/bn/bn_005_S4257409800358613.flac,bengali,S4257020900340702,/Users/adityasingh/Projects/Vocal-X/data_pipeline/raw/mr/mr_005_S4257020900340702.flac,marathi,different_speaker,0.12044000366725925
S4257409800358613,/Users/adityasingh/Projects/Vocal-X/data_pipeline/raw/bn/bn_005_S4257409800358613.flac,bengali,S4257020900340702,/Users/adityasingh/Projects/Vocal-X/data_pipeline/raw/mr/mr_006_S4257020900340702.flac,marathi,different_speaker,0.16423696019037629
S4257409800358613,/Users/adityasingh/Projects/Vocal-X/data_pipeline/raw/bn/bn_005_S4257409800358613.flac,bengali,S4259734500395875,/Users/adityasingh/Projects/Vocal-X/data_pipeline/raw/mr/mr_007_S4259734500395875.flac,marathi,different_speaker,-0.19069997127218416
S4257409800358613,/Users/adityasingh/Projects/Vocal-X/data_pipeline/raw/bn/bn_005_S4257409800358613.flac,bengali,S4259734500395875,/Users/adityasingh/Projects/Vocal-X/data_pipeline/raw/mr/mr_008_S4259734500395875.flac,marathi,different_speaker,0.28607938872022937
S4257409800358613,/Users/adityasingh/Projects/Vocal-X/data_pipeline/raw/bn/bn_005_S4257409800358613.flac,bengali,S4259734500395875,/Users/adityasingh/Projects/Vocal-X/data_pipeline/raw/mr/mr_009_S4259734500395875.flac,marathi,different_speaker,0.08974821179613413
S4257409800358613,/Users/adityasingh/Projects/Vocal-X/data_pipeline/raw/bn/bn_005_S4257409800358613.flac,bengali,S4257242800308984,/Users/adityasingh/Projects/Vocal-X/data_pipeline/raw/mr/mr_010_S4257242800308984.flac,marathi,different_speaker,0.4097908689050428
S4257409800358613,/Users/adityasingh/Projects/Vocal-X/data_pipeline/raw/bn/bn_005_S4257409800358613.flac,bengali,S4257242800308984,/Users/adityasingh/Projects/Vocal-X/data_pipeline/raw/mr/mr_011_S4257242800308984.flac,marathi,different_speaker,-0.29545560079784294
S4257409800358613,/Users/adityasingh/Projects/Vocal-X/data_pipeline/raw/bn/bn_005_S4257409800358613.flac,bengali,S4257242800308984,/Users/adityasingh/Projects/Vocal-X/data_pipeline/raw/mr/mr_012_S4257242800308984.flac,marathi,different_speaker,0.0022865703849380623
S4257409800358613,/Users/adityasingh/Projects/Vocal-X/data_pipeline/raw/bn/bn_005_S4257409800358613.flac,bengali,S4258045600338732,/Users/adityasingh/Projects/Vocal-X/data_pipeline/raw/mr/mr_013_S4258045600338732.flac,marathi,different_speaker,0.4108223487658564
S4257409800358613,/Users/adityasingh/Projects/Vocal-X/data_pipeline/raw/bn/bn_005_S4257409800358613.flac,bengali,S4258045600338732,/Users/adityasingh/Projects/Vocal-X/data_pipeline/raw/mr/mr_014_S4258045600338732.flac,marathi,different_speaker,0.3558761817897346
S4257409800358613,/Users/adityasingh/Projects/Vocal-X/data_pipeline/raw/bn/bn_005_S4257409800358613.flac,bengali,S4258045600338732,/Users/adityasingh/Projects/Vocal-X/data_pipeline/raw/mr/mr_015_S4258045600338732.flac,marathi,different_speaker,-0.06909665478241699
S4257409800358613,/Users/adityasingh/Projects/Vocal-X/data_pipeline/raw/bn/bn_006_S4257409800358613.flac,bengali,S4259674400304151,/Users/adityasingh/Projects/Vocal-X/data_pipeline/raw/bn/bn_007_S4259674400304151.flac,bengali,different_speaker,-0.2541127179734407
S4257409800358613,/Users/adityasingh/Projects/Vocal-X/data_pipeline/raw/bn/bn_006_S4257409800358613.flac,bengali,S4259674400304151,/Users/adityasingh/Projects/Vocal-X/data_pipeline/raw/bn/bn_008_S4259674400304151.flac,bengali,different_speaker,-0.22609028085139374
S4257409800358613,/Users/adityasingh/Projects/Vocal-X/data_pipeline/raw/bn/bn_006_S4257409800358613.flac,bengali,S4259674400304151,/Users/adityasingh/Projects/Vocal-X/data_pipeline/raw/bn/bn_009_S4259674400304151.flac,bengali,different_speaker,-0.15708343132461203
S4257409800358613,/Users/adityasingh/Projects/Vocal-X/data_pipeline/raw/bn/bn_006_S4257409800358613.flac,bengali,S4256944600325233,/Users/adityasingh/Projects/Vocal-X/data_pipeline/raw/bn/bn_010_S4256944600325233.flac,bengali,different_speaker,0.539756126602189
S4257409800358613,/Users/adityasingh/Projects/Vocal-X/data_pipeline/raw/bn/bn_006_S4257409800358613.flac,bengali,S4256944600325233,/Users/adityasingh/Projects/Vocal-X/data_pipeline/raw/bn/bn_011_S4256944600325233.flac,bengali,different_speaker,0.5526589526818032
S4257409800358613,/Users/adityasingh/Projects/Vocal-X/data_pipeline/raw/bn/bn_006_S4257409800358613.flac,bengali,S4256944600325233,/Users/adityasingh/Projects/Vocal-X/data_pipeline/raw/bn/bn_012_S4256944600325233.flac,bengali,different_speaker,0.39039027613617433
S4257409800358613,/Users/adityasingh/Projects/Vocal-X/data_pipeline/raw/bn/bn_006_S4257409800358613.flac,bengali,S4258791300331826,/Users/adityasingh/Projects/Vocal-X/data_pipeline/raw/bn/bn_013_S4258791300331826.flac,bengali,different_speaker,-0.3021560144773799
S4257409800358613,/Users/adityasingh/Projects/Vocal-X/data_pipeline/raw/bn/bn_006_S4257409800358613.flac,bengali,S4258791300331826,/Users/adityasingh/Projects/Vocal-X/data_pipeline/raw/bn/bn_014_S4258791300331826.flac,bengali,different_speaker,-0.30299232363711864
S4257409800358613,/Users/adityasingh/Projects/Vocal-X/data_pipeline/raw/bn/bn_006_S4257409800358613.flac,bengali,S4258791300331826,/Users/adityasingh/Projects/Vocal-X/data_pipeline/raw/bn/bn_015_S4258791300331826.flac,bengali,different_speaker,-0.35375137477114305
S4257409800358613,/Users/adityasingh/Projects/Vocal-X/data_pipeline/raw/bn/bn_006_S4257409800358613.flac,bengali,S4258178900302423,/Users/adityasingh/Projects/Vocal-X/data_pipeline/raw/ta/ta_001_S4258178900302423.flac,tamil,different_speaker,0.01096217011111387
S4257409800358613,/Users/adityasingh/Projects/Vocal-X/data_pipeline/raw/bn/bn_006_S4257409800358613.flac,bengali,S4258178900302423,/Users/adityasingh/Projects/Vocal-X/data_pipeline/raw/ta/ta_002_S4258178900302423.flac,tamil,different_speaker,0.22808856487890353
S4257409800358613,/Users/adityasingh/Projects/Vocal-X/data_pipeline/raw/bn/bn_006_S4257409800358613.flac,bengali,S4258178900302423,/Users/adityasingh/Projects/Vocal-X/data_pipeline/raw/ta/ta_003_S4258178900302423.flac,tamil,different_speaker,0.033013843979617596
S4257409800358613,/Users/adityasingh/Projects/Vocal-X/data_pipeline/raw/bn/bn_006_S4257409800358613.flac,bengali,S4258116500302929,/Users/adityasingh/Projects/Vocal-X/data_pipeline/raw/ta/ta_004_S4258116500302929.flac,tamil,different_speaker,-0.40751715317937265
S4257409800358613,/Users/adityasingh/Projects/Vocal-X/data_pipeline/raw/bn/bn_006_S4257409800358613.flac,bengali,S4258116500302929,/Users/adityasingh/Projects/Vocal-X/data_pipeline/raw/ta/ta_005_S4258116500302929.flac,tamil,different_speaker,-0.4051825635497901
S4257409800358613,/Users/adityasingh/Projects/Vocal-X/data_pipeline/raw/bn/bn_006_S4257409800358613.flac,bengali,S4258116500302929,/Users/adityasingh/Projects/Vocal-X/data_pipeline/raw/ta/ta_006_S4258116500302929.flac,tamil,different_speaker,-0.3244121794572483
S4257409800358613,/Users/adityasingh/Projects/Vocal-X/data_pipeline/raw/bn/bn_006_S4257409800358613.flac,bengali,S4259940500370780,/Users/adityasingh/Projects/Vocal-X/data_pipeline/raw/ta/ta_007_S4259940500370780.flac,tamil,different_speaker,0.1519642481486978
S4257409800358613,/Users/adityasingh/Projects/Vocal-X/data_pipeline/raw/bn/bn_006_S4257409800358613.flac,bengali,S4259940500370780,/Users/adityasingh/Projects/Vocal-X/data_pipeline/raw/ta/ta_008_S4259940500370780.flac,tamil,different_speaker,0.23310587458187734
S4257409800358613,/Users/adityasingh/Projects/Vocal-X/data_pipeline/raw/bn/bn_006_S4257409800358613.flac,bengali,S4259940500370780,/Users/adityasingh/Projects/Vocal-X/data_pipeline/raw/ta/ta_009_S4259940500370780.flac,tamil,different_speaker,0.3274823164125474
S4257409800358613,/Users/adityasingh/Projects/Vocal-X/data_pipeline/raw/bn/bn_006_S4257409800358613.flac,bengali,S4256668200339016,/Users/adityasingh/Projects/Vocal-X/data_pipeline/raw/ta/ta_010_S4256668200339016.flac,tamil,different_speaker,-0.3362957139050628
S4257409800358613,/Users/adityasingh/Projects/Vocal-X/data_pipeline/raw/bn/bn_006_S4257409800358613.flac,bengali,S4256668200339016,/Users/adityasingh/Projects/Vocal-X/data_pipeline/raw/ta/ta_011_S4256668200339016.flac,tamil,different_speaker,-0.2771441156494362
S4257409800358613,/Users/adityasingh/Projects/Vocal-X/data_pipeline/raw/bn/bn_006_S4257409800358613.flac,bengali,S4256668200339016,/Users/adityasingh/Projects/Vocal-X/data_pipeline/raw/ta/ta_012_S4256668200339016.flac,tamil,different_speaker,-0.26330633130649167
S4257409800358613,/Users/adityasingh/Projects/Vocal-X/data_pipeline/raw/bn/bn_006_S4257409800358613.flac,bengali,S4259477200334929,/Users/adityasingh/Projects/Vocal-X/data_pipeline/raw/ta/ta_013_S4259477200334929.flac,tamil,different_speaker,0.016881053630479762
S4257409800358613,/Users/adityasingh/Projects/Vocal-X/data_pipeline/raw/bn/bn_006_S4257409800358613.flac,bengali,S4259477200334929,/Users/adityasingh/Projects/Vocal-X/data_pipeline/raw/ta/ta_014_S4259477200334929.flac,tamil,different_speaker,-0.05971373942032833
S4257409800358613,/Users/adityasingh/Projects/Vocal-X/data_pipeline/raw/bn/bn_006_S4257409800358613.flac,bengali,S4259477200334929,/Users/adityasingh/Projects/Vocal-X/data_pipeline/raw/ta/ta_015_S4259477200334929.flac,tamil,different_speaker,-0.03456466889711606
S4257409800358613,/Users/adityasingh/Projects/Vocal-X/data_pipeline/raw/bn/bn_006_S4257409800358613.flac,bengali,S4257363100302319,/Users/adityasingh/Projects/Vocal-X/data_pipeline/raw/te/te_001_S4257363100302319.flac,telugu,different_speaker,0.2304307099750448
S4257409800358613,/Users/adityasingh/Projects/Vocal-X/data_pipeline/raw/bn/bn_006_S4257409800358613.flac,bengali,S4257363100302319,/Users/adityasingh/Projects/Vocal-X/data_pipeline/raw/te/te_002_S4257363100302319.flac,telugu,different_speaker,-0.09686887945343478
S4257409800358613,/Users/adityasingh/Projects/Vocal-X/data_pipeline/raw/bn/bn_006_S4257409800358613.flac,bengali,S4257363100302319,/Users/adityasingh/Projects/Vocal-X/data_pipeline/raw/te/te_003_S4257363100302319.flac,telugu,different_speaker,-0.013859982708229364
S4257409800358613,/Users/adityasingh/Projects/Vocal-X/data_pipeline/raw/bn/bn_006_S4257409800358613.flac,bengali,S4259919200330829,/Users/adityasingh/Projects/Vocal-X/data_pipeline/raw/te/te_004_S4259919200330829.flac,telugu,different_speaker,0.017004689287394598
S4257409800358613,/Users/adityasingh/Projects/Vocal-X/data_pipeline/raw/bn/bn_006_S4257409800358613.flac,bengali,S4259919200330829,/Users/adityasingh/Projects/Vocal-X/data_pipeline/raw/te/te_005_S4259919200330829.flac,telugu,different_speaker,-0.1231755074769745
S4257409800358613,/Users/adityasingh/Projects/Vocal-X/data_pipeline/raw/bn/bn_006_S4257409800358613.flac,bengali,S4259919200330829,/Users/adityasingh/Projects/Vocal-X/data_pipeline/raw/te/te_006_S4259919200330829.flac,telugu,different_speaker,0.0054946464094790095
S4257409800358613,/Users/adityasingh/Projects/Vocal-X/data_pipeline/raw/bn/bn_006_S4257409800358613.flac,bengali,S4259557300391493,/Users/adityasingh/Projects/Vocal-X/data_pipeline/raw/te/te_007_S4259557300391493.flac,telugu,different_speaker,0.4337369991151483
S4257409800358613,/Users/adityasingh/Projects/Vocal-X/data_pipeline/raw/bn/bn_006_S4257409800358613.flac,bengali,S4259557300391493,/Users/adityasingh/Projects/Vocal-X/data_pipeline/raw/te/te_008_S4259557300391493.flac,telugu,different_speaker,0.20844380000866203
S4257409800358613,/Users/adityasingh/Projects/Vocal-X/data_pipeline/raw/bn/bn_006_S4257409800358613.flac,bengali,S4259557300391493,/Users/adityasingh/Projects/Vocal-X/data_pipeline/raw/te/te_009_S4259557300391493.flac,telugu,different_speaker,-0.05739819121956407
S4257409800358613,/Users/adityasingh/Projects/Vocal-X/data_pipeline/raw/bn/bn_006_S4257409800358613.flac,bengali,S4259010000375320,/Users/adityasingh/Projects/Vocal-X/data_pipeline/raw/te/te_010_S4259010000375320.flac,telugu,different_speaker,0.6170929052905796
S4257409800358613,/Users/adityasingh/Projects/Vocal-X/data_pipeline/raw/bn/bn_006_S4257409800358613.flac,bengali,S4259010000375320,/Users/adityasingh/Projects/Vocal-X/data_pipeline/raw/te/te_011_S4259010000375320.flac,telugu,different_speaker,0.44116546635666803
S4257409800358613,/Users/adityasingh/Projects/Vocal-X/data_pipeline/raw/bn/bn_006_S4257409800358613.flac,bengali,S4259010000375320,/Users/adityasingh/Projects/Vocal-X/data_pipeline/raw/te/te_012_S4259010000375320.flac,telugu,different_speaker,0.6043704158280715
S4257409800358613,/Users/adityasingh/Projects/Vocal-X/data_pipeline/raw/bn/bn_006_S4257409800358613.flac,bengali,S4257321800337643,/Users/adityasingh/Projects/Vocal-X/data_pipeline/raw/te/te_013_S4257321800337643.flac,telugu,different_speaker,0.5465425056304524
S4257409800358613,/Users/adityasingh/Projects/Vocal-X/data_pipeline/raw/bn/bn_006_S4257409800358613.flac,bengali,S4257321800337643,/Users/adityasingh/Projects/Vocal-X/data_pipeline/raw/te/te_014_S4257321800337643.flac,telugu,different_speaker,0.2302041828385006
S4257409800358613,/Users/adityasingh/Projects/Vocal-X/data_pipeline/raw/bn/bn_006_S4257409800358613.flac,bengali,S4257321800337643,/Users/adityasingh/Projects/Vocal-X/data_pipeline/raw/te/te_015_S4257321800337643.flac,telugu,different_speaker,0.6057254805874719
S4257409800358613,/Users/adityasingh/Projects/Vocal-X/data_pipeline/raw/bn/bn_006_S4257409800358613.flac,bengali,S4258725600395882,/Users/adityasingh/Projects/Vocal-X/data_pipeline/raw/mr/mr_001_S4258725600395882.flac,marathi,different_speaker,-0.4863707551260401
S4257409800358613,/Users/adityasingh/Projects/Vocal-X/data_pipeline/raw/bn/bn_006_S4257409800358613.flac,bengali,S4258725600395882,/Users/adityasingh/Projects/Vocal-X/data_pipeline/raw/mr/mr_002_S4258725600395882.flac,marathi,different_speaker,-0.19765994516272337
S4257409800358613,/Users/adityasingh/Projects/Vocal-X/data_pipeline/raw/bn/bn_006_S4257409800358613.flac,bengali,S4258725600395882,/Users/adityasingh/Projects/Vocal-X/data_pipeline/raw/mr/mr_003_S4258725600395882.flac,marathi,different_speaker,0.1057407780214319
S4257409800358613,/Users/adityasingh/Projects/Vocal-X/data_pipeline/raw/bn/bn_006_S4257409800358613.flac,bengali,S4257020900340702,/Users/adityasingh/Projects/Vocal-X/data_pipeline/raw/mr/mr_004_S4257020900340702.flac,marathi,different_speaker,0.043248710654545434
S4257409800358613,/Users/adityasingh/Projects/Vocal-X/data_pipeline/raw/bn/bn_006_S4257409800358613.flac,bengali,S4257020900340702,/Users/adityasingh/Projects/Vocal-X/data_pipeline/raw/mr/mr_005_S4257020900340702.flac,marathi,different_speaker,0.04863864056661067
S4257409800358613,/Users/adityasingh/Projects/Vocal-X/data_pipeline/raw/bn/bn_006_S4257409800358613.flac,bengali,S4257020900340702,/Users/adityasingh/Projects/Vocal-X/data_pipeline/raw/mr/mr_006_S4257020900340702.flac,marathi,different_speaker,-0.028531595991898872
S4257409800358613,/Users/adityasingh/Projects/Vocal-X/data_pipeline/raw/bn/bn_006_S4257409800358613.flac,bengali,S4259734500395875,/Users/adityasingh/Projects/Vocal-X/data_pipeline/raw/mr/mr_007_S4259734500395875.flac,marathi,different_speaker,-0.1771961042329825
S4257409800358613,/Users/adityasingh/Projects/Vocal-X/data_pipeline/raw/bn/bn_006_S4257409800358613.flac,bengali,S4259734500395875,/Users/adityasingh/Projects/Vocal-X/data_pipeline/raw/mr/mr_008_S4259734500395875.flac,marathi,different_speaker,0.37735419862374736
S4257409800358613,/Users/adityasingh/Projects/Vocal-X/data_pipeline/raw/bn/bn_006_S4257409800358613.flac,bengali,S4259734500395875,/Users/adityasingh/Projects/Vocal-X/data_pipeline/raw/mr/mr_009_S4259734500395875.flac,marathi,different_speaker,0.16556328659854605
S4257409800358613,/Users/adityasingh/Projects/Vocal-X/data_pipeline/raw/bn/bn_006_S4257409800358613.flac,bengali,S4257242800308984,/Users/adityasingh/Projects/Vocal-X/data_pipeline/raw/mr/mr_010_S4257242800308984.flac,marathi,different_speaker,0.3346134477861548
S4257409800358613,/Users/adityasingh/Projects/Vocal-X/data_pipeline/raw/bn/bn_006_S4257409800358613.flac,bengali,S4257242800308984,/Users/adityasingh/Projects/Vocal-X/data_pipeline/raw/mr/mr_011_S4257242800308984.flac,marathi,different_speaker,-0.14300792972564463
S4257409800358613,/Users/adityasingh/Projects/Vocal-X/data_pipeline/raw/bn/bn_006_S4257409800358613.flac,bengali,S4257242800308984,/Users/adityasingh/Projects/Vocal-X/data_pipeline/raw/mr/mr_012_S4257242800308984.flac,marathi,different_speaker,0.0014172263407192399
S4257409800358613,/Users/adityasingh/Projects/Vocal-X/data_pipeline/raw/bn/bn_006_S4257409800358613.flac,bengali,S4258045600338732,/Users/adityasingh/Projects/Vocal-X/data_pipeline/raw/mr/mr_013_S4258045600338732.flac,marathi,different_speaker,0.5159030503194798
S4257409800358613,/Users/adityasingh/Projects/Vocal-X/data_pipeline/raw/bn/bn_006_S4257409800358613.flac,bengali,S4258045600338732,/Users/adityasingh/Projects/Vocal-X/data_pipeline/raw/mr/mr_014_S4258045600338732.flac,marathi,different_speaker,0.3782300908028769
S4257409800358613,/Users/adityasingh/Projects/Vocal-X/data_pipeline/raw/bn/bn_006_S4257409800358613.flac,bengali,S4258045600338732,/Users/adityasingh/Projects/Vocal-X/data_pipeline/raw/mr/mr_015_S4258045600338732.flac,marathi,different_speaker,0.053942183947739995
S4259674400304151,/Users/adityasingh/Projects/Vocal-X/data_pipeline/raw/bn/bn_007_S4259674400304151.flac,bengali,S4259674400304151,/Users/adityasingh/Projects/Vocal-X/data_pipeline/raw/bn/bn_008_S4259674400304151.flac,bengali,same_speaker,0.8443770477559356
S4259674400304151,/Users/adityasingh/Projects/Vocal-X/data_pipeline/raw/bn/bn_007_S4259674400304151.flac,bengali,S4259674400304151,/Users/adityasingh/Projects/Vocal-X/data_pipeline/raw/bn/bn_009_S4259674400304151.flac,bengali,same_speaker,0.7155711832524693
S4259674400304151,/Users/adityasingh/Projects/Vocal-X/data_pipeline/raw/bn/bn_007_S4259674400304151.flac,bengali,S4256944600325233,/Users/adityasingh/Projects/Vocal-X/data_pipeline/raw/bn/bn_010_S4256944600325233.flac,bengali,different_speaker,-0.12492297078251365
S4259674400304151,/Users/adityasingh/Projects/Vocal-X/data_pipeline/raw/bn/bn_007_S4259674400304151.flac,bengali,S4256944600325233,/Users/adityasingh/Projects/Vocal-X/data_pipeline/raw/bn/bn_011_S4256944600325233.flac,bengali,different_speaker,-0.37502810588830265
S4259674400304151,/Users/adityasingh/Projects/Vocal-X/data_pipeline/raw/bn/bn_007_S4259674400304151.flac,bengali,S4256944600325233,/Users/adityasingh/Projects/Vocal-X/data_pipeline/raw/bn/bn_012_S4256944600325233.flac,bengali,different_speaker,0.17617242048307413
S4259674400304151,/Users/adityasingh/Projects/Vocal-X/data_pipeline/raw/bn/bn_007_S4259674400304151.flac,bengali,S4258791300331826,/Users/adityasingh/Projects/Vocal-X/data_pipeline/raw/bn/bn_013_S4258791300331826.flac,bengali,different_speaker,-0.012923996762191282
S4259674400304151,/Users/adityasingh/Projects/Vocal-X/data_pipeline/raw/bn/bn_007_S4259674400304151.flac,bengali,S4258791300331826,/Users/adityasingh/Projects/Vocal-X/data_pipeline/raw/bn/bn_014_S4258791300331826.flac,bengali,different_speaker,0.24523384828387249
S4259674400304151,/Users/adityasingh/Projects/Vocal-X/data_pipeline/raw/bn/bn_007_S4259674400304151.flac,bengali,S4258791300331826,/Users/adityasingh/Projects/Vocal-X/data_pipeline/raw/bn/bn_015_S4258791300331826.flac,bengali,different_speaker,0.4670247714670504
S4259674400304151,/Users/adityasingh/Projects/Vocal-X/data_pipeline/raw/bn/bn_007_S4259674400304151.flac,bengali,S4258178900302423,/Users/adityasingh/Projects/Vocal-X/data_pipeline/raw/ta/ta_001_S4258178900302423.flac,tamil,different_speaker,0.40174743232268534
S4259674400304151,/Users/adityasingh/Projects/Vocal-X/data_pipeline/raw/bn/bn_007_S4259674400304151.flac,bengali,S4258178900302423,/Users/adityasingh/Projects/Vocal-X/data_pipeline/raw/ta/ta_002_S4258178900302423.flac,tamil,different_speaker,0.24244253814416813
S4259674400304151,/Users/adityasingh/Projects/Vocal-X/data_pipeline/raw/bn/bn_007_S4259674400304151.flac,bengali,S4258178900302423,/Users/adityasingh/Projects/Vocal-X/data_pipeline/raw/ta/ta_003_S4258178900302423.flac,tamil,different_speaker,0.2731026853100957
S4259674400304151,/Users/adityasingh/Projects/Vocal-X/data_pipeline/raw/bn/bn_007_S4259674400304151.flac,bengali,S4258116500302929,/Users/adityasingh/Projects/Vocal-X/data_pipeline/raw/ta/ta_004_S4258116500302929.flac,tamil,different_speaker,-0.04719595861008397
S4259674400304151,/Users/adityasingh/Projects/Vocal-X/data_pipeline/raw/bn/bn_007_S4259674400304151.flac,bengali,S4258116500302929,/Users/adityasingh/Projects/Vocal-X/data_pipeline/raw/ta/ta_005_S4258116500302929.flac,tamil,different_speaker,0.10673006156082097
S4259674400304151,/Users/adityasingh/Projects/Vocal-X/data_pipeline/raw/bn/bn_007_S4259674400304151.flac,bengali,S4258116500302929,/Users/adityasingh/Projects/Vocal-X/data_pipeline/raw/ta/ta_006_S4258116500302929.flac,tamil,different_speaker,0.09193430468197065
S4259674400304151,/Users/adityasingh/Projects/Vocal-X/data_pipeline/raw/bn/bn_007_S4259674400304151.flac,bengali,S4259940500370780,/Users/adityasingh/Projects/Vocal-X/data_pipeline/raw/ta/ta_007_S4259940500370780.flac,tamil,different_speaker,-0.021742733634723923
S4259674400304151,/Users/adityasingh/Projects/Vocal-X/data_pipeline/raw/bn/bn_007_S4259674400304151.flac,bengali,S4259940500370780,/Users/adityasingh/Projects/Vocal-X/data_pipeline/raw/ta/ta_008_S4259940500370780.flac,tamil,different_speaker,-0.08261862574584557
S4259674400304151,/Users/adityasingh/Projects/Vocal-X/data_pipeline/raw/bn/bn_007_S4259674400304151.flac,bengali,S4259940500370780,/Users/adityasingh/Projects/Vocal-X/data_pipeline/raw/ta/ta_009_S4259940500370780.flac,tamil,different_speaker,-0.12228772295650206
S4259674400304151,/Users/adityasingh/Projects/Vocal-X/data_pipeline/raw/bn/bn_007_S4259674400304151.flac,bengali,S4256668200339016,/Users/adityasingh/Projects/Vocal-X/data_pipeline/raw/ta/ta_010_S4256668200339016.flac,tamil,different_speaker,0.22943828548340342
S4259674400304151,/Users/adityasingh/Projects/Vocal-X/data_pipeline/raw/bn/bn_007_S4259674400304151.flac,bengali,S4256668200339016,/Users/adityasingh/Projects/Vocal-X/data_pipeline/raw/ta/ta_011_S4256668200339016.flac,tamil,different_speaker,0.2618056893289861
S4259674400304151,/Users/adityasingh/Projects/Vocal-X/data_pipeline/raw/bn/bn_007_S4259674400304151.flac,bengali,S4256668200339016,/Users/adityasingh/Projects/Vocal-X/data_pipeline/raw/ta/ta_012_S4256668200339016.flac,tamil,different_speaker,0.2476636890021636
S4259674400304151,/Users/adityasingh/Projects/Vocal-X/data_pipeline/raw/bn/bn_007_S4259674400304151.flac,bengali,S4259477200334929,/Users/adityasingh/Projects/Vocal-X/data_pipeline/raw/ta/ta_013_S4259477200334929.flac,tamil,different_speaker,-0.370665951570677
S4259674400304151,/Users/adityasingh/Projects/Vocal-X/data_pipeline/raw/bn/bn_007_S4259674400304151.flac,bengali,S4259477200334929,/Users/adityasingh/Projects/Vocal-X/data_pipeline/raw/ta/ta_014_S4259477200334929.flac,tamil,different_speaker,-0.35066863104404494
S4259674400304151,/Users/adityasingh/Projects/Vocal-X/data_pipeline/raw/bn/bn_007_S4259674400304151.flac,bengali,S4259477200334929,/Users/adityasingh/Projects/Vocal-X/data_pipeline/raw/ta/ta_015_S4259477200334929.flac,tamil,different_speaker,-0.28407088375760764
S4259674400304151,/Users/adityasingh/Projects/Vocal-X/data_pipeline/raw/bn/bn_007_S4259674400304151.flac,bengali,S4257363100302319,/Users/adityasingh/Projects/Vocal-X/data_pipeline/raw/te/te_001_S4257363100302319.flac,telugu,different_speaker,-0.2946757550819021
S4259674400304151,/Users/adityasingh/Projects/Vocal-X/data_pipeline/raw/bn/bn_007_S4259674400304151.flac,bengali,S4257363100302319,/Users/adityasingh/Projects/Vocal-X/data_pipeline/raw/te/te_002_S4257363100302319.flac,telugu,different_speaker,0.06668144491728895
S4259674400304151,/Users/adityasingh/Projects/Vocal-X/data_pipeline/raw/bn/bn_007_S4259674400304151.flac,bengali,S4257363100302319,/Users/adityasingh/Projects/Vocal-X/data_pipeline/raw/te/te_003_S4257363100302319.flac,telugu,different_speaker,0.23597332976715157
S4259674400304151,/Users/adityasingh/Projects/Vocal-X/data_pipeline/raw/bn/bn_007_S4259674400304151.flac,bengali,S4259919200330829,/Users/adityasingh/Projects/Vocal-X/data_pipeline/raw/te/te_004_S4259919200330829.flac,telugu,different_speaker,0.13742133616141736
S4259674400304151,/Users/adityasingh/Projects/Vocal-X/data_pipeline/raw/bn/bn_007_S4259674400304151.flac,bengali,S4259919200330829,/Users/adityasingh/Projects/Vocal-X/data_pipeline/raw/te/te_005_S4259919200330829.flac,telugu,different_speaker,0.2966450996815155
S4259674400304151,/Users/adityasingh/Projects/Vocal-X/data_pipeline/raw/bn/bn_007_S4259674400304151.flac,bengali,S4259919200330829,/Users/adityasingh/Projects/Vocal-X/data_pipeline/raw/te/te_006_S4259919200330829.flac,telugu,different_speaker,0.2205532428015112
S4259674400304151,/Users/adityasingh/Projects/Vocal-X/data_pipeline/raw/bn/bn_007_S4259674400304151.flac,bengali,S4259557300391493,/Users/adityasingh/Projects/Vocal-X/data_pipeline/raw/te/te_007_S4259557300391493.flac,telugu,different_speaker,-0.31814710506992594
S4259674400304151,/Users/adityasingh/Projects/Vocal-X/data_pipeline/raw/bn/bn_007_S4259674400304151.flac,bengali,S4259557300391493,/Users/adityasingh/Projects/Vocal-X/data_pipeline/raw/te/te_008_S4259557300391493.flac,telugu,different_speaker,-0.2666705483397687
S4259674400304151,/Users/adityasingh/Projects/Vocal-X/data_pipeline/raw/bn/bn_007_S4259674400304151.flac,bengali,S4259557300391493,/Users/adityasingh/Projects/Vocal-X/data_pipeline/raw/te/te_009_S4259557300391493.flac,telugu,different_speaker,-0.2984208068435656
S4259674400304151,/Users/adityasingh/Projects/Vocal-X/data_pipeline/raw/bn/bn_007_S4259674400304151.flac,bengali,S4259010000375320,/Users/adityasingh/Projects/Vocal-X/data_pipeline/raw/te/te_010_S4259010000375320.flac,telugu,different_speaker,-0.38874061551907757
S4259674400304151,/Users/adityasingh/Projects/Vocal-X/data_pipeline/raw/bn/bn_007_S4259674400304151.flac,bengali,S4259010000375320,/Users/adityasingh/Projects/Vocal-X/data_pipeline/raw/te/te_011_S4259010000375320.flac,telugu,different_speaker,-0.1477521252749905
S4259674400304151,/Users/adityasingh/Projects/Vocal-X/data_pipeline/raw/bn/bn_007_S4259674400304151.flac,bengali,S4259010000375320,/Users/adityasingh/Projects/Vocal-X/data_pipeline/raw/te/te_012_S4259010000375320.flac,telugu,different_speaker,-0.058376679649919896
S4259674400304151,/Users/adityasingh/Projects/Vocal-X/data_pipeline/raw/bn/bn_007_S4259674400304151.flac,bengali,S4257321800337643,/Users/adityasingh/Projects/Vocal-X/data_pipeline/raw/te/te_013_S4257321800337643.flac,telugu,different_speaker,-0.432187466075419
S4259674400304151,/Users/adityasingh/Projects/Vocal-X/data_pipeline/raw/bn/bn_007_S4259674400304151.flac,bengali,S4257321800337643,/Users/adityasingh/Projects/Vocal-X/data_pipeline/raw/te/te_014_S4257321800337643.flac,telugu,different_speaker,-0.34188686386901684
S4259674400304151,/Users/adityasingh/Projects/Vocal-X/data_pipeline/raw/bn/bn_007_S4259674400304151.flac,bengali,S4257321800337643,/Users/adityasingh/Projects/Vocal-X/data_pipeline/raw/te/te_015_S4257321800337643.flac,telugu,different_speaker,-0.5381943230865545
S4259674400304151,/Users/adityasingh/Projects/Vocal-X/data_pipeline/raw/bn/bn_007_S4259674400304151.flac,bengali,S4258725600395882,/Users/adityasingh/Projects/Vocal-X/data_pipeline/raw/mr/mr_001_S4258725600395882.flac,marathi,different_speaker,0.22322786624707947
S4259674400304151,/Users/adityasingh/Projects/Vocal-X/data_pipeline/raw/bn/bn_007_S4259674400304151.flac,bengali,S4258725600395882,/Users/adityasingh/Projects/Vocal-X/data_pipeline/raw/mr/mr_002_S4258725600395882.flac,marathi,different_speaker,0.3994312865995399
S4259674400304151,/Users/adityasingh/Projects/Vocal-X/data_pipeline/raw/bn/bn_007_S4259674400304151.flac,bengali,S4258725600395882,/Users/adityasingh/Projects/Vocal-X/data_pipeline/raw/mr/mr_003_S4258725600395882.flac,marathi,different_speaker,0.2085803309084122
S4259674400304151,/Users/adityasingh/Projects/Vocal-X/data_pipeline/raw/bn/bn_007_S4259674400304151.flac,bengali,S4257020900340702,/Users/adityasingh/Projects/Vocal-X/data_pipeline/raw/mr/mr_004_S4257020900340702.flac,marathi,different_speaker,-0.2076318365621605
S4259674400304151,/Users/adityasingh/Projects/Vocal-X/data_pipeline/raw/bn/bn_007_S4259674400304151.flac,bengali,S4257020900340702,/Users/adityasingh/Projects/Vocal-X/data_pipeline/raw/mr/mr_005_S4257020900340702.flac,marathi,different_speaker,-0.09796702799180763
S4259674400304151,/Users/adityasingh/Projects/Vocal-X/data_pipeline/raw/bn/bn_007_S4259674400304151.flac,bengali,S4257020900340702,/Users/adityasingh/Projects/Vocal-X/data_pipeline/raw/mr/mr_006_S4257020900340702.flac,marathi,different_speaker,-0.04492354216636431
S4259674400304151,/Users/adityasingh/Projects/Vocal-X/data_pipeline/raw/bn/bn_007_S4259674400304151.flac,bengali,S4259734500395875,/Users/adityasingh/Projects/Vocal-X/data_pipeline/raw/mr/mr_007_S4259734500395875.flac,marathi,different_speaker,0.04784235099984498
S4259674400304151,/Users/adityasingh/Projects/Vocal-X/data_pipeline/raw/bn/bn_007_S4259674400304151.flac,bengali,S4259734500395875,/Users/adityasingh/Projects/Vocal-X/data_pipeline/raw/mr/mr_008_S4259734500395875.flac,marathi,different_speaker,-0.19342352029747992
S4259674400304151,/Users/adityasingh/Projects/Vocal-X/data_pipeline/raw/bn/bn_007_S4259674400304151.flac,bengali,S4259734500395875,/Users/adityasingh/Projects/Vocal-X/data_pipeline/raw/mr/mr_009_S4259734500395875.flac,marathi,different_speaker,-0.08826895676966257
S4259674400304151,/Users/adityasingh/Projects/Vocal-X/data_pipeline/raw/bn/bn_007_S4259674400304151.flac,bengali,S4257242800308984,/Users/adityasingh/Projects/Vocal-X/data_pipeline/raw/mr/mr_010_S4257242800308984.flac,marathi,different_speaker,-0.06856080158891224
S4259674400304151,/Users/adityasingh/Projects/Vocal-X/data_pipeline/raw/bn/bn_007_S4259674400304151.flac,bengali,S4257242800308984,/Users/adityasingh/Projects/Vocal-X/data_pipeline/raw/mr/mr_011_S4257242800308984.flac,marathi,different_speaker,0.11497674907805769
S4259674400304151,/Users/adityasingh/Projects/Vocal-X/data_pipeline/raw/bn/bn_007_S4259674400304151.flac,bengali,S4257242800308984,/Users/adityasingh/Projects/Vocal-X/data_pipeline/raw/mr/mr_012_S4257242800308984.flac,marathi,different_speaker,-0.10700757656841255
S4259674400304151,/Users/adityasingh/Projects/Vocal-X/data_pipeline/raw/bn/bn_007_S4259674400304151.flac,bengali,S4258045600338732,/Users/adityasingh/Projects/Vocal-X/data_pipeline/raw/mr/mr_013_S4258045600338732.flac,marathi,different_speaker,-0.38845572531452
S4259674400304151,/Users/adityasingh/Projects/Vocal-X/data_pipeline/raw/bn/bn_007_S4259674400304151.flac,bengali,S4258045600338732,/Users/adityasingh/Projects/Vocal-X/data_pipeline/raw/mr/mr_014_S4258045600338732.flac,marathi,different_speaker,-0.2993531688361457
S4259674400304151,/Users/adityasingh/Projects/Vocal-X/data_pipeline/raw/bn/bn_007_S4259674400304151.flac,bengali,S4258045600338732,/Users/adityasingh/Projects/Vocal-X/data_pipeline/raw/mr/mr_015_S4258045600338732.flac,marathi,different_speaker,-0.3964791486964459
S4259674400304151,/Users/adityasingh/Projects/Vocal-X/data_pipeline/raw/bn/bn_008_S4259674400304151.flac,bengali,S4259674400304151,/Users/adityasingh/Projects/Vocal-X/data_pipeline/raw/bn/bn_009_S4259674400304151.flac,bengali,same_speaker,0.9169118204595561
S4259674400304151,/Users/adityasingh/Projects/Vocal-X/data_pipeline/raw/bn/bn_008_S4259674400304151.flac,bengali,S4256944600325233,/Users/adityasingh/Projects/Vocal-X/data_pipeline/raw/bn/bn_010_S4256944600325233.flac,bengali,different_speaker,0.07196360956829374
S4259674400304151,/Users/adityasingh/Projects/Vocal-X/data_pipeline/raw/bn/bn_008_S4259674400304151.flac,bengali,S4256944600325233,/Users/adityasingh/Projects/Vocal-X/data_pipeline/raw/bn/bn_011_S4256944600325233.flac,bengali,different_speaker,-0.06882619790991257
S4259674400304151,/Users/adityasingh/Projects/Vocal-X/data_pipeline/raw/bn/bn_008_S4259674400304151.flac,bengali,S4256944600325233,/Users/adityasingh/Projects/Vocal-X/data_pipeline/raw/bn/bn_012_S4256944600325233.flac,bengali,different_speaker,0.14015886662620217
S4259674400304151,/Users/adityasingh/Projects/Vocal-X/data_pipeline/raw/bn/bn_008_S4259674400304151.flac,bengali,S4258791300331826,/Users/adityasingh/Projects/Vocal-X/data_pipeline/raw/bn/bn_013_S4258791300331826.flac,bengali,different_speaker,-0.10783771657187192
S4259674400304151,/Users/adityasingh/Projects/Vocal-X/data_pipeline/raw/bn/bn_008_S4259674400304151.flac,bengali,S4258791300331826,/Users/adityasingh/Projects/Vocal-X/data_pipeline/raw/bn/bn_014_S4258791300331826.flac,bengali,different_speaker,0.13533970706815276
S4259674400304151,/Users/adityasingh/Projects/Vocal-X/data_pipeline/raw/bn/bn_008_S4259674400304151.flac,bengali,S4258791300331826,/Users/adityasingh/Projects/Vocal-X/data_pipeline/raw/bn/bn_015_S4258791300331826.flac,bengali,different_speaker,0.21572975172624106
S4259674400304151,/Users/adityasingh/Projects/Vocal-X/data_pipeline/raw/bn/bn_008_S4259674400304151.flac,bengali,S4258178900302423,/Users/adityasingh/Projects/Vocal-X/data_pipeline/raw/ta/ta_001_S4258178900302423.flac,tamil,different_speaker,0.4566078452348749
S4259674400304151,/Users/adityasingh/Projects/Vocal-X/data_pipeline/raw/bn/bn_008_S4259674400304151.flac,bengali,S4258178900302423,/Users/adityasingh/Projects/Vocal-X/data_pipeline/raw/ta/ta_002_S4258178900302423.flac,tamil,different_speaker,0.2550113563870092
S4259674400304151,/Users/adityasingh/Projects/Vocal-X/data_pipeline/raw/bn/bn_008_S4259674400304151.flac,bengali,S4258178900302423,/Users/adityasingh/Projects/Vocal-X/data_pipeline/raw/ta/ta_003_S4258178900302423.flac,tamil,different_speaker,0.315616339770251
S4259674400304151,/Users/adityasingh/Projects/Vocal-X/data_pipeline/raw/bn/bn_008_S4259674400304151.flac,bengali,S4258116500302929,/Users/adityasingh/Projects/Vocal-X/data_pipeline/raw/ta/ta_004_S4258116500302929.flac,tamil,different_speaker,-0.22099560845922303
S4259674400304151,/Users/adityasingh/Projects/Vocal-X/data_pipeline/raw/bn/bn_008_S4259674400304151.flac,bengali,S4258116500302929,/Users/adityasingh/Projects/Vocal-X/data_pipeline/raw/ta/ta_005_S4258116500302929.flac,tamil,different_speaker,-0.1761646425992386
S4259674400304151,/Users/adityasingh/Projects/Vocal-X/data_pipeline/raw/bn/bn_008_S4259674400304151.flac,bengali,S4258116500302929,/Users/adityasingh/Projects/Vocal-X/data_pipeline/raw/ta/ta_006_S4258116500302929.flac,tamil,different_speaker,-0.13527530307654717
S4259674400304151,/Users/adityasingh/Projects/Vocal-X/data_pipeline/raw/bn/bn_008_S4259674400304151.flac,bengali,S4259940500370780,/Users/adityasingh/Projects/Vocal-X/data_pipeline/raw/ta/ta_007_S4259940500370780.flac,tamil,different_speaker,-0.1423791816457797
S4259674400304151,/Users/adityasingh/Projects/Vocal-X/data_pipeline/raw/bn/bn_008_S4259674400304151.flac,bengali,S4259940500370780,/Users/adityasingh/Projects/Vocal-X/data_pipeline/raw/ta/ta_008_S4259940500370780.flac,tamil,different_speaker,-0.2525274450633929
S4259674400304151,/Users/adityasingh/Projects/Vocal-X/data_pipeline/raw/bn/bn_008_S4259674400304151.flac,bengali,S4259940500370780,/Users/adityasingh/Projects/Vocal-X/data_pipeline/raw/ta/ta_009_S4259940500370780.flac,tamil,different_speaker,-0.1485748230578251
S4259674400304151,/Users/adityasingh/Projects/Vocal-X/data_pipeline/raw/bn/bn_008_S4259674400304151.flac,bengali,S4256668200339016,/Users/adityasingh/Projects/Vocal-X/data_pipeline/raw/ta/ta_010_S4256668200339016.flac,tamil,different_speaker,0.47347938797167827
S4259674400304151,/Users/adityasingh/Projects/Vocal-X/data_pipeline/raw/bn/bn_008_S4259674400304151.flac,bengali,S4256668200339016,/Users/adityasingh/Projects/Vocal-X/data_pipeline/raw/ta/ta_011_S4256668200339016.flac,tamil,different_speaker,0.4028868913266739
S4259674400304151,/Users/adityasingh/Projects/Vocal-X/data_pipeline/raw/bn/bn_008_S4259674400304151.flac,bengali,S4256668200339016,/Users/adityasingh/Projects/Vocal-X/data_pipeline/raw/ta/ta_012_S4256668200339016.flac,tamil,different_speaker,0.43602775979448655
S4259674400304151,/Users/adityasingh/Projects/Vocal-X/data_pipeline/raw/bn/bn_008_S4259674400304151.flac,bengali,S4259477200334929,/Users/adityasingh/Projects/Vocal-X/data_pipeline/raw/ta/ta_013_S4259477200334929.flac,tamil,different_speaker,-0.44264908859002544
S4259674400304151,/Users/adityasingh/Projects/Vocal-X/data_pipeline/raw/bn/bn_008_S4259674400304151.flac,bengali,S4259477200334929,/Users/adityasingh/Projects/Vocal-X/data_pipeline/raw/ta/ta_014_S4259477200334929.flac,tamil,different_speaker,-0.4550716299292432
S4259674400304151,/Users/adityasingh/Projects/Vocal-X/data_pipeline/raw/bn/bn_008_S4259674400304151.flac,bengali,S4259477200334929,/Users/adityasingh/Projects/Vocal-X/data_pipeline/raw/ta/ta_015_S4259477200334929.flac,tamil,different_speaker,-0.3177633449721211
S4259674400304151,/Users/adityasingh/Projects/Vocal-X/data_pipeline/raw/bn/bn_008_S4259674400304151.flac,bengali,S4257363100302319,/Users/adityasingh/Projects/Vocal-X/data_pipeline/raw/te/te_001_S4257363100302319.flac,telugu,different_speaker,-0.3502236594265472
S4259674400304151,/Users/adityasingh/Projects/Vocal-X/data_pipeline/raw/bn/bn_008_S4259674400304151.flac,bengali,S4257363100302319,/Users/adityasingh/Projects/Vocal-X/data_pipeline/raw/te/te_002_S4257363100302319.flac,telugu,different_speaker,0.22305204848968446
S4259674400304151,/Users/adityasingh/Projects/Vocal-X/data_pipeline/raw/bn/bn_008_S4259674400304151.flac,bengali,S4257363100302319,/Users/adityasingh/Projects/Vocal-X/data_pipeline/raw/te/te_003_S4257363100302319.flac,telugu,different_speaker,0.2582636337786079
S4259674400304151,/Users/adityasingh/Projects/Vocal-X/data_pipeline/raw/bn/bn_008_S4259674400304151.flac,bengali,S4259919200330829,/Users/adityasingh/Projects/Vocal-X/data_pipeline/raw/te/te_004_S4259919200330829.flac,telugu,different_speaker,0.26075007995868776
S4259674400304151,/Users/adityasingh/Projects/Vocal-X/data_pipeline/raw/bn/bn_008_S4259674400304151.flac,bengali,S4259919200330829,/Users/adityasingh/Projects/Vocal-X/data_pipeline/raw/te/te_005_S4259919200330829.flac,telugu,different_speaker,0.28802200039676057
S4259674400304151,/Users/adityasingh/Projects/Vocal-X/data_pipeline/raw/bn/bn_008_S4259674400304151.flac,bengali,S4259919200330829,/Users/adityasingh/Projects/Vocal-X/data_pipeline/raw/te/te_006_S4259919200330829.flac,telugu,different_speaker,0.4772196070922604
S4259674400304151,/Users/adityasingh/Projects/Vocal-X/data_pipeline/raw/bn/bn_008_S4259674400304151.flac,bengali,S4259557300391493,/Users/adityasingh/Projects/Vocal-X/data_pipeline/raw/te/te_007_S4259557300391493.flac,telugu,different_speaker,-0.08377734986424612
S4259674400304151,/Users/adityasingh/Projects/Vocal-X/data_pipeline/raw/bn/bn_008_S4259674400304151.flac,bengali,S4259557300391493,/Users/adityasingh/Projects/Vocal-X/data_pipeline/raw/te/te_008_S4259557300391493.flac,telugu,different_speaker,-0.031113762390645047
S4259674400304151,/Users/adityasingh/Projects/Vocal-X/data_pipeline/raw/bn/bn_008_S4259674400304151.flac,bengali,S4259557300391493,/Users/adityasingh/Projects/Vocal-X/data_pipeline/raw/te/te_009_S4259557300391493.flac,telugu,different_speaker,-0.19992185889030964
S4259674400304151,/Users/adityasingh/Projects/Vocal-X/data_pipeline/raw/bn/bn_008_S4259674400304151.flac,bengali,S4259010000375320,/Users/adityasingh/Projects/Vocal-X/data_pipeline/raw/te/te_010_S4259010000375320.flac,telugu,different_speaker,-0.14694044619538899
S4259674400304151,/Users/adityasingh/Projects/Vocal-X/data_pipeline/raw/bn/bn_008_S4259674400304151.flac,bengali,S4259010000375320,/Users/adityasingh/Projects/Vocal-X/data_pipeline/raw/te/te_011_S4259010000375320.flac,telugu,different_speaker,0.04813654098230872
S4259674400304151,/Users/adityasingh/Projects/Vocal-X/data_pipeline/raw/bn/bn_008_S4259674400304151.flac,bengali,S4259010000375320,/Users/adityasingh/Projects/Vocal-X/data_pipeline/raw/te/te_012_S4259010000375320.flac,telugu,different_speaker,0.20411669662031479
S4259674400304151,/Users/adityasingh/Projects/Vocal-X/data_pipeline/raw/bn/bn_008_S4259674400304151.flac,bengali,S4257321800337643,/Users/adityasingh/Projects/Vocal-X/data_pipeline/raw/te/te_013_S4257321800337643.flac,telugu,different_speaker,-0.504242420225961
S4259674400304151,/Users/adityasingh/Projects/Vocal-X/data_pipeline/raw/bn/bn_008_S4259674400304151.flac,bengali,S4257321800337643,/Users/adityasingh/Projects/Vocal-X/data_pipeline/raw/te/te_014_S4257321800337643.flac,telugu,different_speaker,-0.3614767217897063
S4259674400304151,/Users/adityasingh/Projects/Vocal-X/data_pipeline/raw/bn/bn_008_S4259674400304151.flac,bengali,S4257321800337643,/Users/adityasingh/Projects/Vocal-X/data_pipeline/raw/te/te_015_S4257321800337643.flac,telugu,different_speaker,-0.5379897099101953
S4259674400304151,/Users/adityasingh/Projects/Vocal-X/data_pipeline/raw/bn/bn_008_S4259674400304151.flac,bengali,S4258725600395882,/Users/adityasingh/Projects/Vocal-X/data_pipeline/raw/mr/mr_001_S4258725600395882.flac,marathi,different_speaker,0.12350445266453998
S4259674400304151,/Users/adityasingh/Projects/Vocal-X/data_pipeline/raw/bn/bn_008_S4259674400304151.flac,bengali,S4258725600395882,/Users/adityasingh/Projects/Vocal-X/data_pipeline/raw/mr/mr_002_S4258725600395882.flac,marathi,different_speaker,0.26051040583596324
S4259674400304151,/Users/adityasingh/Projects/Vocal-X/data_pipeline/raw/bn/bn_008_S4259674400304151.flac,bengali,S4258725600395882,/Users/adityasingh/Projects/Vocal-X/data_pipeline/raw/mr/mr_003_S4258725600395882.flac,marathi,different_speaker,0.36139165550237573
S4259674400304151,/Users/adityasingh/Projects/Vocal-X/data_pipeline/raw/bn/bn_008_S4259674400304151.flac,bengali,S4257020900340702,/Users/adityasingh/Projects/Vocal-X/data_pipeline/raw/mr/mr_004_S4257020900340702.flac,marathi,different_speaker,-0.19079751561500535
S4259674400304151,/Users/adityasingh/Projects/Vocal-X/data_pipeline/raw/bn/bn_008_S4259674400304151.flac,bengali,S4257020900340702,/Users/adityasingh/Projects/Vocal-X/data_pipeline/raw/mr/mr_005_S4257020900340702.flac,marathi,different_speaker,-0.07813995914003781
S4259674400304151,/Users/adityasingh/Projects/Vocal-X/data_pipeline/raw/bn/bn_008_S4259674400304151.flac,bengali,S4257020900340702,/Users/adityasingh/Projects/Vocal-X/data_pipeline/raw/mr/mr_006_S4257020900340702.flac,marathi,different_speaker,-0.15462331438972307
S4259674400304151,/Users/adityasingh/Projects/Vocal-X/data_pipeline/raw/bn/bn_008_S4259674400304151.flac,bengali,S4259734500395875,/Users/adityasingh/Projects/Vocal-X/data_pipeline/raw/mr/mr_007_S4259734500395875.flac,marathi,different_speaker,0.22332542058238697
S4259674400304151,/Users/adityasingh/Projects/Vocal-X/data_pipeline/raw/bn/bn_008_S4259674400304151.flac,bengali,S4259734500395875,/Users/adityasingh/Projects/Vocal-X/data_pipeline/raw/mr/mr_008_S4259734500395875.flac,marathi,different_speaker,0.05776730821805135
S4259674400304151,/Users/adityasingh/Projects/Vocal-X/data_pipeline/raw/bn/bn_008_S4259674400304151.flac,bengali,S4259734500395875,/Users/adityasingh/Projects/Vocal-X/data_pipeline/raw/mr/mr_009_S4259734500395875.flac,marathi,different_speaker,0.020083697324437672
S4259674400304151,/Users/adityasingh/Projects/Vocal-X/data_pipeline/raw/bn/bn_008_S4259674400304151.flac,bengali,S4257242800308984,/Users/adityasingh/Projects/Vocal-X/data_pipeline/raw/mr/mr_010_S4257242800308984.flac,marathi,different_speaker,-0.0683136782570957
S4259674400304151,/Users/adityasingh/Projects/Vocal-X/data_pipeline/raw/bn/bn_008_S4259674400304151.flac,bengali,S4257242800308984,/Users/adityasingh/Projects/Vocal-X/data_pipeline/raw/mr/mr_011_S4257242800308984.flac,marathi,different_speaker,0.07065279894302075
S4259674400304151,/Users/adityasingh/Projects/Vocal-X/data_pipeline/raw/bn/bn_008_S4259674400304151.flac,bengali,S4257242800308984,/Users/adityasingh/Projects/Vocal-X/data_pipeline/raw/mr/mr_012_S4257242800308984.flac,marathi,different_speaker,-0.31121431991795434
S4259674400304151,/Users/adityasingh/Projects/Vocal-X/data_pipeline/raw/bn/bn_008_S4259674400304151.flac,bengali,S4258045600338732,/Users/adityasingh/Projects/Vocal-X/data_pipeline/raw/mr/mr_013_S4258045600338732.flac,marathi,different_speaker,-0.19933086387150883
S4259674400304151,/Users/adityasingh/Projects/Vocal-X/data_pipeline/raw/bn/bn_008_S4259674400304151.flac,bengali,S4258045600338732,/Users/adityasingh/Projects/Vocal-X/data_pipeline/raw/mr/mr_014_S4258045600338732.flac,marathi,different_speaker,-0.26640545632439583
S4259674400304151,/Users/adityasingh/Projects/Vocal-X/data_pipeline/raw/bn/bn_008_S4259674400304151.flac,bengali,S4258045600338732,/Users/adityasingh/Projects/Vocal-X/data_pipeline/raw/mr/mr_015_S4258045600338732.flac,marathi,different_speaker,-0.44481837700651405
S4259674400304151,/Users/adityasingh/Projects/Vocal-X/data_pipeline/raw/bn/bn_009_S4259674400304151.flac,bengali,S4256944600325233,/Users/adityasingh/Projects/Vocal-X/data_pipeline/raw/bn/bn_010_S4256944600325233.flac,bengali,different_speaker,0.1753939105580968
S4259674400304151,/Users/adityasingh/Projects/Vocal-X/data_pipeline/raw/bn/bn_009_S4259674400304151.flac,bengali,S4256944600325233,/Users/adityasingh/Projects/Vocal-X/data_pipeline/raw/bn/bn_011_S4256944600325233.flac,bengali,different_speaker,0.04524765194416835
S4259674400304151,/Users/adityasingh/Projects/Vocal-X/data_pipeline/raw/bn/bn_009_S4259674400304151.flac,bengali,S4256944600325233,/Users/adityasingh/Projects/Vocal-X/data_pipeline/raw/bn/bn_012_S4256944600325233.flac,bengali,different_speaker,0.2679603153042237
S4259674400304151,/Users/adityasingh/Projects/Vocal-X/data_pipeline/raw/bn/bn_009_S4259674400304151.flac,bengali,S4258791300331826,/Users/adityasingh/Projects/Vocal-X/data_pipeline/raw/bn/bn_013_S4258791300331826.flac,bengali,different_speaker,-0.1238818442832967
S4259674400304151,/Users/adityasingh/Projects/Vocal-X/data_pipeline/raw/bn/bn_009_S4259674400304151.flac,bengali,S4258791300331826,/Users/adityasingh/Projects/Vocal-X/data_pipeline/raw/bn/bn_014_S4258791300331826.flac,bengali,different_speaker,0.1140217403417867
S4259674400304151,/Users/adityasingh/Projects/Vocal-X/data_pipeline/raw/bn/bn_009_S4259674400304151.flac,bengali,S4258791300331826,/Users/adityasingh/Projects/Vocal-X/data_pipeline/raw/bn/bn_015_S4258791300331826.flac,bengali,different_speaker,0.12078149541750569
S4259674400304151,/Users/adityasingh/Projects/Vocal-X/data_pipeline/raw/bn/bn_009_S4259674400304151.flac,bengali,S4258178900302423,/Users/adityasingh/Projects/Vocal-X/data_pipeline/raw/ta/ta_001_S4258178900302423.flac,tamil,different_speaker,0.44149004186701385
S4259674400304151,/Users/adityasingh/Projects/Vocal-X/data_pipeline/raw/bn/bn_009_S4259674400304151.flac,bengali,S4258178900302423,/Users/adityasingh/Projects/Vocal-X/data_pipeline/raw/ta/ta_002_S4258178900302423.flac,tamil,different_speaker,0.23001615043997126
S4259674400304151,/Users/adityasingh/Projects/Vocal-X/data_pipeline/raw/bn/bn_009_S4259674400304151.flac,bengali,S4258178900302423,/Users/adityasingh/Projects/Vocal-X/data_pipeline/raw/ta/ta_003_S4258178900302423.flac,tamil,different_speaker,0.3025729593590807
S4259674400304151,/Users/adityasingh/Projects/Vocal-X/data_pipeline/raw/bn/bn_009_S4259674400304151.flac,bengali,S4258116500302929,/Users/adityasingh/Projects/Vocal-X/data_pipeline/raw/ta/ta_004_S4258116500302929.flac,tamil,different_speaker,-0.34966837074447293
S4259674400304151,/Users/adityasingh/Projects/Vocal-X/data_pipeline/raw/bn/bn_009_S4259674400304151.flac,bengali,S4258116500302929,/Users/adityasingh/Projects/Vocal-X/data_pipeline/raw/ta/ta_005_S4258116500302929.flac,tamil,different_speaker,-0.24763628533079524
S4259674400304151,/Users/adityasingh/Projects/Vocal-X/data_pipeline/raw/bn/bn_009_S4259674400304151.flac,bengali,S4258116500302929,/Users/adityasingh/Projects/Vocal-X/data_pipeline/raw/ta/ta_006_S4258116500302929.flac,tamil,different_speaker,-0.24027475276313262
S4259674400304151,/Users/adityasingh/Projects/Vocal-X/data_pipeline/raw/bn/bn_009_S4259674400304151.flac,bengali,S4259940500370780,/Users/adityasingh/Projects/Vocal-X/data_pipeline/raw/ta/ta_007_S4259940500370780.flac,tamil,different_speaker,-0.15146406906422696
S4259674400304151,/Users/adityasingh/Projects/Vocal-X/data_pipeline/raw/bn/bn_009_S4259674400304151.flac,bengali,S4259940500370780,/Users/adityasingh/Projects/Vocal-X/data_pipeline/raw/ta/ta_008_S4259940500370780.flac,tamil,different_speaker,-0.1877489359950121
S4259674400304151,/Users/adityasingh/Projects/Vocal-X/data_pipeline/raw/bn/bn_009_S4259674400304151.flac,bengali,S4259940500370780,/Users/adityasingh/Projects/Vocal-X/data_pipeline/raw/ta/ta_009_S4259940500370780.flac,tamil,different_speaker,-0.03406150399583977
S4259674400304151,/Users/adityasingh/Projects/Vocal-X/data_pipeline/raw/bn/bn_009_S4259674400304151.flac,bengali,S4256668200339016,/Users/adityasingh/Projects/Vocal-X/data_pipeline/raw/ta/ta_010_S4256668200339016.flac,tamil,different_speaker,0.40206496396664787
S4259674400304151,/Users/adityasingh/Projects/Vocal-X/data_pipeline/raw/bn/bn_009_S4259674400304151.flac,bengali,S4256668200339016,/Users/adityasingh/Projects/Vocal-X/data_pipeline/raw/ta/ta_011_S4256668200339016.flac,tamil,different_speaker,0.3157413415236296
S4259674400304151,/Users/adityasingh/Projects/Vocal-X/data_pipeline/raw/bn/bn_009_S4259674400304151.flac,bengali,S4256668200339016,/Users/adityasingh/Projects/Vocal-X/data_pipeline/raw/ta/ta_012_S4256668200339016.flac,tamil,different_speaker,0.34876492645753254
S4259674400304151,/Users/adityasingh/Projects/Vocal-X/data_pipeline/raw/bn/bn_009_S4259674400304151.flac,bengali,S4259477200334929,/Users/adityasingh/Projects/Vocal-X/data_pipeline/raw/ta/ta_013_S4259477200334929.flac,tamil,different_speaker,-0.5330624878266234
S4259674400304151,/Users/adityasingh/Projects/Vocal-X/data_pipeline/raw/bn/bn_009_S4259674400304151.flac,bengali,S4259477200334929,/Users/adityasingh/Projects/Vocal-X/data_pipeline/raw/ta/ta_014_S4259477200334929.flac,tamil,different_speaker,-0.5427348732608542
S4259674400304151,/Users/adityasingh/Projects/Vocal-X/data_pipeline/raw/bn/bn_009_S4259674400304151.flac,bengali,S4259477200334929,/Users/adityasingh/Projects/Vocal-X/data_pipeline/raw/ta/ta_015_S4259477200334929.flac,tamil,different_speaker,-0.43135024272273925
S4259674400304151,/Users/adityasingh/Projects/Vocal-X/data_pipeline/raw/bn/bn_009_S4259674400304151.flac,bengali,S4257363100302319,/Users/adityasingh/Projects/Vocal-X/data_pipeline/raw/te/te_001_S4257363100302319.flac,telugu,different_speaker,-0.45982883729035434
S4259674400304151,/Users/adityasingh/Projects/Vocal-X/data_pipeline/raw/bn/bn_009_S4259674400304151.flac,bengali,S4257363100302319,/Users/adityasingh/Projects/Vocal-X/data_pipeline/raw/te/te_002_S4257363100302319.flac,telugu,different_speaker,0.2091684644732716
S4259674400304151,/Users/adityasingh/Projects/Vocal-X/data_pipeline/raw/bn/bn_009_S4259674400304151.flac,bengali,S4257363100302319,/Users/adityasingh/Projects/Vocal-X/data_pipeline/raw/te/te_003_S4257363100302319.flac,telugu,different_speaker,0.1930506296195576
S4259674400304151,/Users/adityasingh/Projects/Vocal-X/data_pipeline/raw/bn/bn_009_S4259674400304151.flac,bengali,S4259919200330829,/Users/adityasingh/Projects/Vocal-X/data_pipeline/raw/te/te_004_S4259919200330829.flac,telugu,different_speaker,0.46716732863508487
S4259674400304151,/Users/adityasingh/Projects/Vocal-X/data_pipeline/raw/bn/bn_009_S4259674400304151.flac,bengali,S4259919200330829,/Users/adityasingh/Projects/Vocal-X/data_pipeline/raw/te/te_005_S4259919200330829.flac,telugu,different_speaker,0.497453498237539
S4259674400304151,/Users/adityasingh/Projects/Vocal-X/data_pipeline/raw/bn/bn_009_S4259674400304151.flac,bengali,S4259919200330829,/Users/adityasingh/Projects/Vocal-X/data_pipeline/raw/te/te_006_S4259919200330829.flac,telugu,different_speaker,0.6620700051096615
S4259674400304151,/Users/adityasingh/Projects/Vocal-X/data_pipeline/raw/bn/bn_009_S4259674400304151.flac,bengali,S4259557300391493,/Users/adityasingh/Projects/Vocal-X/data_pipeline/raw/te/te_007_S4259557300391493.flac,telugu,different_speaker,0.11377376407341738
S4259674400304151,/Users/adityasingh/Projects/Vocal-X/data_pipeline/raw/bn/bn_009_S4259674400304151.flac,bengali,S4259557300391493,/Users/adityasingh/Projects/Vocal-X/data_pipeline/raw/te/te_008_S4259557300391493.flac,telugu,different_speaker,0.10760368449218918
S4259674400304151,/Users/adityasingh/Projects/Vocal-X/data_pipeline/raw/bn/bn_009_S4259674400304151.flac,bengali,S4259557300391493,/Users/adityasingh/Projects/Vocal-X/data_pipeline/raw/te/te_009_S4259557300391493.flac,telugu,different_speaker,-0.19853705516287962
S4259674400304151,/Users/adityasingh/Projects/Vocal-X/data_pipeline/raw/bn/bn_009_S4259674400304151.flac,bengali,S4259010000375320,/Users/adityasingh/Projects/Vocal-X/data_pipeline/raw/te/te_010_S4259010000375320.flac,telugu,different_speaker,0.03574111897981831
S4259674400304151,/Users/adityasingh/Projects/Vocal-X/data_pipeline/raw/bn/bn_009_S4259674400304151.flac,bengali,S4259010000375320,/Users/adityasingh/Projects/Vocal-X/data_pipeline/raw/te/te_011_S4259010000375320.flac,telugu,different_speaker,0.16446015103864994
S4259674400304151,/Users/adityasingh/Projects/Vocal-X/data_pipeline/raw/bn/bn_009_S4259674400304151.flac,bengali,S4259010000375320,/Users/adityasingh/Projects/Vocal-X/data_pipeline/raw/te/te_012_S4259010000375320.flac,telugu,different_speaker,0.33282672779505035
S4259674400304151,/Users/adityasingh/Projects/Vocal-X/data_pipeline/raw/bn/bn_009_S4259674400304151.flac,bengali,S4257321800337643,/Users/adityasingh/Projects/Vocal-X/data_pipeline/raw/te/te_013_S4257321800337643.flac,telugu,different_speaker,-0.5155410377740357
S4259674400304151,/Users/adityasingh/Projects/Vocal-X/data_pipeline/raw/bn/bn_009_S4259674400304151.flac,bengali,S4257321800337643,/Users/adityasingh/Projects/Vocal-X/data_pipeline/raw/te/te_014_S4257321800337643.flac,telugu,different_speaker,-0.3752915572936333
S4259674400304151,/Users/adityasingh/Projects/Vocal-X/data_pipeline/raw/bn/bn_009_S4259674400304151.flac,bengali,S4257321800337643,/Users/adityasingh/Projects/Vocal-X/data_pipeline/raw/te/te_015_S4257321800337643.flac,telugu,different_speaker,-0.44296764800259336
S4259674400304151,/Users/adityasingh/Projects/Vocal-X/data_pipeline/raw/bn/bn_009_S4259674400304151.flac,bengali,S4258725600395882,/Users/adityasingh/Projects/Vocal-X/data_pipeline/raw/mr/mr_001_S4258725600395882.flac,marathi,different_speaker,0.06798120473489368
S4259674400304151,/Users/adityasingh/Projects/Vocal-X/data_pipeline/raw/bn/bn_009_S4259674400304151.flac,bengali,S4258725600395882,/Users/adityasingh/Projects/Vocal-X/data_pipeline/raw/mr/mr_002_S4258725600395882.flac,marathi,different_speaker,0.23123976038176966
S4259674400304151,/Users/adityasingh/Projects/Vocal-X/data_pipeline/raw/bn/bn_009_S4259674400304151.flac,bengali,S4258725600395882,/Users/adityasingh/Projects/Vocal-X/data_pipeline/raw/mr/mr_003_S4258725600395882.flac,marathi,different_speaker,0.5579195654058728
S4259674400304151,/Users/adityasingh/Projects/Vocal-X/data_pipeline/raw/bn/bn_009_S4259674400304151.flac,bengali,S4257020900340702,/Users/adityasingh/Projects/Vocal-X/data_pipeline/raw/mr/mr_004_S4257020900340702.flac,marathi,different_speaker,-0.283632817581853
S4259674400304151,/Users/adityasingh/Projects/Vocal-X/data_pipeline/raw/bn/bn_009_S4259674400304151.flac,bengali,S4257020900340702,/Users/adityasingh/Projects/Vocal-X/data_pipeline/raw/mr/mr_005_S4257020900340702.flac,marathi,different_speaker,-0.17311889742016723
S4259674400304151,/Users/adityasingh/Projects/Vocal-X/data_pipeline/raw/bn/bn_009_S4259674400304151.flac,bengali,S4257020900340702,/Users/adityasingh/Projects/Vocal-X/data_pipeline/raw/mr/mr_006_S4257020900340702.flac,marathi,different_speaker,-0.26335074604424186
S4259674400304151,/Users/adityasingh/Projects/Vocal-X/data_pipeline/raw/bn/bn_009_S4259674400304151.flac,bengali,S4259734500395875,/Users/adityasingh/Projects/Vocal-X/data_pipeline/raw/mr/mr_007_S4259734500395875.flac,marathi,different_speaker,0.18497077189405942
S4259674400304151,/Users/adityasingh/Projects/Vocal-X/data_pipeline/raw/bn/bn_009_S4259674400304151.flac,bengali,S4259734500395875,/Users/adityasingh/Projects/Vocal-X/data_pipeline/raw/mr/mr_008_S4259734500395875.flac,marathi,different_speaker,0.14753961539321633
S4259674400304151,/Users/adityasingh/Projects/Vocal-X/data_pipeline/raw/bn/bn_009_S4259674400304151.flac,bengali,S4259734500395875,/Users/adityasingh/Projects/Vocal-X/data_pipeline/raw/mr/mr_009_S4259734500395875.flac,marathi,different_speaker,0.007377881589988898
S4259674400304151,/Users/adityasingh/Projects/Vocal-X/data_pipeline/raw/bn/bn_009_S4259674400304151.flac,bengali,S4257242800308984,/Users/adityasingh/Projects/Vocal-X/data_pipeline/raw/mr/mr_010_S4257242800308984.flac,marathi,different_speaker,-0.04599841775490545
S4259674400304151,/Users/adityasingh/Projects/Vocal-X/data_pipeline/raw/bn/bn_009_S4259674400304151.flac,bengali,S4257242800308984,/Users/adityasingh/Projects/Vocal-X/data_pipeline/raw/mr/mr_011_S4257242800308984.flac,marathi,different_speaker,0.15222995381232032
S4259674400304151,/Users/adityasingh/Projects/Vocal-X/data_pipeline/raw/bn/bn_009_S4259674400304151.flac,bengali,S4257242800308984,/Users/adityasingh/Projects/Vocal-X/data_pipeline/raw/mr/mr_012_S4257242800308984.flac,marathi,different_speaker,-0.3635122033106959
S4259674400304151,/Users/adityasingh/Projects/Vocal-X/data_pipeline/raw/bn/bn_009_S4259674400304151.flac,bengali,S4258045600338732,/Users/adityasingh/Projects/Vocal-X/data_pipeline/raw/mr/mr_013_S4258045600338732.flac,marathi,different_speaker,-0.22144454168590963
S4259674400304151,/Users/adityasingh/Projects/Vocal-X/data_pipeline/raw/bn/bn_009_S4259674400304151.flac,bengali,S4258045600338732,/Users/adityasingh/Projects/Vocal-X/data_pipeline/raw/mr/mr_014_S4258045600338732.flac,marathi,different_speaker,-0.29163208135589214
S4259674400304151,/Users/adityasingh/Projects/Vocal-X/data_pipeline/raw/bn/bn_009_S4259674400304151.flac,bengali,S4258045600338732,/Users/adityasingh/Projects/Vocal-X/data_pipeline/raw/mr/mr_015_S4258045600338732.flac,marathi,different_speaker,-0.42793881731422195
S4256944600325233,/Users/adityasingh/Projects/Vocal-X/data_pipeline/raw/bn/bn_010_S4256944600325233.flac,bengali,S4256944600325233,/Users/adityasingh/Projects/Vocal-X/data_pipeline/raw/bn/bn_011_S4256944600325233.flac,bengali,same_speaker,0.7104973833499387
S4256944600325233,/Users/adityasingh/Projects/Vocal-X/data_pipeline/raw/bn/bn_010_S4256944600325233.flac,bengali,S4256944600325233,/Users/adityasingh/Projects/Vocal-X/data_pipeline/raw/bn/bn_012_S4256944600325233.flac,bengali,same_speaker,0.48722648966541704
S4256944600325233,/Users/adityasingh/Projects/Vocal-X/data_pipeline/raw/bn/bn_010_S4256944600325233.flac,bengali,S4258791300331826,/Users/adityasingh/Projects/Vocal-X/data_pipeline/raw/bn/bn_013_S4258791300331826.flac,bengali,different_speaker,-0.5550608260053964
S4256944600325233,/Users/adityasingh/Projects/Vocal-X/data_pipeline/raw/bn/bn_010_S4256944600325233.flac,bengali,S4258791300331826,/Users/adityasingh/Projects/Vocal-X/data_pipeline/raw/bn/bn_014_S4258791300331826.flac,bengali,different_speaker,-0.4303270106358316
S4256944600325233,/Users/adityasingh/Projects/Vocal-X/data_pipeline/raw/bn/bn_010_S4256944600325233.flac,bengali,S4258791300331826,/Users/adityasingh/Projects/Vocal-X/data_pipeline/raw/bn/bn_015_S4258791300331826.flac,bengali,different_speaker,-0.424563398483034
S4256944600325233,/Users/adityasingh/Projects/Vocal-X/data_pipeline/raw/bn/bn_010_S4256944600325233.flac,bengali,S4258178900302423,/Users/adityasingh/Projects/Vocal-X/data_pipeline/raw/ta/ta_001_S4258178900302423.flac,tamil,different_speaker,0.06522904455726845
S4256944600325233,/Users/adityasingh/Projects/Vocal-X/data_pipeline/raw/bn/bn_010_S4256944600325233.flac,bengali,S4258178900302423,/Users/adityasingh/Projects/Vocal-X/data_pipeline/raw/ta/ta_002_S4258178900302423.flac,tamil,different_speaker,0.1298714468653717
S4256944600325233,/Users/adityasingh/Projects/Vocal-X/data_pipeline/raw/bn/bn_010_S4256944600325233.flac,bengali,S4258178900302423,/Users/adityasingh/Projects/Vocal-X/data_pipeline/raw/ta/ta_003_S4258178900302423.flac,tamil,different_speaker,-0.018916578420171425
S4256944600325233,/Users/adityasingh/Projects/Vocal-X/data_pipeline/raw/bn/bn_010_S4256944600325233.flac,bengali,S4258116500302929,/Users/adityasingh/Projects/Vocal-X/data_pipeline/raw/ta/ta_004_S4258116500302929.flac,tamil,different_speaker,-0.416746234721381
S4256944600325233,/Users/adityasingh/Projects/Vocal-X/data_pipeline/raw/bn/bn_010_S4256944600325233.flac,bengali,S4258116500302929,/Users/adityasingh/Projects/Vocal-X/data_pipeline/raw/ta/ta_005_S4258116500302929.flac,tamil,different_speaker,-0.5097772582416814
S4256944600325233,/Users/adityasingh/Projects/Vocal-X/data_pipeline/raw/bn/bn_010_S4256944600325233.flac,bengali,S4258116500302929,/Users/adityasingh/Projects/Vocal-X/data_pipeline/raw/ta/ta_006_S4258116500302929.flac,tamil,different_speaker,-0.4257188532833597
S4256944600325233,/Users/adityasingh/Projects/Vocal-X/data_pipeline/raw/bn/bn_010_S4256944600325233.flac,bengali,S4259940500370780,/Users/adityasingh/Projects/Vocal-X/data_pipeline/raw/ta/ta_007_S4259940500370780.flac,tamil,different_speaker,-0.11676216901280341
S4256944600325233,/Users/adityasingh/Projects/Vocal-X/data_pipeline/raw/bn/bn_010_S4256944600325233.flac,bengali,S4259940500370780,/Users/adityasingh/Projects/Vocal-X/data_pipeline/raw/ta/ta_008_S4259940500370780.flac,tamil,different_speaker,0.23530533312695034
S4256944600325233,/Users/adityasingh/Projects/Vocal-X/data_pipeline/raw/bn/bn_010_S4256944600325233.flac,bengali,S4259940500370780,/Users/adityasingh/Projects/Vocal-X/data_pipeline/raw/ta/ta_009_S4259940500370780.flac,tamil,different_speaker,0.33122505446554473
S4256944600325233,/Users/adityasingh/Projects/Vocal-X/data_pipeline/raw/bn/bn_010_S4256944600325233.flac,bengali,S4256668200339016,/Users/adityasingh/Projects/Vocal-X/data_pipeline/raw/ta/ta_010_S4256668200339016.flac,tamil,different_speaker,0.15363460244793656
S4256944600325233,/Users/adityasingh/Projects/Vocal-X/data_pipeline/raw/bn/bn_010_S4256944600325233.flac,bengali,S4256668200339016,/Users/adityasingh/Projects/Vocal-X/data_pipeline/raw/ta/ta_011_S4256668200339016.flac,tamil,different_speaker,0.06283365126625395
S4256944600325233,/Users/adityasingh/Projects/Vocal-X/data_pipeline/raw/bn/bn_010_S4256944600325233.flac,bengali,S4256668200339016,/Users/adityasingh/Projects/Vocal-X/data_pipeline/raw/ta/ta_012_S4256668200339016.flac,tamil,different_speaker,0.1096945803722297
S4256944600325233,/Users/adityasingh/Projects/Vocal-X/data_pipeline/raw/bn/bn_010_S4256944600325233.flac,bengali,S4259477200334929,/Users/adityasingh/Projects/Vocal-X/data_pipeline/raw/ta/ta_013_S4259477200334929.flac,tamil,different_speaker,0.018524954789597238
S4256944600325233,/Users/adityasingh/Projects/Vocal-X/data_pipeline/raw/bn/bn_010_S4256944600325233.flac,bengali,S4259477200334929,/Users/adityasingh/Projects/Vocal-X/data_pipeline/raw/ta/ta_014_S4259477200334929.flac,tamil,different_speaker,-0.0032525828956167717
S4256944600325233,/Users/adityasingh/Projects/Vocal-X/data_pipeline/raw/bn/bn_010_S4256944600325233.flac,bengali,S4259477200334929,/Users/adityasingh/Projects/Vocal-X/data_pipeline/raw/ta/ta_015_S4259477200334929.flac,tamil,different_speaker,0.11963131864327045
S4256944600325233,/Users/adityasingh/Projects/Vocal-X/data_pipeline/raw/bn/bn_010_S4256944600325233.flac,bengali,S4257363100302319,/Users/adityasingh/Projects/Vocal-X/data_pipeline/raw/te/te_001_S4257363100302319.flac,telugu,different_speaker,0.1809054262511765
S4256944600325233,/Users/adityasingh/Projects/Vocal-X/data_pipeline/raw/bn/bn_010_S4256944600325233.flac,bengali,S4257363100302319,/Users/adityasingh/Projects/Vocal-X/data_pipeline/raw/te/te_002_S4257363100302319.flac,telugu,different_speaker,-0.028179911881707626
S4256944600325233,/Users/adityasingh/Projects/Vocal-X/data_pipeline/raw/bn/bn_010_S4256944600325233.flac,bengali,S4257363100302319,/Users/adityasingh/Projects/Vocal-X/data_pipeline/raw/te/te_003_S4257363100302319.flac,telugu,different_speaker,0.11672935926544459
S4256944600325233,/Users/adityasingh/Projects/Vocal-X/data_pipeline/raw/bn/bn_010_S4256944600325233.flac,bengali,S4259919200330829,/Users/adityasingh/Projects/Vocal-X/data_pipeline/raw/te/te_004_S4259919200330829.flac,telugu,different_speaker,-0.015097618972399125
S4256944600325233,/Users/adityasingh/Projects/Vocal-X/data_pipeline/raw/bn/bn_010_S4256944600325233.flac,bengali,S4259919200330829,/Users/adityasingh/Projects/Vocal-X/data_pipeline/raw/te/te_005_S4259919200330829.flac,telugu,different_speaker,-0.11393249654868222
S4256944600325233,/Users/adityasingh/Projects/Vocal-X/data_pipeline/raw/bn/bn_010_S4256944600325233.flac,bengali,S4259919200330829,/Users/adityasingh/Projects/Vocal-X/data_pipeline/raw/te/te_006_S4259919200330829.flac,telugu,different_speaker,0.2770556554961767
S4256944600325233,/Users/adityasingh/Projects/Vocal-X/data_pipeline/raw/bn/bn_010_S4256944600325233.flac,bengali,S4259557300391493,/Users/adityasingh/Projects/Vocal-X/data_pipeline/raw/te/te_007_S4259557300391493.flac,telugu,different_speaker,0.3508399220792219
S4256944600325233,/Users/adityasingh/Projects/Vocal-X/data_pipeline/raw/bn/bn_010_S4256944600325233.flac,bengali,S4259557300391493,/Users/adityasingh/Projects/Vocal-X/data_pipeline/raw/te/te_008_S4259557300391493.flac,telugu,different_speaker,0.47159009751577574
S4256944600325233,/Users/adityasingh/Projects/Vocal-X/data_pipeline/raw/bn/bn_010_S4256944600325233.flac,bengali,S4259557300391493,/Users/adityasingh/Projects/Vocal-X/data_pipeline/raw/te/te_009_S4259557300391493.flac,telugu,different_speaker,-0.2746034694235043
S4256944600325233,/Users/adityasingh/Projects/Vocal-X/data_pipeline/raw/bn/bn_010_S4256944600325233.flac,bengali,S4259010000375320,/Users/adityasingh/Projects/Vocal-X/data_pipeline/raw/te/te_010_S4259010000375320.flac,telugu,different_speaker,0.7421102854387597
S4256944600325233,/Users/adityasingh/Projects/Vocal-X/data_pipeline/raw/bn/bn_010_S4256944600325233.flac,bengali,S4259010000375320,/Users/adityasingh/Projects/Vocal-X/data_pipeline/raw/te/te_011_S4259010000375320.flac,telugu,different_speaker,0.5982966124836925
S4256944600325233,/Users/adityasingh/Projects/Vocal-X/data_pipeline/raw/bn/bn_010_S4256944600325233.flac,bengali,S4259010000375320,/Users/adityasingh/Projects/Vocal-X/data_pipeline/raw/te/te_012_S4259010000375320.flac,telugu,different_speaker,0.7664290912870275
S4256944600325233,/Users/adityasingh/Projects/Vocal-X/data_pipeline/raw/bn/bn_010_S4256944600325233.flac,bengali,S4257321800337643,/Users/adityasingh/Projects/Vocal-X/data_pipeline/raw/te/te_013_S4257321800337643.flac,telugu,different_speaker,0.358609674704214
S4256944600325233,/Users/adityasingh/Projects/Vocal-X/data_pipeline/raw/bn/bn_010_S4256944600325233.flac,bengali,S4257321800337643,/Users/adityasingh/Projects/Vocal-X/data_pipeline/raw/te/te_014_S4257321800337643.flac,telugu,different_speaker,0.01894140769836118
S4256944600325233,/Users/adityasingh/Projects/Vocal-X/data_pipeline/raw/bn/bn_010_S4256944600325233.flac,bengali,S4257321800337643,/Users/adityasingh/Projects/Vocal-X/data_pipeline/raw/te/te_015_S4257321800337643.flac,telugu,different_speaker,0.25767351400448185
S4256944600325233,/Users/adityasingh/Projects/Vocal-X/data_pipeline/raw/bn/bn_010_S4256944600325233.flac,bengali,S4258725600395882,/Users/adityasingh/Projects/Vocal-X/data_pipeline/raw/mr/mr_001_S4258725600395882.flac,marathi,different_speaker,-0.0846965195759308
S4256944600325233,/Users/adityasingh/Projects/Vocal-X/data_pipeline/raw/bn/bn_010_S4256944600325233.flac,bengali,S4258725600395882,/Users/adityasingh/Projects/Vocal-X/data_pipeline/raw/mr/mr_002_S4258725600395882.flac,marathi,different_speaker,-0.17406102204775767
S4256944600325233,/Users/adityasingh/Projects/Vocal-X/data_pipeline/raw/bn/bn_010_S4256944600325233.flac,bengali,S4258725600395882,/Users/adityasingh/Projects/Vocal-X/data_pipeline/raw/mr/mr_003_S4258725600395882.flac,marathi,different_speaker,0.5288765175830689
S4256944600325233,/Users/adityasingh/Projects/Vocal-X/data_pipeline/raw/bn/bn_010_S4256944600325233.flac,bengali,S4257020900340702,/Users/adityasingh/Projects/Vocal-X/data_pipeline/raw/mr/mr_004_S4257020900340702.flac,marathi,different_speaker,0.04952089771381741
S4256944600325233,/Users/adityasingh/Projects/Vocal-X/data_pipeline/raw/bn/bn_010_S4256944600325233.flac,bengali,S4257020900340702,/Users/adityasingh/Projects/Vocal-X/data_pipeline/raw/mr/mr_005_S4257020900340702.flac,marathi,different_speaker,0.0148426239072833
S4256944600325233,/Users/adityasingh/Projects/Vocal-X/data_pipeline/raw/bn/bn_010_S4256944600325233.flac,bengali,S4257020900340702,/Users/adityasingh/Projects/Vocal-X/data_pipeline/raw/mr/mr_006_S4257020900340702.flac,marathi,different_speaker,-0.052562264253206654
S4256944600325233,/Users/adityasingh/Projects/Vocal-X/data_pipeline/raw/bn/bn_010_S4256944600325233.flac,bengali,S4259734500395875,/Users/adityasingh/Projects/Vocal-X/data_pipeline/raw/mr/mr_007_S4259734500395875.flac,marathi,different_speaker,0.10543283947784303
S4256944600325233,/Users/adityasingh/Projects/Vocal-X/data_pipeline/raw/bn/bn_010_S4256944600325233.flac,bengali,S4259734500395875,/Users/adityasingh/Projects/Vocal-X/data_pipeline/raw/mr/mr_008_S4259734500395875.flac,marathi,different_speaker,0.1524338522745977
S4256944600325233,/Users/adityasingh/Projects/Vocal-X/data_pipeline/raw/bn/bn_010_S4256944600325233.flac,bengali,S4259734500395875,/Users/adityasingh/Projects/Vocal-X/data_pipeline/raw/mr/mr_009_S4259734500395875.flac,marathi,different_speaker,-0.1147161680106469
S4256944600325233,/Users/adityasingh/Projects/Vocal-X/data_pipeline/raw/bn/bn_010_S4256944600325233.flac,bengali,S4257242800308984,/Users/adityasingh/Projects/Vocal-X/data_pipeline/raw/mr/mr_010_S4257242800308984.flac,marathi,different_speaker,0.21156509098294007
S4256944600325233,/Users/adityasingh/Projects/Vocal-X/data_pipeline/raw/bn/bn_010_S4256944600325233.flac,bengali,S4257242800308984,/Users/adityasingh/Projects/Vocal-X/data_pipeline/raw/mr/mr_011_S4257242800308984.flac,marathi,different_speaker,-0.21360115314329237
S4256944600325233,/Users/adityasingh/Projects/Vocal-X/data_pipeline/raw/bn/bn_010_S4256944600325233.flac,bengali,S4257242800308984,/Users/adityasingh/Projects/Vocal-X/data_pipeline/raw/mr/mr_012_S4257242800308984.flac,marathi,different_speaker,-0.34476154045605006
S4256944600325233,/Users/adityasingh/Projects/Vocal-X/data_pipeline/raw/bn/bn_010_S4256944600325233.flac,bengali,S4258045600338732,/Users/adityasingh/Projects/Vocal-X/data_pipeline/raw/mr/mr_013_S4258045600338732.flac,marathi,different_speaker,0.4131952625778683
S4256944600325233,/Users/adityasingh/Projects/Vocal-X/data_pipeline/raw/bn/bn_010_S4256944600325233.flac,bengali,S4258045600338732,/Users/adityasingh/Projects/Vocal-X/data_pipeline/raw/mr/mr_014_S4258045600338732.flac,marathi,different_speaker,0.4047745104874608
S4256944600325233,/Users/adityasingh/Projects/Vocal-X/data_pipeline/raw/bn/bn_010_S4256944600325233.flac,bengali,S4258045600338732,/Users/adityasingh/Projects/Vocal-X/data_pipeline/raw/mr/mr_015_S4258045600338732.flac,marathi,different_speaker,0.3555711589089881
S4256944600325233,/Users/adityasingh/Projects/Vocal-X/data_pipeline/raw/bn/bn_011_S4256944600325233.flac,bengali,S4256944600325233,/Users/adityasingh/Projects/Vocal-X/data_pipeline/raw/bn/bn_012_S4256944600325233.flac,bengali,same_speaker,0.4875605136943573
S4256944600325233,/Users/adityasingh/Projects/Vocal-X/data_pipeline/raw/bn/bn_011_S4256944600325233.flac,bengali,S4258791300331826,/Users/adityasingh/Projects/Vocal-X/data_pipeline/raw/bn/bn_013_S4258791300331826.flac,bengali,different_speaker,-0.595908327355869
S4256944600325233,/Users/adityasingh/Projects/Vocal-X/data_pipeline/raw/bn/bn_011_S4256944600325233.flac,bengali,S4258791300331826,/Users/adityasingh/Projects/Vocal-X/data_pipeline/raw/bn/bn_014_S4258791300331826.flac,bengali,different_speaker,-0.4374714745543749
S4256944600325233,/Users/adityasingh/Projects/Vocal-X/data_pipeline/raw/bn/bn_011_S4256944600325233.flac,bengali,S4258791300331826,/Users/adityasingh/Projects/Vocal-X/data_pipeline/raw/bn/bn_015_S4258791300331826.flac,bengali,different_speaker,-0.589633204446
S4256944600325233,/Users/adityasingh/Projects/Vocal-X/data_pipeline/raw/bn/bn_011_S4256944600325233.flac,bengali,S4258178900302423,/Users/adityasingh/Projects/Vocal-X/data_pipeline/raw/ta/ta_001_S4258178900302423.flac,tamil,different_speaker,-0.0773351862271803
S4256944600325233,/Users/adityasingh/Projects/Vocal-X/data_pipeline/raw/bn/bn_011_S4256944600325233.flac,bengali,S4258178900302423,/Users/adityasingh/Projects/Vocal-X/data_pipeline/raw/ta/ta_002_S4258178900302423.flac,tamil,different_speaker,-0.042204407717218596
S4256944600325233,/Users/adityasingh/Projects/Vocal-X/data_pipeline/raw/bn/bn_011_S4256944600325233.flac,bengali,S4258178900302423,/Users/adityasingh/Projects/Vocal-X/data_pipeline/raw/ta/ta_003_S4258178900302423.flac,tamil,different_speaker,-0.15669136709345557
S4256944600325233,/Users/adityasingh/Projects/Vocal-X/data_pipeline/raw/bn/bn_011_S4256944600325233.flac,bengali,S4258116500302929,/Users/adityasingh/Projects/Vocal-X/data_pipeline/raw/ta/ta_004_S4258116500302929.flac,tamil,different_speaker,-0.37803091011943335
S4256944600325233,/Users/adityasingh/Projects/Vocal-X/data_pipeline/raw/bn/bn_011_S4256944600325233.flac,bengali,S4258116500302929,/Users/adityasingh/Projects/Vocal-X/data_pipeline/raw/ta/ta_005_S4258116500302929.flac,tamil,different_speaker,-0.45210272742843444
S4256944600325233,/Users/adityasingh/Projects/Vocal-X/data_pipeline/raw/bn/bn_011_S4256944600325233.flac,bengali,S4258116500302929,/Users/adityasingh/Projects/Vocal-X/data_pipeline/raw/ta/ta_006_S4258116500302929.flac,tamil,different_speaker,-0.40444010778090095
S4256944600325233,/Users/adityasingh/Projects/Vocal-X/data_pipeline/raw/bn/bn_011_S4256944600325233.flac,bengali,S4259940500370780,/Users/adityasingh/Projects/Vocal-X/data_pipeline/raw/ta/ta_007_S4259940500370780.flac,tamil,different_speaker,-0.09447162340320543
S4256944600325233,/Users/adityasingh/Projects/Vocal-X/data_pipeline/raw/bn/bn_011_S4256944600325233.flac,bengali,S4259940500370780,/Users/adityasingh/Projects/Vocal-X/data_pipeline/raw/ta/ta_008_S4259940500370780.flac,tamil,different_speaker,-0.04338764032470798
S4256944600325233,/Users/adityasingh/Projects/Vocal-X/data_pipeline/raw/bn/bn_011_S4256944600325233.flac,bengali,S4259940500370780,/Users/adityasingh/Projects/Vocal-X/data_pipeline/raw/ta/ta_009_S4259940500370780.flac,tamil,different_speaker,0.18127604988253224
S4256944600325233,/Users/adityasingh/Projects/Vocal-X/data_pipeline/raw/bn/bn_011_S4256944600325233.flac,bengali,S4256668200339016,/Users/adityasingh/Projects/Vocal-X/data_pipeline/raw/ta/ta_010_S4256668200339016.flac,tamil,different_speaker,0.24510195703033896
S4256944600325233,/Users/adityasingh/Projects/Vocal-X/data_pipeline/raw/bn/bn_011_S4256944600325233.flac,bengali,S4256668200339016,/Users/adityasingh/Projects/Vocal-X/data_pipeline/raw/ta/ta_011_S4256668200339016.flac,tamil,different_speaker,-0.011931634112161891
S4256944600325233,/Users/adityasingh/Projects/Vocal-X/data_pipeline/raw/bn/bn_011_S4256944600325233.flac,bengali,S4256668200339016,/Users/adityasingh/Projects/Vocal-X/data_pipeline/raw/ta/ta_012_S4256668200339016.flac,tamil,different_speaker,0.1917295372904699
S4256944600325233,/Users/adityasingh/Projects/Vocal-X/data_pipeline/raw/bn/bn_011_S4256944600325233.flac,bengali,S4259477200334929,/Users/adityasingh/Projects/Vocal-X/data_pipeline/raw/ta/ta_013_S4259477200334929.flac,tamil,different_speaker,0.10353909184973448
S4256944600325233,/Users/adityasingh/Projects/Vocal-X/data_pipeline/raw/bn/bn_011_S4256944600325233.flac,bengali,S4259477200334929,/Users/adityasingh/Projects/Vocal-X/data_pipeline/raw/ta/ta_014_S4259477200334929.flac,tamil,different_speaker,-0.081773293249055
S4256944600325233,/Users/adityasingh/Projects/Vocal-X/data_pipeline/raw/bn/bn_011_S4256944600325233.flac,bengali,S4259477200334929,/Users/adityasingh/Projects/Vocal-X/data_pipeline/raw/ta/ta_015_S4259477200334929.flac,tamil,different_speaker,0.05107121352115423
S4256944600325233,/Users/adityasingh/Projects/Vocal-X/data_pipeline/raw/bn/bn_011_S4256944600325233.flac,bengali,S4257363100302319,/Users/adityasingh/Projects/Vocal-X/data_pipeline/raw/te/te_001_S4257363100302319.flac,telugu,different_speaker,0.3981064222502756
S4256944600325233,/Users/adityasingh/Projects/Vocal-X/data_pipeline/raw/bn/bn_011_S4256944600325233.flac,bengali,S4257363100302319,/Users/adityasingh/Projects/Vocal-X/data_pipeline/raw/te/te_002_S4257363100302319.flac,telugu,different_speaker,0.2080922612957443
S4256944600325233,/Users/adityasingh/Projects/Vocal-X/data_pipeline/raw/bn/bn_011_S4256944600325233.flac,bengali,S4257363100302319,/Users/adityasingh/Projects/Vocal-X/data_pipeline/raw/te/te_003_S4257363100302319.flac,telugu,different_speaker,0.344337092695652
S4256944600325233,/Users/adityasingh/Projects/Vocal-X/data_pipeline/raw/bn/bn_011_S4256944600325233.flac,bengali,S4259919200330829,/Users/adityasingh/Projects/Vocal-X/data_pipeline/raw/te/te_004_S4259919200330829.flac,telugu,different_speaker,0.019409649267657588
S4256944600325233,/Users/adityasingh/Projects/Vocal-X/data_pipeline/raw/bn/bn_011_S4256944600325233.flac,bengali,S4259919200330829,/Users/adityasingh/Projects/Vocal-X/data_pipeline/raw/te/te_005_S4259919200330829.flac,telugu,different_speaker,-0.06890717782128847
S4256944600325233,/Users/adityasingh/Projects/Vocal-X/data_pipeline/raw/bn/bn_011_S4256944600325233.flac,bengali,S4259919200330829,/Users/adityasingh/Projects/Vocal-X/data_pipeline/raw/te/te_006_S4259919200330829.flac,telugu,different_speaker,0.26359965605225066
S4256944600325233,/Users/adityasingh/Projects/Vocal-X/data_pipeline/raw/bn/bn_011_S4256944600325233.flac,bengali,S4259557300391493,/Users/adityasingh/Projects/Vocal-X/data_pipeline/raw/te/te_007_S4259557300391493.flac,telugu,different_speaker,0.5548650295091083
S4256944600325233,/Users/adityasingh/Projects/Vocal-X/data_pipeline/raw/bn/bn_011_S4256944600325233.flac,bengali,S4259557300391493,/Users/adityasingh/Projects/Vocal-X/data_pipeline/raw/te/te_008_S4259557300391493.flac,telugu,different_speaker,0.5498106864977047
S4256944600325233,/Users/adityasingh/Projects/Vocal-X/data_pipeline/raw/bn/bn_011_S4256944600325233.flac,bengali,S4259557300391493,/Users/adityasingh/Projects/Vocal-X/data_pipeline/raw/te/te_009_S4259557300391493.flac,telugu,different_speaker,0.11179265164328467
S4256944600325233,/Users/adityasingh/Projects/Vocal-X/data_pipeline/raw/bn/bn_011_S4256944600325233.flac,bengali,S4259010000375320,/Users/adityasingh/Projects/Vocal-X/data_pipeline/raw/te/te_010_S4259010000375320.flac,telugu,different_speaker,0.7631733699975269
S4256944600325233,/Users/adityasingh/Projects/Vocal-X/data_pipeline/raw/bn/bn_011_S4256944600325233.flac,bengali,S4259010000375320,/Users/adityasingh/Projects/Vocal-X/data_pipeline/raw/te/te_011_S4259010000375320.flac,telugu,different_speaker,0.49703301634490316
S4256944600325233,/Users/adityasingh/Projects/Vocal-X/data_pipeline/raw/bn/bn_011_S4256944600325233.flac,bengali,S4259010000375320,/Users/adityasingh/Projects/Vocal-X/data_pipeline/raw/te/te_012_S4259010000375320.flac,telugu,different_speaker,0.6988467879571425
S4256944600325233,/Users/adityasingh/Projects/Vocal-X/data_pipeline/raw/bn/bn_011_S4256944600325233.flac,bengali,S4257321800337643,/Users/adityasingh/Projects/Vocal-X/data_pipeline/raw/te/te_013_S4257321800337643.flac,telugu,different_speaker,0.471746432683458
S4256944600325233,/Users/adityasingh/Projects/Vocal-X/data_pipeline/raw/bn/bn_011_S4256944600325233.flac,bengali,S4257321800337643,/Users/adityasingh/Projects/Vocal-X/data_pipeline/raw/te/te_014_S4257321800337643.flac,telugu,different_speaker,0.22720615617495446
S4256944600325233,/Users/adityasingh/Projects/Vocal-X/data_pipeline/raw/bn/bn_011_S4256944600325233.flac,bengali,S4257321800337643,/Users/adityasingh/Projects/Vocal-X/data_pipeline/raw/te/te_015_S4257321800337643.flac,telugu,different_speaker,0.544873878143791
S4256944600325233,/Users/adityasingh/Projects/Vocal-X/data_pipeline/raw/bn/bn_011_S4256944600325233.flac,bengali,S4258725600395882,/Users/adityasingh/Projects/Vocal-X/data_pipeline/raw/mr/mr_001_S4258725600395882.flac,marathi,different_speaker,-0.32122010426435543
S4256944600325233,/Users/adityasingh/Projects/Vocal-X/data_pipeline/raw/bn/bn_011_S4256944600325233.flac,bengali,S4258725600395882,/Users/adityasingh/Projects/Vocal-X/data_pipeline/raw/mr/mr_002_S4258725600395882.flac,marathi,different_speaker,-0.4054159767603845
S4256944600325233,/Users/adityasingh/Projects/Vocal-X/data_pipeline/raw/bn/bn_011_S4256944600325233.flac,bengali,S4258725600395882,/Users/adityasingh/Projects/Vocal-X/data_pipeline/raw/mr/mr_003_S4258725600395882.flac,marathi,different_speaker,0.2746098450954275
S4256944600325233,/Users/adityasingh/Projects/Vocal-X/data_pipeline/raw/bn/bn_011_S4256944600325233.flac,bengali,S4257020900340702,/Users/adityasingh/Projects/Vocal-X/data_pipeline/raw/mr/mr_004_S4257020900340702.flac,marathi,different_speaker,0.1148901304629532
S4256944600325233,/Users/adityasingh/Projects/Vocal-X/data_pipeline/raw/bn/bn_011_S4256944600325233.flac,bengali,S4257020900340702,/Users/adityasingh/Projects/Vocal-X/data_pipeline/raw/mr/mr_005_S4257020900340702.flac,marathi,different_speaker,0.04237521447072279
S4256944600325233,/Users/adityasingh/Projects/Vocal-X/data_pipeline/raw/bn/bn_011_S4256944600325233.flac,bengali,S4257020900340702,/Users/adityasingh/Projects/Vocal-X/data_pipeline/raw/mr/mr_006_S4257020900340702.flac,marathi,different_speaker,0.02408506073707901
S4256944600325233,/Users/adityasingh/Projects/Vocal-X/data_pipeline/raw/bn/bn_011_S4256944600325233.flac,bengali,S4259734500395875,/Users/adityasingh/Projects/Vocal-X/data_pipeline/raw/mr/mr_007_S4259734500395875.flac,marathi,different_speaker,0.21324269624254077
S4256944600325233,/Users/adityasingh/Projects/Vocal-X/data_pipeline/raw/bn/bn_011_S4256944600325233.flac,bengali,S4259734500395875,/Users/adityasingh/Projects/Vocal-X/data_pipeline/raw/mr/mr_008_S4259734500395875.flac,marathi,different_speaker,0.404975261698109
S4256944600325233,/Users/adityasingh/Projects/Vocal-X/data_pipeline/raw/bn/bn_011_S4256944600325233.flac,bengali,S4259734500395875,/Users/adityasingh/Projects/Vocal-X/data_pipeline/raw/mr/mr_009_S4259734500395875.flac,marathi,different_speaker,0.008523682182948428
S4256944600325233,/Users/adityasingh/Projects/Vocal-X/data_pipeline/raw/bn/bn_011_S4256944600325233.flac,bengali,S4257242800308984,/Users/adityasingh/Projects/Vocal-X/data_pipeline/raw/mr/mr_010_S4257242800308984.flac,marathi,different_speaker,0.2875431453593927
S4256944600325233,/Users/adityasingh/Projects/Vocal-X/data_pipeline/raw/bn/bn_011_S4256944600325233.flac,bengali,S4257242800308984,/Users/adityasingh/Projects/Vocal-X/data_pipeline/raw/mr/mr_011_S4257242800308984.flac,marathi,different_speaker,-0.3524109432501911
S4256944600325233,/Users/adityasingh/Projects/Vocal-X/data_pipeline/raw/bn/bn_011_S4256944600325233.flac,bengali,S4257242800308984,/Users/adityasingh/Projects/Vocal-X/data_pipeline/raw/mr/mr_012_S4257242800308984.flac,marathi,different_speaker,-0.33581544437866967
S4256944600325233,/Users/adityasingh/Projects/Vocal-X/data_pipeline/raw/bn/bn_011_S4256944600325233.flac,bengali,S4258045600338732,/Users/adityasingh/Projects/Vocal-X/data_pipeline/raw/mr/mr_013_S4258045600338732.flac,marathi,different_speaker,0.6661096447305587
S4256944600325233,/Users/adityasingh/Projects/Vocal-X/data_pipeline/raw/bn/bn_011_S4256944600325233.flac,bengali,S4258045600338732,/Users/adityasingh/Projects/Vocal-X/data_pipeline/raw/mr/mr_014_S4258045600338732.flac,marathi,different_speaker,0.5896394164322208
S4256944600325233,/Users/adityasingh/Projects/Vocal-X/data_pipeline/raw/bn/bn_011_S4256944600325233.flac,bengali,S4258045600338732,/Users/adityasingh/Projects/Vocal-X/data_pipeline/raw/mr/mr_015_S4258045600338732.flac,marathi,different_speaker,0.12465999143395576
S4256944600325233,/Users/adityasingh/Projects/Vocal-X/data_pipeline/raw/bn/bn_012_S4256944600325233.flac,bengali,S4258791300331826,/Users/adityasingh/Projects/Vocal-X/data_pipeline/raw/bn/bn_013_S4258791300331826.flac,bengali,different_speaker,-0.4112062930058362
S4256944600325233,/Users/adityasingh/Projects/Vocal-X/data_pipeline/raw/bn/bn_012_S4256944600325233.flac,bengali,S4258791300331826,/Users/adityasingh/Projects/Vocal-X/data_pipeline/raw/bn/bn_014_S4258791300331826.flac,bengali,different_speaker,0.008841387926414312
S4256944600325233,/Users/adityasingh/Projects/Vocal-X/data_pipeline/raw/bn/bn_012_S4256944600325233.flac,bengali,S4258791300331826,/Users/adityasingh/Projects/Vocal-X/data_pipeline/raw/bn/bn_015_S4258791300331826.flac,bengali,different_speaker,0.013192986692504518
S4256944600325233,/Users/adityasingh/Projects/Vocal-X/data_pipeline/raw/bn/bn_012_S4256944600325233.flac,bengali,S4258178900302423,/Users/adityasingh/Projects/Vocal-X/data_pipeline/raw/ta/ta_001_S4258178900302423.flac,tamil,different_speaker,0.007115555317363701
S4256944600325233,/Users/adityasingh/Projects/Vocal-X/data_pipeline/raw/bn/bn_012_S4256944600325233.flac,bengali,S4258178900302423,/Users/adityasingh/Projects/Vocal-X/data_pipeline/raw/ta/ta_002_S4258178900302423.flac,tamil,different_speaker,-0.13285416553461496
S4256944600325233,/Users/adityasingh/Projects/Vocal-X/data_pipeline/raw/bn/bn_012_S4256944600325233.flac,bengali,S4258178900302423,/Users/adityasingh/Projects/Vocal-X/data_pipeline/raw/ta/ta_003_S4258178900302423.flac,tamil,different_speaker,-0.2902337143349375
S4256944600325233,/Users/adityasingh/Projects/Vocal-X/data_pipeline/raw/bn/bn_012_S4256944600325233.flac,bengali,S4258116500302929,/Users/adityasingh/Projects/Vocal-X/data_pipeline/raw/ta/ta_004_S4258116500302929.flac,tamil,different_speaker,-0.23158725850456927
S4256944600325233,/Users/adityasingh/Projects/Vocal-X/data_pipeline/raw/bn/bn_012_S4256944600325233.flac,bengali,S4258116500302929,/Users/adityasingh/Projects/Vocal-X/data_pipeline/raw/ta/ta_005_S4258116500302929.flac,tamil,different_speaker,-0.04343917486667963
S4256944600325233,/Users/adityasingh/Projects/Vocal-X/data_pipeline/raw/bn/bn_012_S4256944600325233.flac,bengali,S4258116500302929,/Users/adityasingh/Projects/Vocal-X/data_pipeline/raw/ta/ta_006_S4258116500302929.flac,tamil,different_speaker,-0.18828856262002663
S4256944600325233,/Users/adityasingh/Projects/Vocal-X/data_pipeline/raw/bn/bn_012_S4256944600325233.flac,bengali,S4259940500370780,/Users/adityasingh/Projects/Vocal-X/data_pipeline/raw/ta/ta_007_S4259940500370780.flac,tamil,different_speaker,-0.0665393382795824
S4256944600325233,/Users/adityasingh/Projects/Vocal-X/data_pipeline/raw/bn/bn_012_S4256944600325233.flac,bengali,S4259940500370780,/Users/adityasingh/Projects/Vocal-X/data_pipeline/raw/ta/ta_008_S4259940500370780.flac,tamil,different_speaker,-0.012429887426022487
S4256944600325233,/Users/adityasingh/Projects/Vocal-X/data_pipeline/raw/bn/bn_012_S4256944600325233.flac,bengali,S4259940500370780,/Users/adityasingh/Projects/Vocal-X/data_pipeline/raw/ta/ta_009_S4259940500370780.flac,tamil,different_speaker,-0.059735513178306214
S4256944600325233,/Users/adityasingh/Projects/Vocal-X/data_pipeline/raw/bn/bn_012_S4256944600325233.flac,bengali,S4256668200339016,/Users/adityasingh/Projects/Vocal-X/data_pipeline/raw/ta/ta_010_S4256668200339016.flac,tamil,different_speaker,0.2526663881506514
S4256944600325233,/Users/adityasingh/Projects/Vocal-X/data_pipeline/raw/bn/bn_012_S4256944600325233.flac,bengali,S4256668200339016,/Users/adityasingh/Projects/Vocal-X/data_pipeline/raw/ta/ta_011_S4256668200339016.flac,tamil,different_speaker,0.19147155718151807
S4256944600325233,/Users/adityasingh/Projects/Vocal-X/data_pipeline/raw/bn/bn_012_S4256944600325233.flac,bengali,S4256668200339016,/Users/adityasingh/Projects/Vocal-X/data_pipeline/raw/ta/ta_012_S4256668200339016.flac,tamil,different_speaker,0.28279439953474944
S4256944600325233,/Users/adityasingh/Projects/Vocal-X/data_pipeline/raw/bn/bn_012_S4256944600325233.flac,bengali,S4259477200334929,/Users/adityasingh/Projects/Vocal-X/data_pipeline/raw/ta/ta_013_S4259477200334929.flac,tamil,different_speaker,0.02542283907593754
S4256944600325233,/Users/adityasingh/Projects/Vocal-X/data_pipeline/raw/bn/bn_012_S4256944600325233.flac,bengali,S4259477200334929,/Users/adityasingh/Projects/Vocal-X/data_pipeline/raw/ta/ta_014_S4259477200334929.flac,tamil,different_speaker,-0.12715526576813496
S4256944600325233,/Users/adityasingh/Projects/Vocal-X/data_pipeline/raw/bn/bn_012_S4256944600325233.flac,bengali,S4259477200334929,/Users/adityasingh/Projects/Vocal-X/data_pipeline/raw/ta/ta_015_S4259477200334929.flac,tamil,different_speaker,0.05410851787486233
S4256944600325233,/Users/adityasingh/Projects/Vocal-X/data_pipeline/raw/bn/bn_012_S4256944600325233.flac,bengali,S4257363100302319,/Users/adityasingh/Projects/Vocal-X/data_pipeline/raw/te/te_001_S4257363100302319.flac,telugu,different_speaker,0.0415951909853331
S4256944600325233,/Users/adityasingh/Projects/Vocal-X/data_pipeline/raw/bn/bn_012_S4256944600325233.flac,bengali,S4257363100302319,/Users/adityasingh/Projects/Vocal-X/data_pipeline/raw/te/te_002_S4257363100302319.flac,telugu,different_speaker,0.12001998954098933
S4256944600325233,/Users/adityasingh/Projects/Vocal-X/data_pipeline/raw/bn/bn_012_S4256944600325233.flac,bengali,S4257363100302319,/Users/adityasingh/Projects/Vocal-X/data_pipeline/raw/te/te_003_S4257363100302319.flac,telugu,different_speaker,0.4644700009125229
S4256944600325233,/Users/adityasingh/Projects/Vocal-X/data_pipeline/raw/bn/bn_012_S4256944600325233.flac,bengali,S4259919200330829,/Users/adityasingh/Projects/Vocal-X/data_pipeline/raw/te/te_004_S4259919200330829.flac,telugu,different_speaker,-0.12113915894817381
S4256944600325233,/Users/adityasingh/Projects/Vocal-X/data_pipeline/raw/bn/bn_012_S4256944600325233.flac,bengali,S4259919200330829,/Users/adityasingh/Projects/Vocal-X/data_pipeline/raw/te/te_005_S4259919200330829.flac,telugu,different_speaker,0.1641072292144998
S4256944600325233,/Users/adityasingh/Projects/Vocal-X/data_pipeline/raw/bn/bn_012_S4256944600325233.flac,bengali,S4259919200330829,/Users/adityasingh/Projects/Vocal-X/data_pipeline/raw/te/te_006_S4259919200330829.flac,telugu,different_speaker,0.22057482459450592
S4256944600325233,/Users/adityasingh/Projects/Vocal-X/data_pipeline/raw/bn/bn_012_S4256944600325233.flac,bengali,S4259557300391493,/Users/adityasingh/Projects/Vocal-X/data_pipeline/raw/te/te_007_S4259557300391493.flac,telugu,different_speaker,0.14573653182444574
S4256944600325233,/Users/adityasingh/Projects/Vocal-X/data_pipeline/raw/bn/bn_012_S4256944600325233.flac,bengali,S4259557300391493,/Users/adityasingh/Projects/Vocal-X/data_pipeline/raw/te/te_008_S4259557300391493.flac,telugu,different_speaker,0.06784380808579087
S4256944600325233,/Users/adityasingh/Projects/Vocal-X/data_pipeline/raw/bn/bn_012_S4256944600325233.flac,bengali,S4259557300391493,/Users/adityasingh/Projects/Vocal-X/data_pipeline/raw/te/te_009_S4259557300391493.flac,telugu,different_speaker,-0.23316585291413527
S4256944600325233,/Users/adityasingh/Projects/Vocal-X/data_pipeline/raw/bn/bn_012_S4256944600325233.flac,bengali,S4259010000375320,/Users/adityasingh/Projects/Vocal-X/data_pipeline/raw/te/te_010_S4259010000375320.flac,telugu,different_speaker,0.35589391472788395
S4256944600325233,/Users/adityasingh/Projects/Vocal-X/data_pipeline/raw/bn/bn_012_S4256944600325233.flac,bengali,S4259010000375320,/Users/adityasingh/Projects/Vocal-X/data_pipeline/raw/te/te_011_S4259010000375320.flac,telugu,different_speaker,0.2552191966863878
S4256944600325233,/Users/adityasingh/Projects/Vocal-X/data_pipeline/raw/bn/bn_012_S4256944600325233.flac,bengali,S4259010000375320,/Users/adityasingh/Projects/Vocal-X/data_pipeline/raw/te/te_012_S4259010000375320.flac,telugu,different_speaker,0.5200842144914131
S4256944600325233,/Users/adityasingh/Projects/Vocal-X/data_pipeline/raw/bn/bn_012_S4256944600325233.flac,bengali,S4257321800337643,/Users/adityasingh/Projects/Vocal-X/data_pipeline/raw/te/te_013_S4257321800337643.flac,telugu,different_speaker,0.25439197688371135
S4256944600325233,/Users/adityasingh/Projects/Vocal-X/data_pipeline/raw/bn/bn_012_S4256944600325233.flac,bengali,S4257321800337643,/Users/adityasingh/Projects/Vocal-X/data_pipeline/raw/te/te_014_S4257321800337643.flac,telugu,different_speaker,-0.15002668486780338
S4256944600325233,/Users/adityasingh/Projects/Vocal-X/data_pipeline/raw/bn/bn_012_S4256944600325233.flac,bengali,S4257321800337643,/Users/adityasingh/Projects/Vocal-X/data_pipeline/raw/te/te_015_S4257321800337643.flac,telugu,different_speaker,0.18612860010579219
S4256944600325233,/Users/adityasingh/Projects/Vocal-X/data_pipeline/raw/bn/bn_012_S4256944600325233.flac,bengali,S4258725600395882,/Users/adityasingh/Projects/Vocal-X/data_pipeline/raw/mr/mr_001_S4258725600395882.flac,marathi,different_speaker,0.05154014897375635
S4256944600325233,/Users/adityasingh/Projects/Vocal-X/data_pipeline/raw/bn/bn_012_S4256944600325233.flac,bengali,S4258725600395882,/Users/adityasingh/Projects/Vocal-X/data_pipeline/raw/mr/mr_002_S4258725600395882.flac,marathi,different_speaker,-0.16588442240280724
S4256944600325233,/Users/adityasingh/Projects/Vocal-X/data_pipeline/raw/bn/bn_012_S4256944600325233.flac,bengali,S4258725600395882,/Users/adityasingh/Projects/Vocal-X/data_pipeline/raw/mr/mr_003_S4258725600395882.flac,marathi,different_speaker,0.24297917667341606
S4256944600325233,/Users/adityasingh/Projects/Vocal-X/data_pipeline/raw/bn/bn_012_S4256944600325233.flac,bengali,S4257020900340702,/Users/adityasingh/Projects/Vocal-X/data_pipeline/raw/mr/mr_004_S4257020900340702.flac,marathi,different_speaker,0.18755352533553205
S4256944600325233,/Users/adityasingh/Projects/Vocal-X/data_pipeline/raw/bn/bn_012_S4256944600325233.flac,bengali,S4257020900340702,/Users/adityasingh/Projects/Vocal-X/data_pipeline/raw/mr/mr_005_S4257020900340702.flac,marathi,different_speaker,0.1743641746475724
S4256944600325233,/Users/adityasingh/Projects/Vocal-X/data_pipeline/raw/bn/bn_012_S4256944600325233.flac,bengali,S4257020900340702,/Users/adityasingh/Projects/Vocal-X/data_pipeline/raw/mr/mr_006_S4257020900340702.flac,marathi,different_speaker,0.284745674416623
S4256944600325233,/Users/adityasingh/Projects/Vocal-X/data_pipeline/raw/bn/bn_012_S4256944600325233.flac,bengali,S4259734500395875,/Users/adityasingh/Projects/Vocal-X/data_pipeline/raw/mr/mr_007_S4259734500395875.flac,marathi,different_speaker,0.16036872299550037
S4256944600325233,/Users/adityasingh/Projects/Vocal-X/data_pipeline/raw/bn/bn_012_S4256944600325233.flac,bengali,S4259734500395875,/Users/adityasingh/Projects/Vocal-X/data_pipeline/raw/mr/mr_008_S4259734500395875.flac,marathi,different_speaker,-0.03632189621191909
S4256944600325233,/Users/adityasingh/Projects/Vocal-X/data_pipeline/raw/bn/bn_012_S4256944600325233.flac,bengali,S4259734500395875,/Users/adityasingh/Projects/Vocal-X/data_pipeline/raw/mr/mr_009_S4259734500395875.flac,marathi,different_speaker,-0.29361425046339185
S4256944600325233,/Users/adityasingh/Projects/Vocal-X/data_pipeline/raw/bn/bn_012_S4256944600325233.flac,bengali,S4257242800308984,/Users/adityasingh/Projects/Vocal-X/data_pipeline/raw/mr/mr_010_S4257242800308984.flac,marathi,different_speaker,0.11059148452482549
S4256944600325233,/Users/adityasingh/Projects/Vocal-X/data_pipeline/raw/bn/bn_012_S4256944600325233.flac,bengali,S4257242800308984,/Users/adityasingh/Projects/Vocal-X/data_pipeline/raw/mr/mr_011_S4257242800308984.flac,marathi,different_speaker,-0.22609117488056646
S4256944600325233,/Users/adityasingh/Projects/Vocal-X/data_pipeline/raw/bn/bn_012_S4256944600325233.flac,bengali,S4257242800308984,/Users/adityasingh/Projects/Vocal-X/data_pipeline/raw/mr/mr_012_S4257242800308984.flac,marathi,different_speaker,-0.34823636552777304
S4256944600325233,/Users/adityasingh/Projects/Vocal-X/data_pipeline/raw/bn/bn_012_S4256944600325233.flac,bengali,S4258045600338732,/Users/adityasingh/Projects/Vocal-X/data_pipeline/raw/mr/mr_013_S4258045600338732.flac,marathi,different_speaker,0.26703678024829924
S4256944600325233,/Users/adityasingh/Projects/Vocal-X/data_pipeline/raw/bn/bn_012_S4256944600325233.flac,bengali,S4258045600338732,/Users/adityasingh/Projects/Vocal-X/data_pipeline/raw/mr/mr_014_S4258045600338732.flac,marathi,different_speaker,0.25144455834392343
S4256944600325233,/Users/adityasingh/Projects/Vocal-X/data_pipeline/raw/bn/bn_012_S4256944600325233.flac,bengali,S4258045600338732,/Users/adityasingh/Projects/Vocal-X/data_pipeline/raw/mr/mr_015_S4258045600338732.flac,marathi,different_speaker,-0.17343568128312903
S4258791300331826,/Users/adityasingh/Projects/Vocal-X/data_pipeline/raw/bn/bn_013_S4258791300331826.flac,bengali,S4258791300331826,/Users/adityasingh/Projects/Vocal-X/data_pipeline/raw/bn/bn_014_S4258791300331826.flac,bengali,same_speaker,0.7344480174746149
S4258791300331826,/Users/adityasingh/Projects/Vocal-X/data_pipeline/raw/bn/bn_013_S4258791300331826.flac,bengali,S4258791300331826,/Users/adityasingh/Projects/Vocal-X/data_pipeline/raw/bn/bn_015_S4258791300331826.flac,bengali,same_speaker,0.6559638797359081
S4258791300331826,/Users/adityasingh/Projects/Vocal-X/data_pipeline/raw/bn/bn_013_S4258791300331826.flac,bengali,S4258178900302423,/Users/adityasingh/Projects/Vocal-X/data_pipeline/raw/ta/ta_001_S4258178900302423.flac,tamil,different_speaker,-0.25977241504217674
S4258791300331826,/Users/adityasingh/Projects/Vocal-X/data_pipeline/raw/bn/bn_013_S4258791300331826.flac,bengali,S4258178900302423,/Users/adityasingh/Projects/Vocal-X/data_pipeline/raw/ta/ta_002_S4258178900302423.flac,tamil,different_speaker,-0.35367831684543544
S4258791300331826,/Users/adityasingh/Projects/Vocal-X/data_pipeline/raw/bn/bn_013_S4258791300331826.flac,bengali,S4258178900302423,/Users/adityasingh/Projects/Vocal-X/data_pipeline/raw/ta/ta_003_S4258178900302423.flac,tamil,different_speaker,-0.2543301648731101
S4258791300331826,/Users/adityasingh/Projects/Vocal-X/data_pipeline/raw/bn/bn_013_S4258791300331826.flac,bengali,S4258116500302929,/Users/adityasingh/Projects/Vocal-X/data_pipeline/raw/ta/ta_004_S4258116500302929.flac,tamil,different_speaker,0.2777759548657644
S4258791300331826,/Users/adityasingh/Projects/Vocal-X/data_pipeline/raw/bn/bn_013_S4258791300331826.flac,bengali,S4258116500302929,/Users/adityasingh/Projects/Vocal-X/data_pipeline/raw/ta/ta_005_S4258116500302929.flac,tamil,different_speaker,0.3517082114156636
S4258791300331826,/Users/adityasingh/Projects/Vocal-X/data_pipeline/raw/bn/bn_013_S4258791300331826.flac,bengali,S4258116500302929,/Users/adityasingh/Projects/Vocal-X/data_pipeline/raw/ta/ta_006_S4258116500302929.flac,tamil,different_speaker,0.4086132325650231
S4258791300331826,/Users/adityasingh/Projects/Vocal-X/data_pipeline/raw/bn/bn_013_S4258791300331826.flac,bengali,S4259940500370780,/Users/adityasingh/Projects/Vocal-X/data_pipeline/raw/ta/ta_007_S4259940500370780.flac,tamil,different_speaker,-0.16488128258493065
S4258791300331826,/Users/adityasingh/Projects/Vocal-X/data_pipeline/raw/bn/bn_013_S4258791300331826.flac,bengali,S4259940500370780,/Users/adityasingh/Projects/Vocal-X/data_pipeline/raw/ta/ta_008_S4259940500370780.flac,tamil,different_speaker,-0.11611039713031636
S4258791300331826,/Users/adityasingh/Projects/Vocal-X/data_pipeline/raw/bn/bn_013_S4258791300331826.flac,bengali,S4259940500370780,/Users/adityasingh/Projects/Vocal-X/data_pipeline/raw/ta/ta_009_S4259940500370780.flac,tamil,different_speaker,-0.12958886934016575
S4258791300331826,/Users/adityasingh/Projects/Vocal-X/data_pipeline/raw/bn/bn_013_S4258791300331826.flac,bengali,S4256668200339016,/Users/adityasingh/Projects/Vocal-X/data_pipeline/raw/ta/ta_010_S4256668200339016.flac,tamil,different_speaker,-0.27509913912341966
S4258791300331826,/Users/adityasingh/Projects/Vocal-X/data_pipeline/raw/bn/bn_013_S4258791300331826.flac,bengali,S4256668200339016,/Users/adityasingh/Projects/Vocal-X/data_pipeline/raw/ta/ta_011_S4256668200339016.flac,tamil,different_speaker,-0.12514685440775222
S4258791300331826,/Users/adityasingh/Projects/Vocal-X/data_pipeline/raw/bn/bn_013_S4258791300331826.flac,bengali,S4256668200339016,/Users/adityasingh/Projects/Vocal-X/data_pipeline/raw/ta/ta_012_S4256668200339016.flac,tamil,different_speaker,-0.25870561444850554
S4258791300331826,/Users/adityasingh/Projects/Vocal-X/data_pipeline/raw/bn/bn_013_S4258791300331826.flac,bengali,S4259477200334929,/Users/adityasingh/Projects/Vocal-X/data_pipeline/raw/ta/ta_013_S4259477200334929.flac,tamil,different_speaker,0.2662149992000214
S4258791300331826,/Users/adityasingh/Projects/Vocal-X/data_pipeline/raw/bn/bn_013_S4258791300331826.flac,bengali,S4259477200334929,/Users/adityasingh/Projects/Vocal-X/data_pipeline/raw/ta/ta_014_S4259477200334929.flac,tamil,different_speaker,0.3404249691823644
S4258791300331826,/Users/adityasingh/Projects/Vocal-X/data_pipeline/raw/bn/bn_013_S4258791300331826.flac,bengali,S4259477200334929,/Users/adityasingh/Projects/Vocal-X/data_pipeline/raw/ta/ta_015_S4259477200334929.flac,tamil,different_speaker,0.1394774858638614
S4258791300331826,/Users/adityasingh/Projects/Vocal-X/data_pipeline/raw/bn/bn_013_S4258791300331826.flac,bengali,S4257363100302319,/Users/adityasingh/Projects/Vocal-X/data_pipeline/raw/te/te_001_S4257363100302319.flac,telugu,different_speaker,-0.4992098514451602
S4258791300331826,/Users/adityasingh/Projects/Vocal-X/data_pipeline/raw/bn/bn_013_S4258791300331826.flac,bengali,S4257363100302319,/Users/adityasingh/Projects/Vocal-X/data_pipeline/raw/te/te_002_S4257363100302319.flac,telugu,different_speaker,-0.4006010649230718
S4258791300331826,/Users/adityasingh/Projects/Vocal-X/data_pipeline/raw/bn/bn_013_S4258791300331826.flac,bengali,S4257363100302319,/Users/adityasingh/Projects/Vocal-X/data_pipeline/raw/te/te_003_S4257363100302319.flac,telugu,different_speaker,-0.39674855314188645
S4258791300331826,/Users/adityasingh/Projects/Vocal-X/data_pipeline/raw/bn/bn_013_S4258791300331826.flac,bengali,S4259919200330829,/Users/adityasingh/Projects/Vocal-X/data_pipeline/raw/te/te_004_S4259919200330829.flac,telugu,different_speaker,0.019105835346852867
S4258791300331826,/Users/adityasingh/Projects/Vocal-X/data_pipeline/raw/bn/bn_013_S4258791300331826.flac,bengali,S4259919200330829,/Users/adityasingh/Projects/Vocal-X/data_pipeline/raw/te/te_005_S4259919200330829.flac,telugu,different_speaker,0.06719507036303139
S4258791300331826,/Users/adityasingh/Projects/Vocal-X/data_pipeline/raw/bn/bn_013_S4258791300331826.flac,bengali,S4259919200330829,/Users/adityasingh/Projects/Vocal-X/data_pipeline/raw/te/te_006_S4259919200330829.flac,telugu,different_speaker,-0.26578059192351355
S4258791300331826,/Users/adityasingh/Projects/Vocal-X/data_pipeline/raw/bn/bn_013_S4258791300331826.flac,bengali,S4259557300391493,/Users/adityasingh/Projects/Vocal-X/data_pipeline/raw/te/te_007_S4259557300391493.flac,telugu,different_speaker,-0.37300974135372317
S4258791300331826,/Users/adityasingh/Projects/Vocal-X/data_pipeline/raw/bn/bn_013_S4258791300331826.flac,bengali,S4259557300391493,/Users/adityasingh/Projects/Vocal-X/data_pipeline/raw/te/te_008_S4259557300391493.flac,telugu,different_speaker,-0.6374859425242073
S4258791300331826,/Users/adityasingh/Projects/Vocal-X/data_pipeline/raw/bn/bn_013_S4258791300331826.flac,bengali,S4259557300391493,/Users/adityasingh/Projects/Vocal-X/data_pipeline/raw/te/te_009_S4259557300391493.flac,telugu,different_speaker,-0.3798230144251144
S4258791300331826,/Users/adityasingh/Projects/Vocal-X/data_pipeline/raw/bn/bn_013_S4258791300331826.flac,bengali,S4259010000375320,/Users/adityasingh/Projects/Vocal-X/data_pipeline/raw/te/te_010_S4259010000375320.flac,telugu,different_speaker,-0.627092288419574
S4258791300331826,/Users/adityasingh/Projects/Vocal-X/data_pipeline/raw/bn/bn_013_S4258791300331826.flac,bengali,S4259010000375320,/Users/adityasingh/Projects/Vocal-X/data_pipeline/raw/te/te_011_S4259010000375320.flac,telugu,different_speaker,-0.49629516217127906
S4258791300331826,/Users/adityasingh/Projects/Vocal-X/data_pipeline/raw/bn/bn_013_S4258791300331826.flac,bengali,S4259010000375320,/Users/adityasingh/Projects/Vocal-X/data_pipeline/raw/te/te_012_S4259010000375320.flac,telugu,different_speaker,-0.48039104954830836
S4258791300331826,/Users/adityasingh/Projects/Vocal-X/data_pipeline/raw/bn/bn_013_S4258791300331826.flac,bengali,S4257321800337643,/Users/adityasingh/Projects/Vocal-X/data_pipeline/raw/te/te_013_S4257321800337643.flac,telugu,different_speaker,-0.30536607032448626
S4258791300331826,/Users/adityasingh/Projects/Vocal-X/data_pipeline/raw/bn/bn_013_S4258791300331826.flac,bengali,S4257321800337643,/Users/adityasingh/Projects/Vocal-X/data_pipeline/raw/te/te_014_S4257321800337643.flac,telugu,different_speaker,-0.4253861324978777
S4258791300331826,/Users/adityasingh/Projects/Vocal-X/data_pipeline/raw/bn/bn_013_S4258791300331826.flac,bengali,S4257321800337643,/Users/adityasingh/Projects/Vocal-X/data_pipeline/raw/te/te_015_S4257321800337643.flac,telugu,different_speaker,-0.4571309429435515
S4258791300331826,/Users/adityasingh/Projects/Vocal-X/data_pipeline/raw/bn/bn_013_S4258791300331826.flac,bengali,S4258725600395882,/Users/adityasingh/Projects/Vocal-X/data_pipeline/raw/mr/mr_001_S4258725600395882.flac,marathi,different_speaker,-0.09309964835995584
S4258791300331826,/Users/adityasingh/Projects/Vocal-X/data_pipeline/raw/bn/bn_013_S4258791300331826.flac,bengali,S4258725600395882,/Users/adityasingh/Projects/Vocal-X/data_pipeline/raw/mr/mr_002_S4258725600395882.flac,marathi,different_speaker,-0.0021044099615791685
S4258791300331826,/Users/adityasingh/Projects/Vocal-X/data_pipeline/raw/bn/bn_013_S4258791300331826.flac,bengali,S4258725600395882,/Users/adityasingh/Projects/Vocal-X/data_pipeline/raw/mr/mr_003_S4258725600395882.flac,marathi,different_speaker,-0.29627759130326414
S4258791300331826,/Users/adityasingh/Projects/Vocal-X/data_pipeline/raw/bn/bn_013_S4258791300331826.flac,bengali,S4257020900340702,/Users/adityasingh/Projects/Vocal-X/data_pipeline/raw/mr/mr_004_S4257020900340702.flac,marathi,different_speaker,0.007263236407416139
S4258791300331826,/Users/adityasingh/Projects/Vocal-X/data_pipeline/raw/bn/bn_013_S4258791300331826.flac,bengali,S4257020900340702,/Users/adityasingh/Projects/Vocal-X/data_pipeline/raw/mr/mr_005_S4257020900340702.flac,marathi,different_speaker,0.051654540776041744
S4258791300331826,/Users/adityasingh/Projects/Vocal-X/data_pipeline/raw/bn/bn_013_S4258791300331826.flac,bengali,S4257020900340702,/Users/adityasingh/Projects/Vocal-X/data_pipeline/raw/mr/mr_006_S4257020900340702.flac,marathi,different_speaker,0.019056614131088636
S4258791300331826,/Users/adityasingh/Projects/Vocal-X/data_pipeline/raw/bn/bn_013_S4258791300331826.flac,bengali,S4259734500395875,/Users/adityasingh/Projects/Vocal-X/data_pipeline/raw/mr/mr_007_S4259734500395875.flac,marathi,different_speaker,-0.4403442980731975
S4258791300331826,/Users/adityasingh/Projects/Vocal-X/data_pipeline/raw/bn/bn_013_S4258791300331826.flac,bengali,S4259734500395875,/Users/adityasingh/Projects/Vocal-X/data_pipeline/raw/mr/mr_008_S4259734500395875.flac,marathi,different_speaker,-0.1942886182049723
S4258791300331826,/Users/adityasingh/Projects/Vocal-X/data_pipeline/raw/bn/bn_013_S4258791300331826.flac,bengali,S4259734500395875,/Users/adityasingh/Projects/Vocal-X/data_pipeline/raw/mr/mr_009_S4259734500395875.flac,marathi,different_speaker,0.0386780493633292
S4258791300331826,/Users/adityasingh/Projects/Vocal-X/data_pipeline/raw/bn/bn_013_S4258791300331826.flac,bengali,S4257242800308984,/Users/adityasingh/Projects/Vocal-X/data_pipeline/raw/mr/mr_010_S4257242800308984.flac,marathi,different_speaker,0.0024090413513511355
S4258791300331826,/Users/adityasingh/Projects/Vocal-X/data_pipeline/raw/bn/bn_013_S4258791300331826.flac,bengali,S4257242800308984,/Users/adityasingh/Projects/Vocal-X/data_pipeline/raw/mr/mr_011_S4257242800308984.flac,marathi,different_speaker,0.3156639425368154
S4258791300331826,/Users/adityasingh/Projects/Vocal-X/data_pipeline/raw/bn/bn_013_S4258791300331826.flac,bengali,S4257242800308984,/Users/adityasingh/Projects/Vocal-X/data_pipeline/raw/mr/mr_012_S4257242800308984.flac,marathi,different_speaker,0.2504549079732418
S4258791300331826,/Users/adityasingh/Projects/Vocal-X/data_pipeline/raw/bn/bn_013_S4258791300331826.flac,bengali,S4258045600338732,/Users/adityasingh/Projects/Vocal-X/data_pipeline/raw/mr/mr_013_S4258045600338732.flac,marathi,different_speaker,-0.6263157609309489
S4258791300331826,/Users/adityasingh/Projects/Vocal-X/data_pipeline/raw/bn/bn_013_S4258791300331826.flac,bengali,S4258045600338732,/Users/adityasingh/Projects/Vocal-X/data_pipeline/raw/mr/mr_014_S4258045600338732.flac,marathi,different_speaker,-0.5766189018590233
S4258791300331826,/Users/adityasingh/Projects/Vocal-X/data_pipeline/raw/bn/bn_013_S4258791300331826.flac,bengali,S4258045600338732,/Users/adityasingh/Projects/Vocal-X/data_pipeline/raw/mr/mr_015_S4258045600338732.flac,marathi,different_speaker,-0.38783668154562423
S4258791300331826,/Users/adityasingh/Projects/Vocal-X/data_pipeline/raw/bn/bn_014_S4258791300331826.flac,bengali,S4258791300331826,/Users/adityasingh/Projects/Vocal-X/data_pipeline/raw/bn/bn_015_S4258791300331826.flac,bengali,same_speaker,0.8782245375709642
S4258791300331826,/Users/adityasingh/Projects/Vocal-X/data_pipeline/raw/bn/bn_014_S4258791300331826.flac,bengali,S4258178900302423,/Users/adityasingh/Projects/Vocal-X/data_pipeline/raw/ta/ta_001_S4258178900302423.flac,tamil,different_speaker,-0.07572854633787124
S4258791300331826,/Users/adityasingh/Projects/Vocal-X/data_pipeline/raw/bn/bn_014_S4258791300331826.flac,bengali,S4258178900302423,/Users/adityasingh/Projects/Vocal-X/data_pipeline/raw/ta/ta_002_S4258178900302423.flac,tamil,different_speaker,-0.10097664909957554
S4258791300331826,/Users/adityasingh/Projects/Vocal-X/data_pipeline/raw/bn/bn_014_S4258791300331826.flac,bengali,S4258178900302423,/Users/adityasingh/Projects/Vocal-X/data_pipeline/raw/ta/ta_003_S4258178900302423.flac,tamil,different_speaker,-0.08088681742357158
S4258791300331826,/Users/adityasingh/Projects/Vocal-X/data_pipeline/raw/bn/bn_014_S4258791300331826.flac,bengali,S4258116500302929,/Users/adityasingh/Projects/Vocal-X/data_pipeline/raw/ta/ta_004_S4258116500302929.flac,tamil,different_speaker,-0.08781861624768261
S4258791300331826,/Users/adityasingh/Projects/Vocal-X/data_pipeline/raw/bn/bn_014_S4258791300331826.flac,bengali,S4258116500302929,/Users/adityasingh/Projects/Vocal-X/data_pipeline/raw/ta/ta_005_S4258116500302929.flac,tamil,different_speaker,0.11567451682929496
S4258791300331826,/Users/adityasingh/Projects/Vocal-X/data_pipeline/raw/bn/bn_014_S4258791300331826.flac,bengali,S4258116500302929,/Users/adityasingh/Projects/Vocal-X/data_pipeline/raw/ta/ta_006_S4258116500302929.flac,tamil,different_speaker,0.05204621948530204
S4258791300331826,/Users/adityasingh/Projects/Vocal-X/data_pipeline/raw/bn/bn_014_S4258791300331826.flac,bengali,S4259940500370780,/Users/adityasingh/Projects/Vocal-X/data_pipeline/raw/ta/ta_007_S4259940500370780.flac,tamil,different_speaker,-0.1584670106165443
S4258791300331826,/Users/adityasingh/Projects/Vocal-X/data_pipeline/raw/bn/bn_014_S4258791300331826.flac,bengali,S4259940500370780,/Users/adityasingh/Projects/Vocal-X/data_pipeline/raw/ta/ta_008_S4259940500370780.flac,tamil,different_speaker,-0.3071646012110192
S4258791300331826,/Users/adityasingh/Projects/Vocal-X/data_pipeline/raw/bn/bn_014_S4258791300331826.flac,bengali,S4259940500370780,/Users/adityasingh/Projects/Vocal-X/data_pipeline/raw/ta/ta_009_S4259940500370780.flac,tamil,different_speaker,-0.12122522739859314
S4258791300331826,/Users/adityasingh/Projects/Vocal-X/data_pipeline/raw/bn/bn_014_S4258791300331826.flac,bengali,S4256668200339016,/Users/adityasingh/Projects/Vocal-X/data_pipeline/raw/ta/ta_010_S4256668200339016.flac,tamil,different_speaker,0.012198010313712386
S4258791300331826,/Users/adityasingh/Projects/Vocal-X/data_pipeline/raw/bn/bn_014_S4258791300331826.flac,bengali,S4256668200339016,/Users/adityasingh/Projects/Vocal-X/data_pipeline/raw/ta/ta_011_S4256668200339016.flac,tamil,different_speaker,0.15819581569808083
S4258791300331826,/Users/adityasingh/Projects/Vocal-X/data_pipeline/raw/bn/bn_014_S4258791300331826.flac,bengali,S4256668200339016,/Users/adityasingh/Projects/Vocal-X/data_pipeline/raw/ta/ta_012_S4256668200339016.flac,tamil,different_speaker,0.06533229555284746
S4258791300331826,/Users/adityasingh/Projects/Vocal-X/data_pipeline/raw/bn/bn_014_S4258791300331826.flac,bengali,S4259477200334929,/Users/adityasingh/Projects/Vocal-X/data_pipeline/raw/ta/ta_013_S4259477200334929.flac,tamil,different_speaker,0.2796194712905456
S4258791300331826,/Users/adityasingh/Projects/Vocal-X/data_pipeline/raw/bn/bn_014_S4258791300331826.flac,bengali,S4259477200334929,/Users/adityasingh/Projects/Vocal-X/data_pipeline/raw/ta/ta_014_S4259477200334929.flac,tamil,different_speaker,0.24656104336110032
S4258791300331826,/Users/adityasingh/Projects/Vocal-X/data_pipeline/raw/bn/bn_014_S4258791300331826.flac,bengali,S4259477200334929,/Users/adityasingh/Projects/Vocal-X/data_pipeline/raw/ta/ta_015_S4259477200334929.flac,tamil,different_speaker,0.2833121111631854
S4258791300331826,/Users/adityasingh/Projects/Vocal-X/data_pipeline/raw/bn/bn_014_S4258791300331826.flac,bengali,S4257363100302319,/Users/adityasingh/Projects/Vocal-X/data_pipeline/raw/te/te_001_S4257363100302319.flac,telugu,different_speaker,-0.46860267336634354
S4258791300331826,/Users/adityasingh/Projects/Vocal-X/data_pipeline/raw/bn/bn_014_S4258791300331826.flac,bengali,S4257363100302319,/Users/adityasingh/Projects/Vocal-X/data_pipeline/raw/te/te_002_S4257363100302319.flac,telugu,different_speaker,-0.40496212783853636
S4258791300331826,/Users/adityasingh/Projects/Vocal-X/data_pipeline/raw/bn/bn_014_S4258791300331826.flac,bengali,S4257363100302319,/Users/adityasingh/Projects/Vocal-X/data_pipeline/raw/te/te_003_S4257363100302319.flac,telugu,different_speaker,-0.1171294941507415
S4258791300331826,/Users/adityasingh/Projects/Vocal-X/data_pipeline/raw/bn/bn_014_S4258791300331826.flac,bengali,S4259919200330829,/Users/adityasingh/Projects/Vocal-X/data_pipeline/raw/te/te_004_S4259919200330829.flac,telugu,different_speaker,-0.04576791473203012
S4258791300331826,/Users/adityasingh/Projects/Vocal-X/data_pipeline/raw/bn/bn_014_S4258791300331826.flac,bengali,S4259919200330829,/Users/adityasingh/Projects/Vocal-X/data_pipeline/raw/te/te_005_S4259919200330829.flac,telugu,different_speaker,0.0838699631653698
S4258791300331826,/Users/adityasingh/Projects/Vocal-X/data_pipeline/raw/bn/bn_014_S4258791300331826.flac,bengali,S4259919200330829,/Users/adityasingh/Projects/Vocal-X/data_pipeline/raw/te/te_006_S4259919200330829.flac,telugu,different_speaker,-0.16986573256029477
S4258791300331826,/Users/adityasingh/Projects/Vocal-X/data_pipeline/raw/bn/bn_014_S4258791300331826.flac,bengali,S4259557300391493,/Users/adityasingh/Projects/Vocal-X/data_pipeline/raw/te/te_007_S4259557300391493.flac,telugu,different_speaker,-0.26560306622538654
S4258791300331826,/Users/adityasingh/Projects/Vocal-X/data_pipeline/raw/bn/bn_014_S4258791300331826.flac,bengali,S4259557300391493,/Users/adityasingh/Projects/Vocal-X/data_pipeline/raw/te/te_008_S4259557300391493.flac,telugu,different_speaker,-0.4307083083550144
S4258791300331826,/Users/adityasingh/Projects/Vocal-X/data_pipeline/raw/bn/bn_014_S4258791300331826.flac,bengali,S4259557300391493,/Users/adityasingh/Projects/Vocal-X/data_pipeline/raw/te/te_009_S4259557300391493.flac,telugu,different_speaker,-0.507092704601905
S4258791300331826,/Users/adityasingh/Projects/Vocal-X/data_pipeline/raw/bn/bn_014_S4258791300331826.flac,bengali,S4259010000375320,/Users/adityasingh/Projects/Vocal-X/data_pipeline/raw/te/te_010_S4259010000375320.flac,telugu,different_speaker,-0.46484316010642024
S4258791300331826,/Users/adityasingh/Projects/Vocal-X/data_pipeline/raw/bn/bn_014_S4258791300331826.flac,bengali,S4259010000375320,/Users/adityasingh/Projects/Vocal-X/data_pipeline/raw/te/te_011_S4259010000375320.flac,telugu,different_speaker,-0.20908149109449614
S4258791300331826,/Users/adityasingh/Projects/Vocal-X/data_pipeline/raw/bn/bn_014_S4258791300331826.flac,bengali,S4259010000375320,/Users/adityasingh/Projects/Vocal-X/data_pipeline/raw/te/te_012_S4259010000375320.flac,telugu,different_speaker,-0.19363772771080104
S4258791300331826,/Users/adityasingh/Projects/Vocal-X/data_pipeline/raw/bn/bn_014_S4258791300331826.flac,bengali,S4257321800337643,/Users/adityasingh/Projects/Vocal-X/data_pipeline/raw/te/te_013_S4257321800337643.flac,telugu,different_speaker,-0.24799424241122345
S4258791300331826,/Users/adityasingh/Projects/Vocal-X/data_pipeline/raw/bn/bn_014_S4258791300331826.flac,bengali,S4257321800337643,/Users/adityasingh/Projects/Vocal-X/data_pipeline/raw/te/te_014_S4257321800337643.flac,telugu,different_speaker,-0.30624016329267734
S4258791300331826,/Users/adityasingh/Projects/Vocal-X/data_pipeline/raw/bn/bn_014_S4258791300331826.flac,bengali,S4257321800337643,/Users/adityasingh/Projects/Vocal-X/data_pipeline/raw/te/te_015_S4257321800337643.flac,telugu,different_speaker,-0.43393997083489094
S4258791300331826,/Users/adityasingh/Projects/Vocal-X/data_pipeline/raw/bn/bn_014_S4258791300331826.flac,bengali,S4258725600395882,/Users/adityasingh/Projects/Vocal-X/data_pipeline/raw/mr/mr_001_S4258725600395882.flac,marathi,different_speaker,-0.14700345360104375
S4258791300331826,/Users/adityasingh/Projects/Vocal-X/data_pipeline/raw/bn/bn_014_S4258791300331826.flac,bengali,S4258725600395882,/Users/adityasingh/Projects/Vocal-X/data_pipeline/raw/mr/mr_002_S4258725600395882.flac,marathi,different_speaker,0.03961938032939068
S4258791300331826,/Users/adityasingh/Projects/Vocal-X/data_pipeline/raw/bn/bn_014_S4258791300331826.flac,bengali,S4258725600395882,/Users/adityasingh/Projects/Vocal-X/data_pipeline/raw/mr/mr_003_S4258725600395882.flac,marathi,different_speaker,-0.13775766894205316
S4258791300331826,/Users/adityasingh/Projects/Vocal-X/data_pipeline/raw/bn/bn_014_S4258791300331826.flac,bengali,S4257020900340702,/Users/adityasingh/Projects/Vocal-X/data_pipeline/raw/mr/mr_004_S4257020900340702.flac,marathi,different_speaker,-0.09676774842437831
S4258791300331826,/Users/adityasingh/Projects/Vocal-X/data_pipeline/raw/bn/bn_014_S4258791300331826.flac,bengali,S4257020900340702,/Users/adityasingh/Projects/Vocal-X/data_pipeline/raw/mr/mr_005_S4257020900340702.flac,marathi,different_speaker,-0.08350766028586479
S4258791300331826,/Users/adityasingh/Projects/Vocal-X/data_pipeline/raw/bn/bn_014_S4258791300331826.flac,bengali,S4257020900340702,/Users/adityasingh/Projects/Vocal-X/data_pipeline/raw/mr/mr_006_S4257020900340702.flac,marathi,different_speaker,0.09888629820458117
S4258791300331826,/Users/adityasingh/Projects/Vocal-X/data_pipeline/raw/bn/bn_014_S4258791300331826.flac,bengali,S4259734500395875,/Users/adityasingh/Projects/Vocal-X/data_pipeline/raw/mr/mr_007_S4259734500395875.flac,marathi,different_speaker,-0.4309984198577177
S4258791300331826,/Users/adityasingh/Projects/Vocal-X/data_pipeline/raw/bn/bn_014_S4258791300331826.flac,bengali,S4259734500395875,/Users/adityasingh/Projects/Vocal-X/data_pipeline/raw/mr/mr_008_S4259734500395875.flac,marathi,different_speaker,-0.28073931731047397
S4258791300331826,/Users/adityasingh/Projects/Vocal-X/data_pipeline/raw/bn/bn_014_S4258791300331826.flac,bengali,S4259734500395875,/Users/adityasingh/Projects/Vocal-X/data_pipeline/raw/mr/mr_009_S4259734500395875.flac,marathi,different_speaker,-0.036256955860252356
S4258791300331826,/Users/adityasingh/Projects/Vocal-X/data_pipeline/raw/bn/bn_014_S4258791300331826.flac,bengali,S4257242800308984,/Users/adityasingh/Projects/Vocal-X/data_pipeline/raw/mr/mr_010_S4257242800308984.flac,marathi,different_speaker,-0.019249880746087585
S4258791300331826,/Users/adityasingh/Projects/Vocal-X/data_pipeline/raw/bn/bn_014_S4258791300331826.flac,bengali,S4257242800308984,/Users/adityasingh/Projects/Vocal-X/data_pipeline/raw/mr/mr_011_S4257242800308984.flac,marathi,different_speaker,0.15838341763244027
S4258791300331826,/Users/adityasingh/Projects/Vocal-X/data_pipeline/raw/bn/bn_014_S4258791300331826.flac,bengali,S4257242800308984,/Users/adityasingh/Projects/Vocal-X/data_pipeline/raw/mr/mr_012_S4257242800308984.flac,marathi,different_speaker,-0.28525244605785904
S4258791300331826,/Users/adityasingh/Projects/Vocal-X/data_pipeline/raw/bn/bn_014_S4258791300331826.flac,bengali,S4258045600338732,/Users/adityasingh/Projects/Vocal-X/data_pipeline/raw/mr/mr_013_S4258045600338732.flac,marathi,different_speaker,-0.4607563549500148
S4258791300331826,/Users/adityasingh/Projects/Vocal-X/data_pipeline/raw/bn/bn_014_S4258791300331826.flac,bengali,S4258045600338732,/Users/adityasingh/Projects/Vocal-X/data_pipeline/raw/mr/mr_014_S4258045600338732.flac,marathi,different_speaker,-0.34411373810101
S4258791300331826,/Users/adityasingh/Projects/Vocal-X/data_pipeline/raw/bn/bn_014_S4258791300331826.flac,bengali,S4258045600338732,/Users/adityasingh/Projects/Vocal-X/data_pipeline/raw/mr/mr_015_S4258045600338732.flac,marathi,different_speaker,-0.3853224050482547
S4258791300331826,/Users/adityasingh/Projects/Vocal-X/data_pipeline/raw/bn/bn_015_S4258791300331826.flac,bengali,S4258178900302423,/Users/adityasingh/Projects/Vocal-X/data_pipeline/raw/ta/ta_001_S4258178900302423.flac,tamil,different_speaker,-0.04513320830400677
S4258791300331826,/Users/adityasingh/Projects/Vocal-X/data_pipeline/raw/bn/bn_015_S4258791300331826.flac,bengali,S4258178900302423,/Users/adityasingh/Projects/Vocal-X/data_pipeline/raw/ta/ta_002_S4258178900302423.flac,tamil,different_speaker,-0.12868000612945069
S4258791300331826,/Users/adityasingh/Projects/Vocal-X/data_pipeline/raw/bn/bn_015_S4258791300331826.flac,bengali,S4258178900302423,/Users/adityasingh/Projects/Vocal-X/data_pipeline/raw/ta/ta_003_S4258178900302423.flac,tamil,different_speaker,-0.07845594291102698
S4258791300331826,/Users/adityasingh/Projects/Vocal-X/data_pipeline/raw/bn/bn_015_S4258791300331826.flac,bengali,S4258116500302929,/Users/adityasingh/Projects/Vocal-X/data_pipeline/raw/ta/ta_004_S4258116500302929.flac,tamil,different_speaker,0.14103649431042398
S4258791300331826,/Users/adityasingh/Projects/Vocal-X/data_pipeline/raw/bn/bn_015_S4258791300331826.flac,bengali,S4258116500302929,/Users/adityasingh/Projects/Vocal-X/data_pipeline/raw/ta/ta_005_S4258116500302929.flac,tamil,different_speaker,0.3330624305786284
S4258791300331826,/Users/adityasingh/Projects/Vocal-X/data_pipeline/raw/bn/bn_015_S4258791300331826.flac,bengali,S4258116500302929,/Users/adityasingh/Projects/Vocal-X/data_pipeline/raw/ta/ta_006_S4258116500302929.flac,tamil,different_speaker,0.26102150260874685
S4258791300331826,/Users/adityasingh/Projects/Vocal-X/data_pipeline/raw/bn/bn_015_S4258791300331826.flac,bengali,S4259940500370780,/Users/adityasingh/Projects/Vocal-X/data_pipeline/raw/ta/ta_007_S4259940500370780.flac,tamil,different_speaker,-0.22648291990834532
S4258791300331826,/Users/adityasingh/Projects/Vocal-X/data_pipeline/raw/bn/bn_015_S4258791300331826.flac,bengali,S4259940500370780,/Users/adityasingh/Projects/Vocal-X/data_pipeline/raw/ta/ta_008_S4259940500370780.flac,tamil,different_speaker,-0.2839962024125483
S4258791300331826,/Users/adityasingh/Projects/Vocal-X/data_pipeline/raw/bn/bn_015_S4258791300331826.flac,bengali,S4259940500370780,/Users/adityasingh/Projects/Vocal-X/data_pipeline/raw/ta/ta_009_S4259940500370780.flac,tamil,different_speaker,-0.24943858529386945
S4258791300331826,/Users/adityasingh/Projects/Vocal-X/data_pipeline/raw/bn/bn_015_S4258791300331826.flac,bengali,S4256668200339016,/Users/adityasingh/Projects/Vocal-X/data_pipeline/raw/ta/ta_010_S4256668200339016.flac,tamil,different_speaker,-0.02179105362334983
S4258791300331826,/Users/adityasingh/Projects/Vocal-X/data_pipeline/raw/bn/bn_015_S4258791300331826.flac,bengali,S4256668200339016,/Users/adityasingh/Projects/Vocal-X/data_pipeline/raw/ta/ta_011_S4256668200339016.flac,tamil,different_speaker,0.13513590563868189
S4258791300331826,/Users/adityasingh/Projects/Vocal-X/data_pipeline/raw/bn/bn_015_S4258791300331826.flac,bengali,S4256668200339016,/Users/adityasingh/Projects/Vocal-X/data_pipeline/raw/ta/ta_012_S4256668200339016.flac,tamil,different_speaker,0.0113273459703024
S4258791300331826,/Users/adityasingh/Projects/Vocal-X/data_pipeline/raw/bn/bn_015_S4258791300331826.flac,bengali,S4259477200334929,/Users/adityasingh/Projects/Vocal-X/data_pipeline/raw/ta/ta_013_S4259477200334929.flac,tamil,different_speaker,0.3245414782023649
S4258791300331826,/Users/adityasingh/Projects/Vocal-X/data_pipeline/raw/bn/bn_015_S4258791300331826.flac,bengali,S4259477200334929,/Users/adityasingh/Projects/Vocal-X/data_pipeline/raw/ta/ta_014_S4259477200334929.flac,tamil,different_speaker,0.3291705969089533
S4258791300331826,/Users/adityasingh/Projects/Vocal-X/data_pipeline/raw/bn/bn_015_S4258791300331826.flac,bengali,S4259477200334929,/Users/adityasingh/Projects/Vocal-X/data_pipeline/raw/ta/ta_015_S4259477200334929.flac,tamil,different_speaker,0.34028067763487563
S4258791300331826,/Users/adityasingh/Projects/Vocal-X/data_pipeline/raw/bn/bn_015_S4258791300331826.flac,bengali,S4257363100302319,/Users/adityasingh/Projects/Vocal-X/data_pipeline/raw/te/te_001_S4257363100302319.flac,telugu,different_speaker,-0.45192408825713115
S4258791300331826,/Users/adityasingh/Projects/Vocal-X/data_pipeline/raw/bn/bn_015_S4258791300331826.flac,bengali,S4257363100302319,/Users/adityasingh/Projects/Vocal-X/data_pipeline/raw/te/te_002_S4257363100302319.flac,telugu,different_speaker,-0.3784467846020225
S4258791300331826,/Users/adityasingh/Projects/Vocal-X/data_pipeline/raw/bn/bn_015_S4258791300331826.flac,bengali,S4257363100302319,/Users/adityasingh/Projects/Vocal-X/data_pipeline/raw/te/te_003_S4257363100302319.flac,telugu,different_speaker,-0.12837743988865077
S4258791300331826,/Users/adityasingh/Projects/Vocal-X/data_pipeline/raw/bn/bn_015_S4258791300331826.flac,bengali,S4259919200330829,/Users/adityasingh/Projects/Vocal-X/data_pipeline/raw/te/te_004_S4259919200330829.flac,telugu,different_speaker,-0.22953420661089988
S4258791300331826,/Users/adityasingh/Projects/Vocal-X/data_pipeline/raw/bn/bn_015_S4258791300331826.flac,bengali,S4259919200330829,/Users/adityasingh/Projects/Vocal-X/data_pipeline/raw/te/te_005_S4259919200330829.flac,telugu,different_speaker,0.024058002634223124
S4258791300331826,/Users/adityasingh/Projects/Vocal-X/data_pipeline/raw/bn/bn_015_S4258791300331826.flac,bengali,S4259919200330829,/Users/adityasingh/Projects/Vocal-X/data_pipeline/raw/te/te_006_S4259919200330829.flac,telugu,different_speaker,-0.26410467844415
S4258791300331826,/Users/adityasingh/Projects/Vocal-X/data_pipeline/raw/bn/bn_015_S4258791300331826.flac,bengali,S4259557300391493,/Users/adityasingh/Projects/Vocal-X/data_pipeline/raw/te/te_007_S4259557300391493.flac,telugu,different_speaker,-0.5449378530095379
S4258791300331826,/Users/adityasingh/Projects/Vocal-X/data_pipeline/raw/bn/bn_015_S4258791300331826.flac,bengali,S4259557300391493,/Users/adityasingh/Projects/Vocal-X/data_pipeline/raw/te/te_008_S4259557300391493.flac,telugu,different_speaker,-0.607200062413576
S4258791300331826,/Users/adityasingh/Projects/Vocal-X/data_pipeline/raw/bn/bn_015_S4258791300331826.flac,bengali,S4259557300391493,/Users/adityasingh/Projects/Vocal-X/data_pipeline/raw/te/te_009_S4259557300391493.flac,telugu,different_speaker,-0.5987940583119299
S4258791300331826,/Users/adityasingh/Projects/Vocal-X/data_pipeline/raw/bn/bn_015_S4258791300331826.flac,bengali,S4259010000375320,/Users/adityasingh/Projects/Vocal-X/data_pipeline/raw/te/te_010_S4259010000375320.flac,telugu,different_speaker,-0.6123067812132361
S4258791300331826,/Users/adityasingh/Projects/Vocal-X/data_pipeline/raw/bn/bn_015_S4258791300331826.flac,bengali,S4259010000375320,/Users/adityasingh/Projects/Vocal-X/data_pipeline/raw/te/te_011_S4259010000375320.flac,telugu,different_speaker,-0.36986809303834967
S4258791300331826,/Users/adityasingh/Projects/Vocal-X/data_pipeline/raw/bn/bn_015_S4258791300331826.flac,bengali,S4259010000375320,/Users/adityasingh/Projects/Vocal-X/data_pipeline/raw/te/te_012_S4259010000375320.flac,telugu,different_speaker,-0.3154206802703925
S4258791300331826,/Users/adityasingh/Projects/Vocal-X/data_pipeline/raw/bn/bn_015_S4258791300331826.flac,bengali,S4257321800337643,/Users/adityasingh/Projects/Vocal-X/data_pipeline/raw/te/te_013_S4257321800337643.flac,telugu,different_speaker,-0.2657089924860434
S4258791300331826,/Users/adityasingh/Projects/Vocal-X/data_pipeline/raw/bn/bn_015_S4258791300331826.flac,bengali,S4257321800337643,/Users/adityasingh/Projects/Vocal-X/data_pipeline/raw/te/te_014_S4257321800337643.flac,telugu,different_speaker,-0.45505332881293387
S4258791300331826,/Users/adityasingh/Projects/Vocal-X/data_pipeline/raw/bn/bn_015_S4258791300331826.flac,bengali,S4257321800337643,/Users/adityasingh/Projects/Vocal-X/data_pipeline/raw/te/te_015_S4257321800337643.flac,telugu,different_speaker,-0.5705040020822353
S4258791300331826,/Users/adityasingh/Projects/Vocal-X/data_pipeline/raw/bn/bn_015_S4258791300331826.flac,bengali,S4258725600395882,/Users/adityasingh/Projects/Vocal-X/data_pipeline/raw/mr/mr_001_S4258725600395882.flac,marathi,different_speaker,0.03429944640230945
S4258791300331826,/Users/adityasingh/Projects/Vocal-X/data_pipeline/raw/bn/bn_015_S4258791300331826.flac,bengali,S4258725600395882,/Users/adityasingh/Projects/Vocal-X/data_pipeline/raw/mr/mr_002_S4258725600395882.flac,marathi,different_speaker,0.06592187222782592
S4258791300331826,/Users/adityasingh/Projects/Vocal-X/data_pipeline/raw/bn/bn_015_S4258791300331826.flac,bengali,S4258725600395882,/Users/adityasingh/Projects/Vocal-X/data_pipeline/raw/mr/mr_003_S4258725600395882.flac,marathi,different_speaker,-0.24743184380211722
S4258791300331826,/Users/adityasingh/Projects/Vocal-X/data_pipeline/raw/bn/bn_015_S4258791300331826.flac,bengali,S4257020900340702,/Users/adityasingh/Projects/Vocal-X/data_pipeline/raw/mr/mr_004_S4257020900340702.flac,marathi,different_speaker,-0.06933645198005652
S4258791300331826,/Users/adityasingh/Projects/Vocal-X/data_pipeline/raw/bn/bn_015_S4258791300331826.flac,bengali,S4257020900340702,/Users/adityasingh/Projects/Vocal-X/data_pipeline/raw/mr/mr_005_S4257020900340702.flac,marathi,different_speaker,-0.018027499116158915
S4258791300331826,/Users/adityasingh/Projects/Vocal-X/data_pipeline/raw/bn/bn_015_S4258791300331826.flac,bengali,S4257020900340702,/Users/adityasingh/Projects/Vocal-X/data_pipeline/raw/mr/mr_006_S4257020900340702.flac,marathi,different_speaker,0.1954317089365009
S4258791300331826,/Users/adityasingh/Projects/Vocal-X/data_pipeline/raw/bn/bn_015_S4258791300331826.flac,bengali,S4259734500395875,/Users/adityasingh/Projects/Vocal-X/data_pipeline/raw/mr/mr_007_S4259734500395875.flac,marathi,different_speaker,-0.3251795059113502
S4258791300331826,/Users/adityasingh/Projects/Vocal-X/data_pipeline/raw/bn/bn_015_S4258791300331826.flac,bengali,S4259734500395875,/Users/adityasingh/Projects/Vocal-X/data_pipeline/raw/mr/mr_008_S4259734500395875.flac,marathi,different_speaker,-0.41585763375390195
S4258791300331826,/Users/adityasingh/Projects/Vocal-X/data_pipeline/raw/bn/bn_015_S4258791300331826.flac,bengali,S4259734500395875,/Users/adityasingh/Projects/Vocal-X/data_pipeline/raw/mr/mr_009_S4259734500395875.flac,marathi,different_speaker,-0.14042948785460138
S4258791300331826,/Users/adityasingh/Projects/Vocal-X/data_pipeline/raw/bn/bn_015_S4258791300331826.flac,bengali,S4257242800308984,/Users/adityasingh/Projects/Vocal-X/data_pipeline/raw/mr/mr_010_S4257242800308984.flac,marathi,different_speaker,-0.019731971064546674
S4258791300331826,/Users/adityasingh/Projects/Vocal-X/data_pipeline/raw/bn/bn_015_S4258791300331826.flac,bengali,S4257242800308984,/Users/adityasingh/Projects/Vocal-X/data_pipeline/raw/mr/mr_011_S4257242800308984.flac,marathi,different_speaker,0.09929592473110384
S4258791300331826,/Users/adityasingh/Projects/Vocal-X/data_pipeline/raw/bn/bn_015_S4258791300331826.flac,bengali,S4257242800308984,/Users/adityasingh/Projects/Vocal-X/data_pipeline/raw/mr/mr_012_S4257242800308984.flac,marathi,different_speaker,-0.07091945711143742
S4258791300331826,/Users/adityasingh/Projects/Vocal-X/data_pipeline/raw/bn/bn_015_S4258791300331826.flac,bengali,S4258045600338732,/Users/adityasingh/Projects/Vocal-X/data_pipeline/raw/mr/mr_013_S4258045600338732.flac,marathi,different_speaker,-0.5568706487345342
S4258791300331826,/Users/adityasingh/Projects/Vocal-X/data_pipeline/raw/bn/bn_015_S4258791300331826.flac,bengali,S4258045600338732,/Users/adityasingh/Projects/Vocal-X/data_pipeline/raw/mr/mr_014_S4258045600338732.flac,marathi,different_speaker,-0.47468094292408863
S4258791300331826,/Users/adityasingh/Projects/Vocal-X/data_pipeline/raw/bn/bn_015_S4258791300331826.flac,bengali,S4258045600338732,/Users/adityasingh/Projects/Vocal-X/data_pipeline/raw/mr/mr_015_S4258045600338732.flac,marathi,different_speaker,-0.44596002158304404
S4258178900302423,/Users/adityasingh/Projects/Vocal-X/data_pipeline/raw/ta/ta_001_S4258178900302423.flac,tamil,S4258178900302423,/Users/adityasingh/Projects/Vocal-X/data_pipeline/raw/ta/ta_002_S4258178900302423.flac,tamil,same_speaker,0.629767553850497
S4258178900302423,/Users/adityasingh/Projects/Vocal-X/data_pipeline/raw/ta/ta_001_S4258178900302423.flac,tamil,S4258178900302423,/Users/adityasingh/Projects/Vocal-X/data_pipeline/raw/ta/ta_003_S4258178900302423.flac,tamil,same_speaker,0.5698084907154839
S4258178900302423,/Users/adityasingh/Projects/Vocal-X/data_pipeline/raw/ta/ta_001_S4258178900302423.flac,tamil,S4258116500302929,/Users/adityasingh/Projects/Vocal-X/data_pipeline/raw/ta/ta_004_S4258116500302929.flac,tamil,different_speaker,-0.36065652733831915
S4258178900302423,/Users/adityasingh/Projects/Vocal-X/data_pipeline/raw/ta/ta_001_S4258178900302423.flac,tamil,S4258116500302929,/Users/adityasingh/Projects/Vocal-X/data_pipeline/raw/ta/ta_005_S4258116500302929.flac,tamil,different_speaker,-0.4892158770884109
S4258178900302423,/Users/adityasingh/Projects/Vocal-X/data_pipeline/raw/ta/ta_001_S4258178900302423.flac,tamil,S4258116500302929,/Users/adityasingh/Projects/Vocal-X/data_pipeline/raw/ta/ta_006_S4258116500302929.flac,tamil,different_speaker,-0.49164604053495037
S4258178900302423,/Users/adityasingh/Projects/Vocal-X/data_pipeline/raw/ta/ta_001_S4258178900302423.flac,tamil,S4259940500370780,/Users/adityasingh/Projects/Vocal-X/data_pipeline/raw/ta/ta_007_S4259940500370780.flac,tamil,different_speaker,0.21653268027253614
S4258178900302423,/Users/adityasingh/Projects/Vocal-X/data_pipeline/raw/ta/ta_001_S4258178900302423.flac,tamil,S4259940500370780,/Users/adityasingh/Projects/Vocal-X/data_pipeline/raw/ta/ta_008_S4259940500370780.flac,tamil,different_speaker,0.00757408567059898
S4258178900302423,/Users/adityasingh/Projects/Vocal-X/data_pipeline/raw/ta/ta_001_S4258178900302423.flac,tamil,S4259940500370780,/Users/adityasingh/Projects/Vocal-X/data_pipeline/raw/ta/ta_009_S4259940500370780.flac,tamil,different_speaker,0.250571365431295
S4258178900302423,/Users/adityasingh/Projects/Vocal-X/data_pipeline/raw/ta/ta_001_S4258178900302423.flac,tamil,S4256668200339016,/Users/adityasingh/Projects/Vocal-X/data_pipeline/raw/ta/ta_010_S4256668200339016.flac,tamil,different_speaker,0.010662529586731272
S4258178900302423,/Users/adityasingh/Projects/Vocal-X/data_pipeline/raw/ta/ta_001_S4258178900302423.flac,tamil,S4256668200339016,/Users/adityasingh/Projects/Vocal-X/data_pipeline/raw/ta/ta_011_S4256668200339016.flac,tamil,different_speaker,0.1733011905871011
S4258178900302423,/Users/adityasingh/Projects/Vocal-X/data_pipeline/raw/ta/ta_001_S4258178900302423.flac,tamil,S4256668200339016,/Users/adityasingh/Projects/Vocal-X/data_pipeline/raw/ta/ta_012_S4256668200339016.flac,tamil,different_speaker,0.02402838316994562
S4258178900302423,/Users/adityasingh/Projects/Vocal-X/data_pipeline/raw/ta/ta_001_S4258178900302423.flac,tamil,S4259477200334929,/Users/adityasingh/Projects/Vocal-X/data_pipeline/raw/ta/ta_013_S4259477200334929.flac,tamil,different_speaker,-0.497834094194972
S4258178900302423,/Users/adityasingh/Projects/Vocal-X/data_pipeline/raw/ta/ta_001_S4258178900302423.flac,tamil,S4259477200334929,/Users/adityasingh/Projects/Vocal-X/data_pipeline/raw/ta/ta_014_S4259477200334929.flac,tamil,different_speaker,-0.5042371146197244
S4258178900302423,/Users/adityasingh/Projects/Vocal-X/data_pipeline/raw/ta/ta_001_S4258178900302423.flac,tamil,S4259477200334929,/Users/adityasingh/Projects/Vocal-X/data_pipeline/raw/ta/ta_015_S4259477200334929.flac,tamil,different_speaker,-0.268607723194615
S4258178900302423,/Users/adityasingh/Projects/Vocal-X/data_pipeline/raw/ta/ta_001_S4258178900302423.flac,tamil,S4257363100302319,/Users/adityasingh/Projects/Vocal-X/data_pipeline/raw/te/te_001_S4257363100302319.flac,telugu,different_speaker,-0.34348727989541
S4258178900302423,/Users/adityasingh/Projects/Vocal-X/data_pipeline/raw/ta/ta_001_S4258178900302423.flac,tamil,S4257363100302319,/Users/adityasingh/Projects/Vocal-X/data_pipeline/raw/te/te_002_S4257363100302319.flac,telugu,different_speaker,-0.029800340391427753
S4258178900302423,/Users/adityasingh/Projects/Vocal-X/data_pipeline/raw/ta/ta_001_S4258178900302423.flac,tamil,S4257363100302319,/Users/adityasingh/Projects/Vocal-X/data_pipeline/raw/te/te_003_S4257363100302319.flac,telugu,different_speaker,-0.3662751531397172
S4258178900302423,/Users/adityasingh/Projects/Vocal-X/data_pipeline/raw/ta/ta_001_S4258178900302423.flac,tamil,S4259919200330829,/Users/adityasingh/Projects/Vocal-X/data_pipeline/raw/te/te_004_S4259919200330829.flac,telugu,different_speaker,0.4416613332224635
S4258178900302423,/Users/adityasingh/Projects/Vocal-X/data_pipeline/raw/ta/ta_001_S4258178900302423.flac,tamil,S4259919200330829,/Users/adityasingh/Projects/Vocal-X/data_pipeline/raw/te/te_005_S4259919200330829.flac,telugu,different_speaker,0.11117647102317735
S4258178900302423,/Users/adityasingh/Projects/Vocal-X/data_pipeline/raw/ta/ta_001_S4258178900302423.flac,tamil,S4259919200330829,/Users/adityasingh/Projects/Vocal-X/data_pipeline/raw/te/te_006_S4259919200330829.flac,telugu,different_speaker,0.3626078100445737
S4258178900302423,/Users/adityasingh/Projects/Vocal-X/data_pipeline/raw/ta/ta_001_S4258178900302423.flac,tamil,S4259557300391493,/Users/adityasingh/Projects/Vocal-X/data_pipeline/raw/te/te_007_S4259557300391493.flac,telugu,different_speaker,0.34438283283956594
S4258178900302423,/Users/adityasingh/Projects/Vocal-X/data_pipeline/raw/ta/ta_001_S4258178900302423.flac,tamil,S4259557300391493,/Users/adityasingh/Projects/Vocal-X/data_pipeline/raw/te/te_008_S4259557300391493.flac,telugu,different_speaker,0.23538290234571144
S4258178900302423,/Users/adityasingh/Projects/Vocal-X/data_pipeline/raw/ta/ta_001_S4258178900302423.flac,tamil,S4259557300391493,/Users/adityasingh/Projects/Vocal-X/data_pipeline/raw/te/te_009_S4259557300391493.flac,telugu,different_speaker,0.14424877486327325
S4258178900302423,/Users/adityasingh/Projects/Vocal-X/data_pipeline/raw/ta/ta_001_S4258178900302423.flac,tamil,S4259010000375320,/Users/adityasingh/Projects/Vocal-X/data_pipeline/raw/te/te_010_S4259010000375320.flac,telugu,different_speaker,0.14894142290849818
S4258178900302423,/Users/adityasingh/Projects/Vocal-X/data_pipeline/raw/ta/ta_001_S4258178900302423.flac,tamil,S4259010000375320,/Users/adityasingh/Projects/Vocal-X/data_pipeline/raw/te/te_011_S4259010000375320.flac,telugu,different_speaker,0.480179024887885
S4258178900302423,/Users/adityasingh/Projects/Vocal-X/data_pipeline/raw/ta/ta_001_S4258178900302423.flac,tamil,S4259010000375320,/Users/adityasingh/Projects/Vocal-X/data_pipeline/raw/te/te_012_S4259010000375320.flac,telugu,different_speaker,0.4060278967049702
S4258178900302423,/Users/adityasingh/Projects/Vocal-X/data_pipeline/raw/ta/ta_001_S4258178900302423.flac,tamil,S4257321800337643,/Users/adityasingh/Projects/Vocal-X/data_pipeline/raw/te/te_013_S4257321800337643.flac,telugu,different_speaker,-0.09916936471632508
S4258178900302423,/Users/adityasingh/Projects/Vocal-X/data_pipeline/raw/ta/ta_001_S4258178900302423.flac,tamil,S4257321800337643,/Users/adityasingh/Projects/Vocal-X/data_pipeline/raw/te/te_014_S4257321800337643.flac,telugu,different_speaker,0.22512056518318238
S4258178900302423,/Users/adityasingh/Projects/Vocal-X/data_pipeline/raw/ta/ta_001_S4258178900302423.flac,tamil,S4257321800337643,/Users/adityasingh/Projects/Vocal-X/data_pipeline/raw/te/te_015_S4257321800337643.flac,telugu,different_speaker,0.026104103684148065
S4258178900302423,/Users/adityasingh/Projects/Vocal-X/data_pipeline/raw/ta/ta_001_S4258178900302423.flac,tamil,S4258725600395882,/Users/adityasingh/Projects/Vocal-X/data_pipeline/raw/mr/mr_001_S4258725600395882.flac,marathi,different_speaker,0.08257912607017773
S4258178900302423,/Users/adityasingh/Projects/Vocal-X/data_pipeline/raw/ta/ta_001_S4258178900302423.flac,tamil,S4258725600395882,/Users/adityasingh/Projects/Vocal-X/data_pipeline/raw/mr/mr_002_S4258725600395882.flac,marathi,different_speaker,0.5792963100272132
S4258178900302423,/Users/adityasingh/Projects/Vocal-X/data_pipeline/raw/ta/ta_001_S4258178900302423.flac,tamil,S4258725600395882,/Users/adityasingh/Projects/Vocal-X/data_pipeline/raw/mr/mr_003_S4258725600395882.flac,marathi,different_speaker,0.24167205704861716
S4258178900302423,/Users/adityasingh/Projects/Vocal-X/data_pipeline/raw/ta/ta_001_S4258178900302423.flac,tamil,S4257020900340702,/Users/adityasingh/Projects/Vocal-X/data_pipeline/raw/mr/mr_004_S4257020900340702.flac,marathi,different_speaker,-0.41346979595541095
S4258178900302423,/Users/adityasingh/Projects/Vocal-X/data_pipeline/raw/ta/ta_001_S4258178900302423.flac,tamil,S4257020900340702,/Users/adityasingh/Projects/Vocal-X/data_pipeline/raw/mr/mr_005_S4257020900340702.flac,marathi,different_speaker,-0.4332422784783271
S4258178900302423,/Users/adityasingh/Projects/Vocal-X/data_pipeline/raw/ta/ta_001_S4258178900302423.flac,tamil,S4257020900340702,/Users/adityasingh/Projects/Vocal-X/data_pipeline/raw/mr/mr_006_S4257020900340702.flac,marathi,different_speaker,-0.5160044131822518
S4258178900302423,/Users/adityasingh/Projects/Vocal-X/data_pipeline/raw/ta/ta_001_S4258178900302423.flac,tamil,S4259734500395875,/Users/adityasingh/Projects/Vocal-X/data_pipeline/raw/mr/mr_007_S4259734500395875.flac,marathi,different_speaker,0.3134620260166898
S4258178900302423,/Users/adityasingh/Projects/Vocal-X/data_pipeline/raw/ta/ta_001_S4258178900302423.flac,tamil,S4259734500395875,/Users/adityasingh/Projects/Vocal-X/data_pipeline/raw/mr/mr_008_S4259734500395875.flac,marathi,different_speaker,0.28319848900734257
S4258178900302423,/Users/adityasingh/Projects/Vocal-X/data_pipeline/raw/ta/ta_001_S4258178900302423.flac,tamil,S4259734500395875,/Users/adityasingh/Projects/Vocal-X/data_pipeline/raw/mr/mr_009_S4259734500395875.flac,marathi,different_speaker,0.42586159605715396
S4258178900302423,/Users/adityasingh/Projects/Vocal-X/data_pipeline/raw/ta/ta_001_S4258178900302423.flac,tamil,S4257242800308984,/Users/adityasingh/Projects/Vocal-X/data_pipeline/raw/mr/mr_010_S4257242800308984.flac,marathi,different_speaker,0.14173785886670012
S4258178900302423,/Users/adityasingh/Projects/Vocal-X/data_pipeline/raw/ta/ta_001_S4258178900302423.flac,tamil,S4257242800308984,/Users/adityasingh/Projects/Vocal-X/data_pipeline/raw/mr/mr_011_S4257242800308984.flac,marathi,different_speaker,0.5635378342698482
S4258178900302423,/Users/adityasingh/Projects/Vocal-X/data_pipeline/raw/ta/ta_001_S4258178900302423.flac,tamil,S4257242800308984,/Users/adityasingh/Projects/Vocal-X/data_pipeline/raw/mr/mr_012_S4257242800308984.flac,marathi,different_speaker,-0.18812353399954856
S4258178900302423,/Users/adityasingh/Projects/Vocal-X/data_pipeline/raw/ta/ta_001_S4258178900302423.flac,tamil,S4258045600338732,/Users/adityasingh/Projects/Vocal-X/data_pipeline/raw/mr/mr_013_S4258045600338732.flac,marathi,different_speaker,0.10241827177034145
S4258178900302423,/Users/adityasingh/Projects/Vocal-X/data_pipeline/raw/ta/ta_001_S4258178900302423.flac,tamil,S4258045600338732,/Users/adityasingh/Projects/Vocal-X/data_pipeline/raw/mr/mr_014_S4258045600338732.flac,marathi,different_speaker,-0.1237383788962358
S4258178900302423,/Users/adityasingh/Projects/Vocal-X/data_pipeline/raw/ta/ta_001_S4258178900302423.flac,tamil,S4258045600338732,/Users/adityasingh/Projects/Vocal-X/data_pipeline/raw/mr/mr_015_S4258045600338732.flac,marathi,different_speaker,-0.08439745720708616
S4258178900302423,/Users/adityasingh/Projects/Vocal-X/data_pipeline/raw/ta/ta_002_S4258178900302423.flac,tamil,S4258178900302423,/Users/adityasingh/Projects/Vocal-X/data_pipeline/raw/ta/ta_003_S4258178900302423.flac,tamil,same_speaker,0.9179831065867868
S4258178900302423,/Users/adityasingh/Projects/Vocal-X/data_pipeline/raw/ta/ta_002_S4258178900302423.flac,tamil,S4258116500302929,/Users/adityasingh/Projects/Vocal-X/data_pipeline/raw/ta/ta_004_S4258116500302929.flac,tamil,different_speaker,-0.6167936510602191
S4258178900302423,/Users/adityasingh/Projects/Vocal-X/data_pipeline/raw/ta/ta_002_S4258178900302423.flac,tamil,S4258116500302929,/Users/adityasingh/Projects/Vocal-X/data_pipeline/raw/ta/ta_005_S4258116500302929.flac,tamil,different_speaker,-0.65452414257505
S4258178900302423,/Users/adityasingh/Projects/Vocal-X/data_pipeline/raw/ta/ta_002_S4258178900302423.flac,tamil,S4258116500302929,/Users/adityasingh/Projects/Vocal-X/data_pipeline/raw/ta/ta_006_S4258116500302929.flac,tamil,different_speaker,-0.6532004332541352
S4258178900302423,/Users/adityasingh/Projects/Vocal-X/data_pipeline/raw/ta/ta_002_S4258178900302423.flac,tamil,S4259940500370780,/Users/adityasingh/Projects/Vocal-X/data_pipeline/raw/ta/ta_007_S4259940500370780.flac,tamil,different_speaker,0.3293406750201167
S4258178900302423,/Users/adityasingh/Projects/Vocal-X/data_pipeline/raw/ta/ta_002_S4258178900302423.flac,tamil,S4259940500370780,/Users/adityasingh/Projects/Vocal-X/data_pipeline/raw/ta/ta_008_S4259940500370780.flac,tamil,different_speaker,0.1890906525227371
S4258178900302423,/Users/adityasingh/Projects/Vocal-X/data_pipeline/raw/ta/ta_002_S4258178900302423.flac,tamil,S4259940500370780,/Users/adityasingh/Projects/Vocal-X/data_pipeline/raw/ta/ta_009_S4259940500370780.flac,tamil,different_speaker,0.49404490447824445
S4258178900302423,/Users/adityasingh/Projects/Vocal-X/data_pipeline/raw/ta/ta_002_S4258178900302423.flac,tamil,S4256668200339016,/Users/adityasingh/Projects/Vocal-X/data_pipeline/raw/ta/ta_010_S4256668200339016.flac,tamil,different_speaker,-0.1930427276005936
S4258178900302423,/Users/adityasingh/Projects/Vocal-X/data_pipeline/raw/ta/ta_002_S4258178900302423.flac,tamil,S4256668200339016,/Users/adityasingh/Projects/Vocal-X/data_pipeline/raw/ta/ta_011_S4256668200339016.flac,tamil,different_speaker,0.028780933209420826
S4258178900302423,/Users/adityasingh/Projects/Vocal-X/data_pipeline/raw/ta/ta_002_S4258178900302423.flac,tamil,S4256668200339016,/Users/adityasingh/Projects/Vocal-X/data_pipeline/raw/ta/ta_012_S4256668200339016.flac,tamil,different_speaker,-0.10563098681870559
S4258178900302423,/Users/adityasingh/Projects/Vocal-X/data_pipeline/raw/ta/ta_002_S4258178900302423.flac,tamil,S4259477200334929,/Users/adityasingh/Projects/Vocal-X/data_pipeline/raw/ta/ta_013_S4259477200334929.flac,tamil,different_speaker,-0.4449195210543218
S4258178900302423,/Users/adityasingh/Projects/Vocal-X/data_pipeline/raw/ta/ta_002_S4258178900302423.flac,tamil,S4259477200334929,/Users/adityasingh/Projects/Vocal-X/data_pipeline/raw/ta/ta_014_S4259477200334929.flac,tamil,different_speaker,-0.37165336471965155
S4258178900302423,/Users/adityasingh/Projects/Vocal-X/data_pipeline/raw/ta/ta_002_S4258178900302423.flac,tamil,S4259477200334929,/Users/adityasingh/Projects/Vocal-X/data_pipeline/raw/ta/ta_015_S4259477200334929.flac,tamil,different_speaker,-0.24758580775582298
S4258178900302423,/Users/adityasingh/Projects/Vocal-X/data_pipeline/raw/ta/ta_002_S4258178900302423.flac,tamil,S4257363100302319,/Users/adityasingh/Projects/Vocal-X/data_pipeline/raw/te/te_001_S4257363100302319.flac,telugu,different_speaker,-0.10848046165311462
S4258178900302423,/Users/adityasingh/Projects/Vocal-X/data_pipeline/raw/ta/ta_002_S4258178900302423.flac,tamil,S4257363100302319,/Users/adityasingh/Projects/Vocal-X/data_pipeline/raw/te/te_002_S4257363100302319.flac,telugu,different_speaker,-0.14179537620886357
S4258178900302423,/Users/adityasingh/Projects/Vocal-X/data_pipeline/raw/ta/ta_002_S4258178900302423.flac,tamil,S4257363100302319,/Users/adityasingh/Projects/Vocal-X/data_pipeline/raw/te/te_003_S4257363100302319.flac,telugu,different_speaker,-0.2844857870363071
S4258178900302423,/Users/adityasingh/Projects/Vocal-X/data_pipeline/raw/ta/ta_002_S4258178900302423.flac,tamil,S4259919200330829,/Users/adityasingh/Projects/Vocal-X/data_pipeline/raw/te/te_004_S4259919200330829.flac,telugu,different_speaker,0.3250200443529163
S4258178900302423,/Users/adityasingh/Projects/Vocal-X/data_pipeline/raw/ta/ta_002_S4258178900302423.flac,tamil,S4259919200330829,/Users/adityasingh/Projects/Vocal-X/data_pipeline/raw/te/te_005_S4259919200330829.flac,telugu,different_speaker,0.003923551145806446
S4258178900302423,/Users/adityasingh/Projects/Vocal-X/data_pipeline/raw/ta/ta_002_S4258178900302423.flac,tamil,S4259919200330829,/Users/adityasingh/Projects/Vocal-X/data_pipeline/raw/te/te_006_S4259919200330829.flac,telugu,different_speaker,0.26099348204171074
S4258178900302423,/Users/adityasingh/Projects/Vocal-X/data_pipeline/raw/ta/ta_002_S4258178900302423.flac,tamil,S4259557300391493,/Users/adityasingh/Projects/Vocal-X/data_pipeline/raw/te/te_007_S4259557300391493.flac,telugu,different_speaker,0.4167517922794973
S4258178900302423,/Users/adityasingh/Projects/Vocal-X/data_pipeline/raw/ta/ta_002_S4258178900302423.flac,tamil,S4259557300391493,/Users/adityasingh/Projects/Vocal-X/data_pipeline/raw/te/te_008_S4259557300391493.flac,telugu,different_speaker,0.539522168896161
S4258178900302423,/Users/adityasingh/Projects/Vocal-X/data_pipeline/raw/ta/ta_002_S4258178900302423.flac,tamil,S4259557300391493,/Users/adityasingh/Projects/Vocal-X/data_pipeline/raw/te/te_009_S4259557300391493.flac,telugu,different_speaker,0.10054750714763697
S4258178900302423,/Users/adityasingh/Projects/Vocal-X/data_pipeline/raw/ta/ta_002_S4258178900302423.flac,tamil,S4259010000375320,/Users/adityasingh/Projects/Vocal-X/data_pipeline/raw/te/te_010_S4259010000375320.flac,telugu,different_speaker,0.37185091221640953
S4258178900302423,/Users/adityasingh/Projects/Vocal-X/data_pipeline/raw/ta/ta_002_S4258178900302423.flac,tamil,S4259010000375320,/Users/adityasingh/Projects/Vocal-X/data_pipeline/raw/te/te_011_S4259010000375320.flac,telugu,different_speaker,0.6610743513050552
S4258178900302423,/Users/adityasingh/Projects/Vocal-X/data_pipeline/raw/ta/ta_002_S4258178900302423.flac,tamil,S4259010000375320,/Users/adityasingh/Projects/Vocal-X/data_pipeline/raw/te/te_012_S4259010000375320.flac,telugu,different_speaker,0.38198202961145555
S4258178900302423,/Users/adityasingh/Projects/Vocal-X/data_pipeline/raw/ta/ta_002_S4258178900302423.flac,tamil,S4257321800337643,/Users/adityasingh/Projects/Vocal-X/data_pipeline/raw/te/te_013_S4257321800337643.flac,telugu,different_speaker,0.014170684179273299
S4258178900302423,/Users/adityasingh/Projects/Vocal-X/data_pipeline/raw/ta/ta_002_S4258178900302423.flac,tamil,S4257321800337643,/Users/adityasingh/Projects/Vocal-X/data_pipeline/raw/te/te_014_S4257321800337643.flac,telugu,different_speaker,0.5045708196470449
S4258178900302423,/Users/adityasingh/Projects/Vocal-X/data_pipeline/raw/ta/ta_002_S4258178900302423.flac,tamil,S4257321800337643,/Users/adityasingh/Projects/Vocal-X/data_pipeline/raw/te/te_015_S4257321800337643.flac,telugu,different_speaker,0.271071025063056
S4258178900302423,/Users/adityasingh/Projects/Vocal-X/data_pipeline/raw/ta/ta_002_S4258178900302423.flac,tamil,S4258725600395882,/Users/adityasingh/Projects/Vocal-X/data_pipeline/raw/mr/mr_001_S4258725600395882.flac,marathi,different_speaker,-0.26706794523702776
S4258178900302423,/Users/adityasingh/Projects/Vocal-X/data_pipeline/raw/ta/ta_002_S4258178900302423.flac,tamil,S4258725600395882,/Users/adityasingh/Projects/Vocal-X/data_pipeline/raw/mr/mr_002_S4258725600395882.flac,marathi,different_speaker,0.35607733415536336
S4258178900302423,/Users/adityasingh/Projects/Vocal-X/data_pipeline/raw/ta/ta_002_S4258178900302423.flac,tamil,S4258725600395882,/Users/adityasingh/Projects/Vocal-X/data_pipeline/raw/mr/mr_003_S4258725600395882.flac,marathi,different_speaker,0.3610036170895647
S4258178900302423,/Users/adityasingh/Projects/Vocal-X/data_pipeline/raw/ta/ta_002_S4258178900302423.flac,tamil,S4257020900340702,/Users/adityasingh/Projects/Vocal-X/data_pipeline/raw/mr/mr_004_S4257020900340702.flac,marathi,different_speaker,-0.5725807585627586
S4258178900302423,/Users/adityasingh/Projects/Vocal-X/data_pipeline/raw/ta/ta_002_S4258178900302423.flac,tamil,S4257020900340702,/Users/adityasingh/Projects/Vocal-X/data_pipeline/raw/mr/mr_005_S4257020900340702.flac,marathi,different_speaker,-0.5691917452963526
S4258178900302423,/Users/adityasingh/Projects/Vocal-X/data_pipeline/raw/ta/ta_002_S4258178900302423.flac,tamil,S4257020900340702,/Users/adityasingh/Projects/Vocal-X/data_pipeline/raw/mr/mr_006_S4257020900340702.flac,marathi,different_speaker,-0.5588638017982007
S4258178900302423,/Users/adityasingh/Projects/Vocal-X/data_pipeline/raw/ta/ta_002_S4258178900302423.flac,tamil,S4259734500395875,/Users/adityasingh/Projects/Vocal-X/data_pipeline/raw/mr/mr_007_S4259734500395875.flac,marathi,different_speaker,-0.1067684287799412
S4258178900302423,/Users/adityasingh/Projects/Vocal-X/data_pipeline/raw/ta/ta_002_S4258178900302423.flac,tamil,S4259734500395875,/Users/adityasingh/Projects/Vocal-X/data_pipeline/raw/mr/mr_008_S4259734500395875.flac,marathi,different_speaker,0.20845894894008313
S4258178900302423,/Users/adityasingh/Projects/Vocal-X/data_pipeline/raw/ta/ta_002_S4258178900302423.flac,tamil,S4259734500395875,/Users/adityasingh/Projects/Vocal-X/data_pipeline/raw/mr/mr_009_S4259734500395875.flac,marathi,different_speaker,0.31924285303510685
S4258178900302423,/Users/adityasingh/Projects/Vocal-X/data_pipeline/raw/ta/ta_002_S4258178900302423.flac,tamil,S4257242800308984,/Users/adityasingh/Projects/Vocal-X/data_pipeline/raw/mr/mr_010_S4257242800308984.flac,marathi,different_speaker,-0.06506901898716477
S4258178900302423,/Users/adityasingh/Projects/Vocal-X/data_pipeline/raw/ta/ta_002_S4258178900302423.flac,tamil,S4257242800308984,/Users/adityasingh/Projects/Vocal-X/data_pipeline/raw/mr/mr_011_S4257242800308984.flac,marathi,different_speaker,0.15167320090274952
S4258178900302423,/Users/adityasingh/Projects/Vocal-X/data_pipeline/raw/ta/ta_002_S4258178900302423.flac,tamil,S4257242800308984,/Users/adityasingh/Projects/Vocal-X/data_pipeline/raw/mr/mr_012_S4257242800308984.flac,marathi,different_speaker,-0.3098177582042729
S4258178900302423,/Users/adityasingh/Projects/Vocal-X/data_pipeline/raw/ta/ta_002_S4258178900302423.flac,tamil,S4258045600338732,/Users/adityasingh/Projects/Vocal-X/data_pipeline/raw/mr/mr_013_S4258045600338732.flac,marathi,different_speaker,0.08390019851439126
S4258178900302423,/Users/adityasingh/Projects/Vocal-X/data_pipeline/raw/ta/ta_002_S4258178900302423.flac,tamil,S4258045600338732,/Users/adityasingh/Projects/Vocal-X/data_pipeline/raw/mr/mr_014_S4258045600338732.flac,marathi,different_speaker,0.060415203277724865
S4258178900302423,/Users/adityasingh/Projects/Vocal-X/data_pipeline/raw/ta/ta_002_S4258178900302423.flac,tamil,S4258045600338732,/Users/adityasingh/Projects/Vocal-X/data_pipeline/raw/mr/mr_015_S4258045600338732.flac,marathi,different_speaker,0.24640369720911035
S4258178900302423,/Users/adityasingh/Projects/Vocal-X/data_pipeline/raw/ta/ta_003_S4258178900302423.flac,tamil,S4258116500302929,/Users/adityasingh/Projects/Vocal-X/data_pipeline/raw/ta/ta_004_S4258116500302929.flac,tamil,different_speaker,-0.5351307499843565
S4258178900302423,/Users/adityasingh/Projects/Vocal-X/data_pipeline/raw/ta/ta_003_S4258178900302423.flac,tamil,S4258116500302929,/Users/adityasingh/Projects/Vocal-X/data_pipeline/raw/ta/ta_005_S4258116500302929.flac,tamil,different_speaker,-0.5738841904711935
S4258178900302423,/Users/adityasingh/Projects/Vocal-X/data_pipeline/raw/ta/ta_003_S4258178900302423.flac,tamil,S4258116500302929,/Users/adityasingh/Projects/Vocal-X/data_pipeline/raw/ta/ta_006_S4258116500302929.flac,tamil,different_speaker,-0.5765774518492953
S4258178900302423,/Users/adityasingh/Projects/Vocal-X/data_pipeline/raw/ta/ta_003_S4258178900302423.flac,tamil,S4259940500370780,/Users/adityasingh/Projects/Vocal-X/data_pipeline/raw/ta/ta_007_S4259940500370780.flac,tamil,different_speaker,0.2519400655897878
S4258178900302423,/Users/adityasingh/Projects/Vocal-X/data_pipeline/raw/ta/ta_003_S4258178900302423.flac,tamil,S4259940500370780,/Users/adityasingh/Projects/Vocal-X/data_pipeline/raw/ta/ta_008_S4259940500370780.flac,tamil,different_speaker,0.06814233427142175
S4258178900302423,/Users/adityasingh/Projects/Vocal-X/data_pipeline/raw/ta/ta_003_S4258178900302423.flac,tamil,S4259940500370780,/Users/adityasingh/Projects/Vocal-X/data_pipeline/raw/ta/ta_009_S4259940500370780.flac,tamil,different_speaker,0.35676894643745505
S4258178900302423,/Users/adityasingh/Projects/Vocal-X/data_pipeline/raw/ta/ta_003_S4258178900302423.flac,tamil,S4256668200339016,/Users/adityasingh/Projects/Vocal-X/data_pipeline/raw/ta/ta_010_S4256668200339016.flac,tamil,different_speaker,-0.18118055699770738
S4258178900302423,/Users/adityasingh/Projects/Vocal-X/data_pipeline/raw/ta/ta_003_S4258178900302423.flac,tamil,S4256668200339016,/Users/adityasingh/Projects/Vocal-X/data_pipeline/raw/ta/ta_011_S4256668200339016.flac,tamil,different_speaker,-0.007240416016192802
S4258178900302423,/Users/adityasingh/Projects/Vocal-X/data_pipeline/raw/ta/ta_003_S4258178900302423.flac,tamil,S4256668200339016,/Users/adityasingh/Projects/Vocal-X/data_pipeline/raw/ta/ta_012_S4256668200339016.flac,tamil,different_speaker,-0.10389177388411337
S4258178900302423,/Users/adityasingh/Projects/Vocal-X/data_pipeline/raw/ta/ta_003_S4258178900302423.flac,tamil,S4259477200334929,/Users/adityasingh/Projects/Vocal-X/data_pipeline/raw/ta/ta_013_S4259477200334929.flac,tamil,different_speaker,-0.5113901503570301
S4258178900302423,/Users/adityasingh/Projects/Vocal-X/data_pipeline/raw/ta/ta_003_S4258178900302423.flac,tamil,S4259477200334929,/Users/adityasingh/Projects/Vocal-X/data_pipeline/raw/ta/ta_014_S4259477200334929.flac,tamil,different_speaker,-0.3940172574755999
S4258178900302423,/Users/adityasingh/Projects/Vocal-X/data_pipeline/raw/ta/ta_003_S4258178900302423.flac,tamil,S4259477200334929,/Users/adityasingh/Projects/Vocal-X/data_pipeline/raw/ta/ta_015_S4259477200334929.flac,tamil,different_speaker,-0.37147841241393503
S4258178900302423,/Users/adityasingh/Projects/Vocal-X/data_pipeline/raw/ta/ta_003_S4258178900302423.flac,tamil,S4257363100302319,/Users/adityasingh/Projects/Vocal-X/data_pipeline/raw/te/te_001_S4257363100302319.flac,telugu,different_speaker,-0.24798321211875612
S4258178900302423,/Users/adityasingh/Projects/Vocal-X/data_pipeline/raw/ta/ta_003_S4258178900302423.flac,tamil,S4257363100302319,/Users/adityasingh/Projects/Vocal-X/data_pipeline/raw/te/te_002_S4257363100302319.flac,telugu,different_speaker,-0.1407031443261274
S4258178900302423,/Users/adityasingh/Projects/Vocal-X/data_pipeline/raw/ta/ta_003_S4258178900302423.flac,tamil,S4257363100302319,/Users/adityasingh/Projects/Vocal-X/data_pipeline/raw/te/te_003_S4257363100302319.flac,telugu,different_speaker,-0.34084173173371646
S4258178900302423,/Users/adityasingh/Projects/Vocal-X/data_pipeline/raw/ta/ta_003_S4258178900302423.flac,tamil,S4259919200330829,/Users/adityasingh/Projects/Vocal-X/data_pipeline/raw/te/te_004_S4259919200330829.flac,telugu,different_speaker,0.3670895244411515
S4258178900302423,/Users/adityasingh/Projects/Vocal-X/data_pipeline/raw/ta/ta_003_S4258178900302423.flac,tamil,S4259919200330829,/Users/adityasingh/Projects/Vocal-X/data_pipeline/raw/te/te_005_S4259919200330829.flac,telugu,different_speaker,0.057062675134675625
S4258178900302423,/Users/adityasingh/Projects/Vocal-X/data_pipeline/raw/ta/ta_003_S4258178900302423.flac,tamil,S4259919200330829,/Users/adityasingh/Projects/Vocal-X/data_pipeline/raw/te/te_006_S4259919200330829.flac,telugu,different_speaker,0.2644184510325437
S4258178900302423,/Users/adityasingh/Projects/Vocal-X/data_pipeline/raw/ta/ta_003_S4258178900302423.flac,tamil,S4259557300391493,/Users/adityasingh/Projects/Vocal-X/data_pipeline/raw/te/te_007_S4259557300391493.flac,telugu,different_speaker,0.26926276526581044
S4258178900302423,/Users/adityasingh/Projects/Vocal-X/data_pipeline/raw/ta/ta_003_S4258178900302423.flac,tamil,S4259557300391493,/Users/adityasingh/Projects/Vocal-X/data_pipeline/raw/te/te_008_S4259557300391493.flac,telugu,different_speaker,0.4794222588906895
S4258178900302423,/Users/adityasingh/Projects/Vocal-X/data_pipeline/raw/ta/ta_003_S4258178900302423.flac,tamil,S4259557300391493,/Users/adityasingh/Projects/Vocal-X/data_pipeline/raw/te/te_009_S4259557300391493.flac,telugu,different_speaker,0.06615278659297463
S4258178900302423,/Users/adityasingh/Projects/Vocal-X/data_pipeline/raw/ta/ta_003_S4258178900302423.flac,tamil,S4259010000375320,/Users/adityasingh/Projects/Vocal-X/data_pipeline/raw/te/te_010_S4259010000375320.flac,telugu,different_speaker,0.2896741079883185
S4258178900302423,/Users/adityasingh/Projects/Vocal-X/data_pipeline/raw/ta/ta_003_S4258178900302423.flac,tamil,S4259010000375320,/Users/adityasingh/Projects/Vocal-X/data_pipeline/raw/te/te_011_S4259010000375320.flac,telugu,different_speaker,0.5370516423825612
S4258178900302423,/Users/adityasingh/Projects/Vocal-X/data_pipeline/raw/ta/ta_003_S4258178900302423.flac,tamil,S4259010000375320,/Users/adityasingh/Projects/Vocal-X/data_pipeline/raw/te/te_012_S4259010000375320.flac,telugu,different_speaker,0.22055236765490083
S4258178900302423,/Users/adityasingh/Projects/Vocal-X/data_pipeline/raw/ta/ta_003_S4258178900302423.flac,tamil,S4257321800337643,/Users/adityasingh/Projects/Vocal-X/data_pipeline/raw/te/te_013_S4257321800337643.flac,telugu,different_speaker,-0.20826093900751083
S4258178900302423,/Users/adityasingh/Projects/Vocal-X/data_pipeline/raw/ta/ta_003_S4258178900302423.flac,tamil,S4257321800337643,/Users/adityasingh/Projects/Vocal-X/data_pipeline/raw/te/te_014_S4257321800337643.flac,telugu,different_speaker,0.3119257437716987
S4258178900302423,/Users/adityasingh/Projects/Vocal-X/data_pipeline/raw/ta/ta_003_S4258178900302423.flac,tamil,S4257321800337643,/Users/adityasingh/Projects/Vocal-X/data_pipeline/raw/te/te_015_S4257321800337643.flac,telugu,different_speaker,0.06253419363760777
S4258178900302423,/Users/adityasingh/Projects/Vocal-X/data_pipeline/raw/ta/ta_003_S4258178900302423.flac,tamil,S4258725600395882,/Users/adityasingh/Projects/Vocal-X/data_pipeline/raw/mr/mr_001_S4258725600395882.flac,marathi,different_speaker,-0.2450017490479418
S4258178900302423,/Users/adityasingh/Projects/Vocal-X/data_pipeline/raw/ta/ta_003_S4258178900302423.flac,tamil,S4258725600395882,/Users/adityasingh/Projects/Vocal-X/data_pipeline/raw/mr/mr_002_S4258725600395882.flac,marathi,different_speaker,0.38112642756982673
S4258178900302423,/Users/adityasingh/Projects/Vocal-X/data_pipeline/raw/ta/ta_003_S4258178900302423.flac,tamil,S4258725600395882,/Users/adityasingh/Projects/Vocal-X/data_pipeline/raw/mr/mr_003_S4258725600395882.flac,marathi,different_speaker,0.2836686132504304
S4258178900302423,/Users/adityasingh/Projects/Vocal-X/data_pipeline/raw/ta/ta_003_S4258178900302423.flac,tamil,S4257020900340702,/Users/adityasingh/Projects/Vocal-X/data_pipeline/raw/mr/mr_004_S4257020900340702.flac,marathi,different_speaker,-0.6923178422647324
S4258178900302423,/Users/adityasingh/Projects/Vocal-X/data_pipeline/raw/ta/ta_003_S4258178900302423.flac,tamil,S4257020900340702,/Users/adityasingh/Projects/Vocal-X/data_pipeline/raw/mr/mr_005_S4257020900340702.flac,marathi,different_speaker,-0.6548276663219755
S4258178900302423,/Users/adityasingh/Projects/Vocal-X/data_pipeline/raw/ta/ta_003_S4258178900302423.flac,tamil,S4257020900340702,/Users/adityasingh/Projects/Vocal-X/data_pipeline/raw/mr/mr_006_S4257020900340702.flac,marathi,different_speaker,-0.5977596405017216
S4258178900302423,/Users/adityasingh/Projects/Vocal-X/data_pipeline/raw/ta/ta_003_S4258178900302423.flac,tamil,S4259734500395875,/Users/adityasingh/Projects/Vocal-X/data_pipeline/raw/mr/mr_007_S4259734500395875.flac,marathi,different_speaker,-0.09514025870632513
S4258178900302423,/Users/adityasingh/Projects/Vocal-X/data_pipeline/raw/ta/ta_003_S4258178900302423.flac,tamil,S4259734500395875,/Users/adityasingh/Projects/Vocal-X/data_pipeline/raw/mr/mr_008_S4259734500395875.flac,marathi,different_speaker,0.23657794983098035
S4258178900302423,/Users/adityasingh/Projects/Vocal-X/data_pipeline/raw/ta/ta_003_S4258178900302423.flac,tamil,S4259734500395875,/Users/adityasingh/Projects/Vocal-X/data_pipeline/raw/mr/mr_009_S4259734500395875.flac,marathi,different_speaker,0.36944396810919417
S4258178900302423,/Users/adityasingh/Projects/Vocal-X/data_pipeline/raw/ta/ta_003_S4258178900302423.flac,tamil,S4257242800308984,/Users/adityasingh/Projects/Vocal-X/data_pipeline/raw/mr/mr_010_S4257242800308984.flac,marathi,different_speaker,-0.12538198348832033
S4258178900302423,/Users/adityasingh/Projects/Vocal-X/data_pipeline/raw/ta/ta_003_S4258178900302423.flac,tamil,S4257242800308984,/Users/adityasingh/Projects/Vocal-X/data_pipeline/raw/mr/mr_011_S4257242800308984.flac,marathi,different_speaker,0.19673327468978571
S4258178900302423,/Users/adityasingh/Projects/Vocal-X/data_pipeline/raw/ta/ta_003_S4258178900302423.flac,tamil,S4257242800308984,/Users/adityasingh/Projects/Vocal-X/data_pipeline/raw/mr/mr_012_S4257242800308984.flac,marathi,different_speaker,-0.20588453154714856
S4258178900302423,/Users/adityasingh/Projects/Vocal-X/data_pipeline/raw/ta/ta_003_S4258178900302423.flac,tamil,S4258045600338732,/Users/adityasingh/Projects/Vocal-X/data_pipeline/raw/mr/mr_013_S4258045600338732.flac,marathi,different_speaker,-0.05370371924872717
S4258178900302423,/Users/adityasingh/Projects/Vocal-X/data_pipeline/raw/ta/ta_003_S4258178900302423.flac,tamil,S4258045600338732,/Users/adityasingh/Projects/Vocal-X/data_pipeline/raw/mr/mr_014_S4258045600338732.flac,marathi,different_speaker,-0.09144999060278244
S4258178900302423,/Users/adityasingh/Projects/Vocal-X/data_pipeline/raw/ta/ta_003_S4258178900302423.flac,tamil,S4258045600338732,/Users/adityasingh/Projects/Vocal-X/data_pipeline/raw/mr/mr_015_S4258045600338732.flac,marathi,different_speaker,0.16861515469554017
S4258116500302929,/Users/adityasingh/Projects/Vocal-X/data_pipeline/raw/ta/ta_004_S4258116500302929.flac,tamil,S4258116500302929,/Users/adityasingh/Projects/Vocal-X/data_pipeline/raw/ta/ta_005_S4258116500302929.flac,tamil,same_speaker,0.8797802601257722
S4258116500302929,/Users/adityasingh/Projects/Vocal-X/data_pipeline/raw/ta/ta_004_S4258116500302929.flac,tamil,S4258116500302929,/Users/adityasingh/Projects/Vocal-X/data_pipeline/raw/ta/ta_006_S4258116500302929.flac,tamil,same_speaker,0.9023088270023966
S4258116500302929,/Users/adityasingh/Projects/Vocal-X/data_pipeline/raw/ta/ta_004_S4258116500302929.flac,tamil,S4259940500370780,/Users/adityasingh/Projects/Vocal-X/data_pipeline/raw/ta/ta_007_S4259940500370780.flac,tamil,different_speaker,-0.03132717963254571
S4258116500302929,/Users/adityasingh/Projects/Vocal-X/data_pipeline/raw/ta/ta_004_S4258116500302929.flac,tamil,S4259940500370780,/Users/adityasingh/Projects/Vocal-X/data_pipeline/raw/ta/ta_008_S4259940500370780.flac,tamil,different_speaker,-0.11095864028633974
S4258116500302929,/Users/adityasingh/Projects/Vocal-X/data_pipeline/raw/ta/ta_004_S4258116500302929.flac,tamil,S4259940500370780,/Users/adityasingh/Projects/Vocal-X/data_pipeline/raw/ta/ta_009_S4259940500370780.flac,tamil,different_speaker,-0.5266214807964336
S4258116500302929,/Users/adityasingh/Projects/Vocal-X/data_pipeline/raw/ta/ta_004_S4258116500302929.flac,tamil,S4256668200339016,/Users/adityasingh/Projects/Vocal-X/data_pipeline/raw/ta/ta_010_S4256668200339016.flac,tamil,different_speaker,-0.027994636812829495
S4258116500302929,/Users/adityasingh/Projects/Vocal-X/data_pipeline/raw/ta/ta_004_S4258116500302929.flac,tamil,S4256668200339016,/Users/adityasingh/Projects/Vocal-X/data_pipeline/raw/ta/ta_011_S4256668200339016.flac,tamil,different_speaker,-0.0057028504345084385
S4258116500302929,/Users/adityasingh/Projects/Vocal-X/data_pipeline/raw/ta/ta_004_S4258116500302929.flac,tamil,S4256668200339016,/Users/adityasingh/Projects/Vocal-X/data_pipeline/raw/ta/ta_012_S4256668200339016.flac,tamil,different_speaker,-0.06525915864912206
S4258116500302929,/Users/adityasingh/Projects/Vocal-X/data_pipeline/raw/ta/ta_004_S4258116500302929.flac,tamil,S4259477200334929,/Users/adityasingh/Projects/Vocal-X/data_pipeline/raw/ta/ta_013_S4259477200334929.flac,tamil,different_speaker,0.29178858021680826
S4258116500302929,/Users/adityasingh/Projects/Vocal-X/data_pipeline/raw/ta/ta_004_S4258116500302929.flac,tamil,S4259477200334929,/Users/adityasingh/Projects/Vocal-X/data_pipeline/raw/ta/ta_014_S4259477200334929.flac,tamil,different_speaker,0.2801522710585151
S4258116500302929,/Users/adityasingh/Projects/Vocal-X/data_pipeline/raw/ta/ta_004_S4258116500302929.flac,tamil,S4259477200334929,/Users/adityasingh/Projects/Vocal-X/data_pipeline/raw/ta/ta_015_S4259477200334929.flac,tamil,different_speaker,0.19716140169783405
S4258116500302929,/Users/adityasingh/Projects/Vocal-X/data_pipeline/raw/ta/ta_004_S4258116500302929.flac,tamil,S4257363100302319,/Users/adityasingh/Projects/Vocal-X/data_pipeline/raw/te/te_001_S4257363100302319.flac,telugu,different_speaker,0.15893261069634304
S4258116500302929,/Users/adityasingh/Projects/Vocal-X/data_pipeline/raw/ta/ta_004_S4258116500302929.flac,tamil,S4257363100302319,/Users/adityasingh/Projects/Vocal-X/data_pipeline/raw/te/te_002_S4257363100302319.flac,telugu,different_speaker,0.21254645060063296
S4258116500302929,/Users/adityasingh/Projects/Vocal-X/data_pipeline/raw/ta/ta_004_S4258116500302929.flac,tamil,S4257363100302319,/Users/adityasingh/Projects/Vocal-X/data_pipeline/raw/te/te_003_S4257363100302319.flac,telugu,different_speaker,0.060765104402260815
S4258116500302929,/Users/adityasingh/Projects/Vocal-X/data_pipeline/raw/ta/ta_004_S4258116500302929.flac,tamil,S4259919200330829,/Users/adityasingh/Projects/Vocal-X/data_pipeline/raw/te/te_004_S4259919200330829.flac,telugu,different_speaker,-0.43364395836104647
S4258116500302929,/Users/adityasingh/Projects/Vocal-X/data_pipeline/raw/ta/ta_004_S4258116500302929.flac,tamil,S4259919200330829,/Users/adityasingh/Projects/Vocal-X/data_pipeline/raw/te/te_005_S4259919200330829.flac,telugu,different_speaker,-0.17338565547829493
S4258116500302929,/Users/adityasingh/Projects/Vocal-X/data_pipeline/raw/ta/ta_004_S4258116500302929.flac,tamil,S4259919200330829,/Users/adityasingh/Projects/Vocal-X/data_pipeline/raw/te/te_006_S4259919200330829.flac,telugu,different_speaker,-0.3384495917794249
S4258116500302929,/Users/adityasingh/Projects/Vocal-X/data_pipeline/raw/ta/ta_004_S4258116500302929.flac,tamil,S4259557300391493,/Users/adityasingh/Projects/Vocal-X/data_pipeline/raw/te/te_007_S4259557300391493.flac,telugu,different_speaker,-0.6119935686280276
S4258116500302929,/Users/adityasingh/Projects/Vocal-X/data_pipeline/raw/ta/ta_004_S4258116500302929.flac,tamil,S4259557300391493,/Users/adityasingh/Projects/Vocal-X/data_pipeline/raw/te/te_008_S4259557300391493.flac,telugu,different_speaker,-0.6063139718005235
S4258116500302929,/Users/adityasingh/Projects/Vocal-X/data_pipeline/raw/ta/ta_004_S4258116500302929.flac,tamil,S4259557300391493,/Users/adityasingh/Projects/Vocal-X/data_pipeline/raw/te/te_009_S4259557300391493.flac,telugu,different_speaker,0.17325771079874452
S4258116500302929,/Users/adityasingh/Projects/Vocal-X/data_pipeline/raw/ta/ta_004_S4258116500302929.flac,tamil,S4259010000375320,/Users/adityasingh/Projects/Vocal-X/data_pipeline/raw/te/te_010_S4259010000375320.flac,telugu,different_speaker,-0.6339345442455407
S4258116500302929,/Users/adityasingh/Projects/Vocal-X/data_pipeline/raw/ta/ta_004_S4258116500302929.flac,tamil,S4259010000375320,/Users/adityasingh/Projects/Vocal-X/data_pipeline/raw/te/te_011_S4259010000375320.flac,telugu,different_speaker,-0.7422676912258286
S4258116500302929,/Users/adityasingh/Projects/Vocal-X/data_pipeline/raw/ta/ta_004_S4258116500302929.flac,tamil,S4259010000375320,/Users/adityasingh/Projects/Vocal-X/data_pipeline/raw/te/te_012_S4259010000375320.flac,telugu,different_speaker,-0.6660672851604222
S4258116500302929,/Users/adityasingh/Projects/Vocal-X/data_pipeline/raw/ta/ta_004_S4258116500302929.flac,tamil,S4257321800337643,/Users/adityasingh/Projects/Vocal-X/data_pipeline/raw/te/te_013_S4257321800337643.flac,telugu,different_speaker,-0.10880299141962965
S4258116500302929,/Users/adityasingh/Projects/Vocal-X/data_pipeline/raw/ta/ta_004_S4258116500302929.flac,tamil,S4257321800337643,/Users/adityasingh/Projects/Vocal-X/data_pipeline/raw/te/te_014_S4257321800337643.flac,telugu,different_speaker,-0.2910896464178896
S4258116500302929,/Users/adityasingh/Projects/Vocal-X/data_pipeline/raw/ta/ta_004_S4258116500302929.flac,tamil,S4257321800337643,/Users/adityasingh/Projects/Vocal-X/data_pipeline/raw/te/te_015_S4257321800337643.flac,telugu,different_speaker,-0.28917893001314393
S4258116500302929,/Users/adityasingh/Projects/Vocal-X/data_pipeline/raw/ta/ta_004_S4258116500302929.flac,tamil,S4258725600395882,/Users/adityasingh/Projects/Vocal-X/data_pipeline/raw/mr/mr_001_S4258725600395882.flac,marathi,different_speaker,0.5379947966061417
S4258116500302929,/Users/adityasingh/Projects/Vocal-X/data_pipeline/raw/ta/ta_004_S4258116500302929.flac,tamil,S4258725600395882,/Users/adityasingh/Projects/Vocal-X/data_pipeline/raw/mr/mr_002_S4258725600395882.flac,marathi,different_speaker,-0.10122477723889443
S4258116500302929,/Users/adityasingh/Projects/Vocal-X/data_pipeline/raw/ta/ta_004_S4258116500302929.flac,tamil,S4258725600395882,/Users/adityasingh/Projects/Vocal-X/data_pipeline/raw/mr/mr_003_S4258725600395882.flac,marathi,different_speaker,-0.4607797659819581
S4258116500302929,/Users/adityasingh/Projects/Vocal-X/data_pipeline/raw/ta/ta_004_S4258116500302929.flac,tamil,S4257020900340702,/Users/adityasingh/Projects/Vocal-X/data_pipeline/raw/mr/mr_004_S4257020900340702.flac,marathi,different_speaker,0.3709817338267882
S4258116500302929,/Users/adityasingh/Projects/Vocal-X/data_pipeline/raw/ta/ta_004_S4258116500302929.flac,tamil,S4257020900340702,/Users/adityasingh/Projects/Vocal-X/data_pipeline/raw/mr/mr_005_S4257020900340702.flac,marathi,different_speaker,0.4002409800342987
S4258116500302929,/Users/adityasingh/Projects/Vocal-X/data_pipeline/raw/ta/ta_004_S4258116500302929.flac,tamil,S4257020900340702,/Users/adityasingh/Projects/Vocal-X/data_pipeline/raw/mr/mr_006_S4257020900340702.flac,marathi,different_speaker,0.35358148470959544
S4258116500302929,/Users/adityasingh/Projects/Vocal-X/data_pipeline/raw/ta/ta_004_S4258116500302929.flac,tamil,S4259734500395875,/Users/adityasingh/Projects/Vocal-X/data_pipeline/raw/mr/mr_007_S4259734500395875.flac,marathi,different_speaker,0.20001216487835474
S4258116500302929,/Users/adityasingh/Projects/Vocal-X/data_pipeline/raw/ta/ta_004_S4258116500302929.flac,tamil,S4259734500395875,/Users/adityasingh/Projects/Vocal-X/data_pipeline/raw/mr/mr_008_S4259734500395875.flac,marathi,different_speaker,-0.39586651159083747
S4258116500302929,/Users/adityasingh/Projects/Vocal-X/data_pipeline/raw/ta/ta_004_S4258116500302929.flac,tamil,S4259734500395875,/Users/adityasingh/Projects/Vocal-X/data_pipeline/raw/mr/mr_009_S4259734500395875.flac,marathi,different_speaker,-0.36844793034572465
S4258116500302929,/Users/adityasingh/Projects/Vocal-X/data_pipeline/raw/ta/ta_004_S4258116500302929.flac,tamil,S4257242800308984,/Users/adityasingh/Projects/Vocal-X/data_pipeline/raw/mr/mr_010_S4257242800308984.flac,marathi,different_speaker,-0.11560135527241627
S4258116500302929,/Users/adityasingh/Projects/Vocal-X/data_pipeline/raw/ta/ta_004_S4258116500302929.flac,tamil,S4257242800308984,/Users/adityasingh/Projects/Vocal-X/data_pipeline/raw/mr/mr_011_S4257242800308984.flac,marathi,different_speaker,-0.08557758600019699
S4258116500302929,/Users/adityasingh/Projects/Vocal-X/data_pipeline/raw/ta/ta_004_S4258116500302929.flac,tamil,S4257242800308984,/Users/adityasingh/Projects/Vocal-X/data_pipeline/raw/mr/mr_012_S4257242800308984.flac,marathi,different_speaker,0.5852816285700938
S4258116500302929,/Users/adityasingh/Projects/Vocal-X/data_pipeline/raw/ta/ta_004_S4258116500302929.flac,tamil,S4258045600338732,/Users/adityasingh/Projects/Vocal-X/data_pipeline/raw/mr/mr_013_S4258045600338732.flac,marathi,different_speaker,-0.22661992329718667
S4258116500302929,/Users/adityasingh/Projects/Vocal-X/data_pipeline/raw/ta/ta_004_S4258116500302929.flac,tamil,S4258045600338732,/Users/adityasingh/Projects/Vocal-X/data_pipeline/raw/mr/mr_014_S4258045600338732.flac,marathi,different_speaker,-0.2336165834594176
S4258116500302929,/Users/adityasingh/Projects/Vocal-X/data_pipeline/raw/ta/ta_004_S4258116500302929.flac,tamil,S4258045600338732,/Users/adityasingh/Projects/Vocal-X/data_pipeline/raw/mr/mr_015_S4258045600338732.flac,marathi,different_speaker,-0.20875756025679792
S4258116500302929,/Users/adityasingh/Projects/Vocal-X/data_pipeline/raw/ta/ta_005_S4258116500302929.flac,tamil,S4258116500302929,/Users/adityasingh/Projects/Vocal-X/data_pipeline/raw/ta/ta_006_S4258116500302929.flac,tamil,same_speaker,0.9206394039512714
S4258116500302929,/Users/adityasingh/Projects/Vocal-X/data_pipeline/raw/ta/ta_005_S4258116500302929.flac,tamil,S4259940500370780,/Users/adityasingh/Projects/Vocal-X/data_pipeline/raw/ta/ta_007_S4259940500370780.flac,tamil,different_speaker,-0.09325642094161797
S4258116500302929,/Users/adityasingh/Projects/Vocal-X/data_pipeline/raw/ta/ta_005_S4258116500302929.flac,tamil,S4259940500370780,/Users/adityasingh/Projects/Vocal-X/data_pipeline/raw/ta/ta_008_S4259940500370780.flac,tamil,different_speaker,-0.08198536734464788
S4258116500302929,/Users/adityasingh/Projects/Vocal-X/data_pipeline/raw/ta/ta_005_S4258116500302929.flac,tamil,S4259940500370780,/Users/adityasingh/Projects/Vocal-X/data_pipeline/raw/ta/ta_009_S4259940500370780.flac,tamil,different_speaker,-0.5203717847078341
S4258116500302929,/Users/adityasingh/Projects/Vocal-X/data_pipeline/raw/ta/ta_005_S4258116500302929.flac,tamil,S4256668200339016,/Users/adityasingh/Projects/Vocal-X/data_pipeline/raw/ta/ta_010_S4256668200339016.flac,tamil,different_speaker,-0.06215871026443766
S4258116500302929,/Users/adityasingh/Projects/Vocal-X/data_pipeline/raw/ta/ta_005_S4258116500302929.flac,tamil,S4256668200339016,/Users/adityasingh/Projects/Vocal-X/data_pipeline/raw/ta/ta_011_S4256668200339016.flac,tamil,different_speaker,-0.08802052814565485
S4258116500302929,/Users/adityasingh/Projects/Vocal-X/data_pipeline/raw/ta/ta_005_S4258116500302929.flac,tamil,S4256668200339016,/Users/adityasingh/Projects/Vocal-X/data_pipeline/raw/ta/ta_012_S4256668200339016.flac,tamil,different_speaker,-0.08482898100918707
S4258116500302929,/Users/adityasingh/Projects/Vocal-X/data_pipeline/raw/ta/ta_005_S4258116500302929.flac,tamil,S4259477200334929,/Users/adityasingh/Projects/Vocal-X/data_pipeline/raw/ta/ta_013_S4259477200334929.flac,tamil,different_speaker,0.3203252268853348
S4258116500302929,/Users/adityasingh/Projects/Vocal-X/data_pipeline/raw/ta/ta_005_S4258116500302929.flac,tamil,S4259477200334929,/Users/adityasingh/Projects/Vocal-X/data_pipeline/raw/ta/ta_014_S4259477200334929.flac,tamil,different_speaker,0.30645319675106947
S4258116500302929,/Users/adityasingh/Projects/Vocal-X/data_pipeline/raw/ta/ta_005_S4258116500302929.flac,tamil,S4259477200334929,/Users/adityasingh/Projects/Vocal-X/data_pipeline/raw/ta/ta_015_S4259477200334929.flac,tamil,different_speaker,0.16978019817314982
S4258116500302929,/Users/adityasingh/Projects/Vocal-X/data_pipeline/raw/ta/ta_005_S4258116500302929.flac,tamil,S4257363100302319,/Users/adityasingh/Projects/Vocal-X/data_pipeline/raw/te/te_001_S4257363100302319.flac,telugu,different_speaker,0.07514300210130015
S4258116500302929,/Users/adityasingh/Projects/Vocal-X/data_pipeline/raw/ta/ta_005_S4258116500302929.flac,tamil,S4257363100302319,/Users/adityasingh/Projects/Vocal-X/data_pipeline/raw/te/te_002_S4257363100302319.flac,telugu,different_speaker,0.22619431169774906
S4258116500302929,/Users/adityasingh/Projects/Vocal-X/data_pipeline/raw/ta/ta_005_S4258116500302929.flac,tamil,S4257363100302319,/Users/adityasingh/Projects/Vocal-X/data_pipeline/raw/te/te_003_S4257363100302319.flac,telugu,different_speaker,0.24751387801129532
S4258116500302929,/Users/adityasingh/Projects/Vocal-X/data_pipeline/raw/ta/ta_005_S4258116500302929.flac,tamil,S4259919200330829,/Users/adityasingh/Projects/Vocal-X/data_pipeline/raw/te/te_004_S4259919200330829.flac,telugu,different_speaker,-0.3566142273275645
S4258116500302929,/Users/adityasingh/Projects/Vocal-X/data_pipeline/raw/ta/ta_005_S4258116500302929.flac,tamil,S4259919200330829,/Users/adityasingh/Projects/Vocal-X/data_pipeline/raw/te/te_005_S4259919200330829.flac,telugu,different_speaker,0.10283197141256505
S4258116500302929,/Users/adityasingh/Projects/Vocal-X/data_pipeline/raw/ta/ta_005_S4258116500302929.flac,tamil,S4259919200330829,/Users/adityasingh/Projects/Vocal-X/data_pipeline/raw/te/te_006_S4259919200330829.flac,telugu,different_speaker,-0.2934421913338249
S4258116500302929,/Users/adityasingh/Projects/Vocal-X/data_pipeline/raw/ta/ta_005_S4258116500302929.flac,tamil,S4259557300391493,/Users/adityasingh/Projects/Vocal-X/data_pipeline/raw/te/te_007_S4259557300391493.flac,telugu,different_speaker,-0.629838924379423
S4258116500302929,/Users/adityasingh/Projects/Vocal-X/data_pipeline/raw/ta/ta_005_S4258116500302929.flac,tamil,S4259557300391493,/Users/adityasingh/Projects/Vocal-X/data_pipeline/raw/te/te_008_S4259557300391493.flac,telugu,different_speaker,-0.6829747217019786
S4258116500302929,/Users/adityasingh/Projects/Vocal-X/data_pipeline/raw/ta/ta_005_S4258116500302929.flac,tamil,S4259557300391493,/Users/adityasingh/Projects/Vocal-X/data_pipeline/raw/te/te_009_S4259557300391493.flac,telugu,different_speaker,0.04167542157484342
S4258116500302929,/Users/adityasingh/Projects/Vocal-X/data_pipeline/raw/ta/ta_005_S4258116500302929.flac,tamil,S4259010000375320,/Users/adityasingh/Projects/Vocal-X/data_pipeline/raw/te/te_010_S4259010000375320.flac,telugu,different_speaker,-0.728810278840983
S4258116500302929,/Users/adityasingh/Projects/Vocal-X/data_pipeline/raw/ta/ta_005_S4258116500302929.flac,tamil,S4259010000375320,/Users/adityasingh/Projects/Vocal-X/data_pipeline/raw/te/te_011_S4259010000375320.flac,telugu,different_speaker,-0.8525682349088676
S4258116500302929,/Users/adityasingh/Projects/Vocal-X/data_pipeline/raw/ta/ta_005_S4258116500302929.flac,tamil,S4259010000375320,/Users/adityasingh/Projects/Vocal-X/data_pipeline/raw/te/te_012_S4259010000375320.flac,telugu,different_speaker,-0.7477836668737161
S4258116500302929,/Users/adityasingh/Projects/Vocal-X/data_pipeline/raw/ta/ta_005_S4258116500302929.flac,tamil,S4257321800337643,/Users/adityasingh/Projects/Vocal-X/data_pipeline/raw/te/te_013_S4257321800337643.flac,telugu,different_speaker,-0.20211503350733456
S4258116500302929,/Users/adityasingh/Projects/Vocal-X/data_pipeline/raw/ta/ta_005_S4258116500302929.flac,tamil,S4257321800337643,/Users/adityasingh/Projects/Vocal-X/data_pipeline/raw/te/te_014_S4257321800337643.flac,telugu,different_speaker,-0.338023436969807
S4258116500302929,/Users/adityasingh/Projects/Vocal-X/data_pipeline/raw/ta/ta_005_S4258116500302929.flac,tamil,S4257321800337643,/Users/adityasingh/Projects/Vocal-X/data_pipeline/raw/te/te_015_S4257321800337643.flac,telugu,different_speaker,-0.2984168203155245
S4258116500302929,/Users/adityasingh/Projects/Vocal-X/data_pipeline/raw/ta/ta_005_S4258116500302929.flac,tamil,S4258725600395882,/Users/adityasingh/Projects/Vocal-X/data_pipeline/raw/mr/mr_001_S4258725600395882.flac,marathi,different_speaker,0.389995134727737
S4258116500302929,/Users/adityasingh/Projects/Vocal-X/data_pipeline/raw/ta/ta_005_S4258116500302929.flac,tamil,S4258725600395882,/Users/adityasingh/Projects/Vocal-X/data_pipeline/raw/mr/mr_002_S4258725600395882.flac,marathi,different_speaker,-0.16270161013764048
S4258116500302929,/Users/adityasingh/Projects/Vocal-X/data_pipeline/raw/ta/ta_005_S4258116500302929.flac,tamil,S4258725600395882,/Users/adityasingh/Projects/Vocal-X/data_pipeline/raw/mr/mr_003_S4258725600395882.flac,marathi,different_speaker,-0.4168041556029484
S4258116500302929,/Users/adityasingh/Projects/Vocal-X/data_pipeline/raw/ta/ta_005_S4258116500302929.flac,tamil,S4257020900340702,/Users/adityasingh/Projects/Vocal-X/data_pipeline/raw/mr/mr_004_S4257020900340702.flac,marathi,different_speaker,0.3335927778584553
S4258116500302929,/Users/adityasingh/Projects/Vocal-X/data_pipeline/raw/ta/ta_005_S4258116500302929.flac,tamil,S4257020900340702,/Users/adityasingh/Projects/Vocal-X/data_pipeline/raw/mr/mr_005_S4257020900340702.flac,marathi,different_speaker,0.39420790250660986
S4258116500302929,/Users/adityasingh/Projects/Vocal-X/data_pipeline/raw/ta/ta_005_S4258116500302929.flac,tamil,S4257020900340702,/Users/adityasingh/Projects/Vocal-X/data_pipeline/raw/mr/mr_006_S4257020900340702.flac,marathi,different_speaker,0.4345486681025182
S4258116500302929,/Users/adityasingh/Projects/Vocal-X/data_pipeline/raw/ta/ta_005_S4258116500302929.flac,tamil,S4259734500395875,/Users/adityasingh/Projects/Vocal-X/data_pipeline/raw/mr/mr_007_S4259734500395875.flac,marathi,different_speaker,-0.005534188033760212
S4258116500302929,/Users/adityasingh/Projects/Vocal-X/data_pipeline/raw/ta/ta_005_S4258116500302929.flac,tamil,S4259734500395875,/Users/adityasingh/Projects/Vocal-X/data_pipeline/raw/mr/mr_008_S4259734500395875.flac,marathi,different_speaker,-0.41988449942319633
S4258116500302929,/Users/adityasingh/Projects/Vocal-X/data_pipeline/raw/ta/ta_005_S4258116500302929.flac,tamil,S4259734500395875,/Users/adityasingh/Projects/Vocal-X/data_pipeline/raw/mr/mr_009_S4259734500395875.flac,marathi,different_speaker,-0.4286354253596558
S4258116500302929,/Users/adityasingh/Projects/Vocal-X/data_pipeline/raw/ta/ta_005_S4258116500302929.flac,tamil,S4257242800308984,/Users/adityasingh/Projects/Vocal-X/data_pipeline/raw/mr/mr_010_S4257242800308984.flac,marathi,different_speaker,-0.22941426679430066
S4258116500302929,/Users/adityasingh/Projects/Vocal-X/data_pipeline/raw/ta/ta_005_S4258116500302929.flac,tamil,S4257242800308984,/Users/adityasingh/Projects/Vocal-X/data_pipeline/raw/mr/mr_011_S4257242800308984.flac,marathi,different_speaker,-0.1754609856956796
S4258116500302929,/Users/adityasingh/Projects/Vocal-X/data_pipeline/raw/ta/ta_005_S4258116500302929.flac,tamil,S4257242800308984,/Users/adityasingh/Projects/Vocal-X/data_pipeline/raw/mr/mr_012_S4257242800308984.flac,marathi,different_speaker,0.5552675302884172
S4258116500302929,/Users/adityasingh/Projects/Vocal-X/data_pipeline/raw/ta/ta_005_S4258116500302929.flac,tamil,S4258045600338732,/Users/adityasingh/Projects/Vocal-X/data_pipeline/raw/mr/mr_013_S4258045600338732.flac,marathi,different_speaker,-0.39299663843309945
S4258116500302929,/Users/adityasingh/Projects/Vocal-X/data_pipeline/raw/ta/ta_005_S4258116500302929.flac,tamil,S4258045600338732,/Users/adityasingh/Projects/Vocal-X/data_pipeline/raw/mr/mr_014_S4258045600338732.flac,marathi,different_speaker,-0.3017466838024661
S4258116500302929,/Users/adityasingh/Projects/Vocal-X/data_pipeline/raw/ta/ta_005_S4258116500302929.flac,tamil,S4258045600338732,/Users/adityasingh/Projects/Vocal-X/data_pipeline/raw/mr/mr_015_S4258045600338732.flac,marathi,different_speaker,-0.30835519779312914
S4258116500302929,/Users/adityasingh/Projects/Vocal-X/data_pipeline/raw/ta/ta_006_S4258116500302929.flac,tamil,S4259940500370780,/Users/adityasingh/Projects/Vocal-X/data_pipeline/raw/ta/ta_007_S4259940500370780.flac,tamil,different_speaker,0.04857134379315948
S4258116500302929,/Users/adityasingh/Projects/Vocal-X/data_pipeline/raw/ta/ta_006_S4258116500302929.flac,tamil,S4259940500370780,/Users/adityasingh/Projects/Vocal-X/data_pipeline/raw/ta/ta_008_S4259940500370780.flac,tamil,different_speaker,-0.0328220998523667
S4258116500302929,/Users/adityasingh/Projects/Vocal-X/data_pipeline/raw/ta/ta_006_S4258116500302929.flac,tamil,S4259940500370780,/Users/adityasingh/Projects/Vocal-X/data_pipeline/raw/ta/ta_009_S4259940500370780.flac,tamil,different_speaker,-0.4122299103149895
S4258116500302929,/Users/adityasingh/Projects/Vocal-X/data_pipeline/raw/ta/ta_006_S4258116500302929.flac,tamil,S4256668200339016,/Users/adityasingh/Projects/Vocal-X/data_pipeline/raw/ta/ta_010_S4256668200339016.flac,tamil,different_speaker,-0.15819258474357425
S4258116500302929,/Users/adityasingh/Projects/Vocal-X/data_pipeline/raw/ta/ta_006_S4258116500302929.flac,tamil,S4256668200339016,/Users/adityasingh/Projects/Vocal-X/data_pipeline/raw/ta/ta_011_S4256668200339016.flac,tamil,different_speaker,-0.1512866575424654
S4258116500302929,/Users/adityasingh/Projects/Vocal-X/data_pipeline/raw/ta/ta_006_S4258116500302929.flac,tamil,S4256668200339016,/Users/adityasingh/Projects/Vocal-X/data_pipeline/raw/ta/ta_012_S4256668200339016.flac,tamil,different_speaker,-0.16928502336385456
S4258116500302929,/Users/adityasingh/Projects/Vocal-X/data_pipeline/raw/ta/ta_006_S4258116500302929.flac,tamil,S4259477200334929,/Users/adityasingh/Projects/Vocal-X/data_pipeline/raw/ta/ta_013_S4259477200334929.flac,tamil,different_speaker,0.2774627833800471
S4258116500302929,/Users/adityasingh/Projects/Vocal-X/data_pipeline/raw/ta/ta_006_S4258116500302929.flac,tamil,S4259477200334929,/Users/adityasingh/Projects/Vocal-X/data_pipeline/raw/ta/ta_014_S4259477200334929.flac,tamil,different_speaker,0.24796083762306412
S4258116500302929,/Users/adityasingh/Projects/Vocal-X/data_pipeline/raw/ta/ta_006_S4258116500302929.flac,tamil,S4259477200334929,/Users/adityasingh/Projects/Vocal-X/data_pipeline/raw/ta/ta_015_S4259477200334929.flac,tamil,different_speaker,0.10915055716518746
S4258116500302929,/Users/adityasingh/Projects/Vocal-X/data_pipeline/raw/ta/ta_006_S4258116500302929.flac,tamil,S4257363100302319,/Users/adityasingh/Projects/Vocal-X/data_pipeline/raw/te/te_001_S4257363100302319.flac,telugu,different_speaker,0.1573914698377042
S4258116500302929,/Users/adityasingh/Projects/Vocal-X/data_pipeline/raw/ta/ta_006_S4258116500302929.flac,tamil,S4257363100302319,/Users/adityasingh/Projects/Vocal-X/data_pipeline/raw/te/te_002_S4257363100302319.flac,telugu,different_speaker,0.18241753638620833
S4258116500302929,/Users/adityasingh/Projects/Vocal-X/data_pipeline/raw/ta/ta_006_S4258116500302929.flac,tamil,S4257363100302319,/Users/adityasingh/Projects/Vocal-X/data_pipeline/raw/te/te_003_S4257363100302319.flac,telugu,different_speaker,0.19706915362650723
S4258116500302929,/Users/adityasingh/Projects/Vocal-X/data_pipeline/raw/ta/ta_006_S4258116500302929.flac,tamil,S4259919200330829,/Users/adityasingh/Projects/Vocal-X/data_pipeline/raw/te/te_004_S4259919200330829.flac,telugu,different_speaker,-0.2684301107464639
S4258116500302929,/Users/adityasingh/Projects/Vocal-X/data_pipeline/raw/ta/ta_006_S4258116500302929.flac,tamil,S4259919200330829,/Users/adityasingh/Projects/Vocal-X/data_pipeline/raw/te/te_005_S4259919200330829.flac,telugu,different_speaker,0.05862154549359036
S4258116500302929,/Users/adityasingh/Projects/Vocal-X/data_pipeline/raw/ta/ta_006_S4258116500302929.flac,tamil,S4259919200330829,/Users/adityasingh/Projects/Vocal-X/data_pipeline/raw/te/te_006_S4259919200330829.flac,telugu,different_speaker,-0.23813328008913287
S4258116500302929,/Users/adityasingh/Projects/Vocal-X/data_pipeline/raw/ta/ta_006_S4258116500302929.flac,tamil,S4259557300391493,/Users/adityasingh/Projects/Vocal-X/data_pipeline/raw/te/te_007_S4259557300391493.flac,telugu,different_speaker,-0.5965529878840118
S4258116500302929,/Users/adityasingh/Projects/Vocal-X/data_pipeline/raw/ta/ta_006_S4258116500302929.flac,tamil,S4259557300391493,/Users/adityasingh/Projects/Vocal-X/data_pipeline/raw/te/te_008_S4259557300391493.flac,telugu,different_speaker,-0.7152097883238088
S4258116500302929,/Users/adityasingh/Projects/Vocal-X/data_pipeline/raw/ta/ta_006_S4258116500302929.flac,tamil,S4259557300391493,/Users/adityasingh/Projects/Vocal-X/data_pipeline/raw/te/te_009_S4259557300391493.flac,telugu,different_speaker,0.010919032173197228
S4258116500302929,/Users/adityasingh/Projects/Vocal-X/data_pipeline/raw/ta/ta_006_S4258116500302929.flac,tamil,S4259010000375320,/Users/adityasingh/Projects/Vocal-X/data_pipeline/raw/te/te_010_S4259010000375320.flac,telugu,different_speaker,-0.7012209625290671
S4258116500302929,/Users/adityasingh/Projects/Vocal-X/data_pipeline/raw/ta/ta_006_S4258116500302929.flac,tamil,S4259010000375320,/Users/adityasingh/Projects/Vocal-X/data_pipeline/raw/te/te_011_S4259010000375320.flac,telugu,different_speaker,-0.8868990382231817
S4258116500302929,/Users/adityasingh/Projects/Vocal-X/data_pipeline/raw/ta/ta_006_S4258116500302929.flac,tamil,S4259010000375320,/Users/adityasingh/Projects/Vocal-X/data_pipeline/raw/te/te_012_S4259010000375320.flac,telugu,different_speaker,-0.7173647798208324
S4258116500302929,/Users/adityasingh/Projects/Vocal-X/data_pipeline/raw/ta/ta_006_S4258116500302929.flac,tamil,S4257321800337643,/Users/adityasingh/Projects/Vocal-X/data_pipeline/raw/te/te_013_S4257321800337643.flac,telugu,different_speaker,-0.18378601292743768
S4258116500302929,/Users/adityasingh/Projects/Vocal-X/data_pipeline/raw/ta/ta_006_S4258116500302929.flac,tamil,S4257321800337643,/Users/adityasingh/Projects/Vocal-X/data_pipeline/raw/te/te_014_S4257321800337643.flac,telugu,different_speaker,-0.36471213573089206
S4258116500302929,/Users/adityasingh/Projects/Vocal-X/data_pipeline/raw/ta/ta_006_S4258116500302929.flac,tamil,S4257321800337643,/Users/adityasingh/Projects/Vocal-X/data_pipeline/raw/te/te_015_S4257321800337643.flac,telugu,different_speaker,-0.31465247837626625
S4258116500302929,/Users/adityasingh/Projects/Vocal-X/data_pipeline/raw/ta/ta_006_S4258116500302929.flac,tamil,S4258725600395882,/Users/adityasingh/Projects/Vocal-X/data_pipeline/raw/mr/mr_001_S4258725600395882.flac,marathi,different_speaker,0.4237084975860963
S4258116500302929,/Users/adityasingh/Projects/Vocal-X/data_pipeline/raw/ta/ta_006_S4258116500302929.flac,tamil,S4258725600395882,/Users/adityasingh/Projects/Vocal-X/data_pipeline/raw/mr/mr_002_S4258725600395882.flac,marathi,different_speaker,-0.05479989154819981
S4258116500302929,/Users/adityasingh/Projects/Vocal-X/data_pipeline/raw/ta/ta_006_S4258116500302929.flac,tamil,S4258725600395882,/Users/adityasingh/Projects/Vocal-X/data_pipeline/raw/mr/mr_003_S4258725600395882.flac,marathi,different_speaker,-0.3051847838394046
S4258116500302929,/Users/adityasingh/Projects/Vocal-X/data_pipeline/raw/ta/ta_006_S4258116500302929.flac,tamil,S4257020900340702,/Users/adityasingh/Projects/Vocal-X/data_pipeline/raw/mr/mr_004_S4257020900340702.flac,marathi,different_speaker,0.28138014465451827
S4258116500302929,/Users/adityasingh/Projects/Vocal-X/data_pipeline/raw/ta/ta_006_S4258116500302929.flac,tamil,S4257020900340702,/Users/adityasingh/Projects/Vocal-X/data_pipeline/raw/mr/mr_005_S4257020900340702.flac,marathi,different_speaker,0.3464645204496101
S4258116500302929,/Users/adityasingh/Projects/Vocal-X/data_pipeline/raw/ta/ta_006_S4258116500302929.flac,tamil,S4257020900340702,/Users/adityasingh/Projects/Vocal-X/data_pipeline/raw/mr/mr_006_S4257020900340702.flac,marathi,different_speaker,0.29385698715731146
S4258116500302929,/Users/adityasingh/Projects/Vocal-X/data_pipeline/raw/ta/ta_006_S4258116500302929.flac,tamil,S4259734500395875,/Users/adityasingh/Projects/Vocal-X/data_pipeline/raw/mr/mr_007_S4259734500395875.flac,marathi,different_speaker,-0.0064027003162223485
S4258116500302929,/Users/adityasingh/Projects/Vocal-X/data_pipeline/raw/ta/ta_006_S4258116500302929.flac,tamil,S4259734500395875,/Users/adityasingh/Projects/Vocal-X/data_pipeline/raw/mr/mr_008_S4259734500395875.flac,marathi,different_speaker,-0.3341555241105651
S4258116500302929,/Users/adityasingh/Projects/Vocal-X/data_pipeline/raw/ta/ta_006_S4258116500302929.flac,tamil,S4259734500395875,/Users/adityasingh/Projects/Vocal-X/data_pipeline/raw/mr/mr_009_S4259734500395875.flac,marathi,different_speaker,-0.38708088204248337
S4258116500302929,/Users/adityasingh/Projects/Vocal-X/data_pipeline/raw/ta/ta_006_S4258116500302929.flac,tamil,S4257242800308984,/Users/adityasingh/Projects/Vocal-X/data_pipeline/raw/mr/mr_010_S4257242800308984.flac,marathi,different_speaker,-0.10392189610703628
S4258116500302929,/Users/adityasingh/Projects/Vocal-X/data_pipeline/raw/ta/ta_006_S4258116500302929.flac,tamil,S4257242800308984,/Users/adityasingh/Projects/Vocal-X/data_pipeline/raw/mr/mr_011_S4257242800308984.flac,marathi,different_speaker,-0.11289923681335766
S4258116500302929,/Users/adityasingh/Projects/Vocal-X/data_pipeline/raw/ta/ta_006_S4258116500302929.flac,tamil,S4257242800308984,/Users/adityasingh/Projects/Vocal-X/data_pipeline/raw/mr/mr_012_S4257242800308984.flac,marathi,different_speaker,0.594822565822426
S4258116500302929,/Users/adityasingh/Projects/Vocal-X/data_pipeline/raw/ta/ta_006_S4258116500302929.flac,tamil,S4258045600338732,/Users/adityasingh/Projects/Vocal-X/data_pipeline/raw/mr/mr_013_S4258045600338732.flac,marathi,different_speaker,-0.383740352869968
S4258116500302929,/Users/adityasingh/Projects/Vocal-X/data_pipeline/raw/ta/ta_006_S4258116500302929.flac,tamil,S4258045600338732,/Users/adityasingh/Projects/Vocal-X/data_pipeline/raw/mr/mr_014_S4258045600338732.flac,marathi,different_speaker,-0.22980584269041138
S4258116500302929,/Users/adityasingh/Projects/Vocal-X/data_pipeline/raw/ta/ta_006_S4258116500302929.flac,tamil,S4258045600338732,/Users/adityasingh/Projects/Vocal-X/data_pipeline/raw/mr/mr_015_S4258045600338732.flac,marathi,different_speaker,-0.30786716701984906
S4259940500370780,/Users/adityasingh/Projects/Vocal-X/data_pipeline/raw/ta/ta_007_S4259940500370780.flac,tamil,S4259940500370780,/Users/adityasingh/Projects/Vocal-X/data_pipeline/raw/ta/ta_008_S4259940500370780.flac,tamil,same_speaker,0.15124659461670162
S4259940500370780,/Users/adityasingh/Projects/Vocal-X/data_pipeline/raw/ta/ta_007_S4259940500370780.flac,tamil,S4259940500370780,/Users/adityasingh/Projects/Vocal-X/data_pipeline/raw/ta/ta_009_S4259940500370780.flac,tamil,same_speaker,0.36748341338685375
S4259940500370780,/Users/adityasingh/Projects/Vocal-X/data_pipeline/raw/ta/ta_007_S4259940500370780.flac,tamil,S4256668200339016,/Users/adityasingh/Projects/Vocal-X/data_pipeline/raw/ta/ta_010_S4256668200339016.flac,tamil,different_speaker,-0.34893804662286015
S4259940500370780,/Users/adityasingh/Projects/Vocal-X/data_pipeline/raw/ta/ta_007_S4259940500370780.flac,tamil,S4256668200339016,/Users/adityasingh/Projects/Vocal-X/data_pipeline/raw/ta/ta_011_S4256668200339016.flac,tamil,different_speaker,-0.004774488897482187
S4259940500370780,/Users/adityasingh/Projects/Vocal-X/data_pipeline/raw/ta/ta_007_S4259940500370780.flac,tamil,S4256668200339016,/Users/adityasingh/Projects/Vocal-X/data_pipeline/raw/ta/ta_012_S4256668200339016.flac,tamil,different_speaker,-0.11393427729811018
S4259940500370780,/Users/adityasingh/Projects/Vocal-X/data_pipeline/raw/ta/ta_007_S4259940500370780.flac,tamil,S4259477200334929,/Users/adityasingh/Projects/Vocal-X/data_pipeline/raw/ta/ta_013_S4259477200334929.flac,tamil,different_speaker,-0.4608796371047498
S4259940500370780,/Users/adityasingh/Projects/Vocal-X/data_pipeline/raw/ta/ta_007_S4259940500370780.flac,tamil,S4259477200334929,/Users/adityasingh/Projects/Vocal-X/data_pipeline/raw/ta/ta_014_S4259477200334929.flac,tamil,different_speaker,-0.5029521025004815
S4259940500370780,/Users/adityasingh/Projects/Vocal-X/data_pipeline/raw/ta/ta_007_S4259940500370780.flac,tamil,S4259477200334929,/Users/adityasingh/Projects/Vocal-X/data_pipeline/raw/ta/ta_015_S4259477200334929.flac,tamil,different_speaker,-0.3565840069208063
S4259940500370780,/Users/adityasingh/Projects/Vocal-X/data_pipeline/raw/ta/ta_007_S4259940500370780.flac,tamil,S4257363100302319,/Users/adityasingh/Projects/Vocal-X/data_pipeline/raw/te/te_001_S4257363100302319.flac,telugu,different_speaker,0.2660973045724008
S4259940500370780,/Users/adityasingh/Projects/Vocal-X/data_pipeline/raw/ta/ta_007_S4259940500370780.flac,tamil,S4257363100302319,/Users/adityasingh/Projects/Vocal-X/data_pipeline/raw/te/te_002_S4257363100302319.flac,telugu,different_speaker,0.06407906015583548
S4259940500370780,/Users/adityasingh/Projects/Vocal-X/data_pipeline/raw/ta/ta_007_S4259940500370780.flac,tamil,S4257363100302319,/Users/adityasingh/Projects/Vocal-X/data_pipeline/raw/te/te_003_S4257363100302319.flac,telugu,different_speaker,-0.04685195687960984
S4259940500370780,/Users/adityasingh/Projects/Vocal-X/data_pipeline/raw/ta/ta_007_S4259940500370780.flac,tamil,S4259919200330829,/Users/adityasingh/Projects/Vocal-X/data_pipeline/raw/te/te_004_S4259919200330829.flac,telugu,different_speaker,0.35330816071246235
S4259940500370780,/Users/adityasingh/Projects/Vocal-X/data_pipeline/raw/ta/ta_007_S4259940500370780.flac,tamil,S4259919200330829,/Users/adityasingh/Projects/Vocal-X/data_pipeline/raw/te/te_005_S4259919200330829.flac,telugu,different_speaker,0.10458556732103323
S4259940500370780,/Users/adityasingh/Projects/Vocal-X/data_pipeline/raw/ta/ta_007_S4259940500370780.flac,tamil,S4259919200330829,/Users/adityasingh/Projects/Vocal-X/data_pipeline/raw/te/te_006_S4259919200330829.flac,telugu,different_speaker,0.2574382007749657
S4259940500370780,/Users/adityasingh/Projects/Vocal-X/data_pipeline/raw/ta/ta_007_S4259940500370780.flac,tamil,S4259557300391493,/Users/adityasingh/Projects/Vocal-X/data_pipeline/raw/te/te_007_S4259557300391493.flac,telugu,different_speaker,0.34469880787290924
S4259940500370780,/Users/adityasingh/Projects/Vocal-X/data_pipeline/raw/ta/ta_007_S4259940500370780.flac,tamil,S4259557300391493,/Users/adityasingh/Projects/Vocal-X/data_pipeline/raw/te/te_008_S4259557300391493.flac,telugu,different_speaker,0.07519583305968218
S4259940500370780,/Users/adityasingh/Projects/Vocal-X/data_pipeline/raw/ta/ta_007_S4259940500370780.flac,tamil,S4259557300391493,/Users/adityasingh/Projects/Vocal-X/data_pipeline/raw/te/te_009_S4259557300391493.flac,telugu,different_speaker,0.2845060298033948
S4259940500370780,/Users/adityasingh/Projects/Vocal-X/data_pipeline/raw/ta/ta_007_S4259940500370780.flac,tamil,S4259010000375320,/Users/adityasingh/Projects/Vocal-X/data_pipeline/raw/te/te_010_S4259010000375320.flac,telugu,different_speaker,0.14603573709792128
S4259940500370780,/Users/adityasingh/Projects/Vocal-X/data_pipeline/raw/ta/ta_007_S4259940500370780.flac,tamil,S4259010000375320,/Users/adityasingh/Projects/Vocal-X/data_pipeline/raw/te/te_011_S4259010000375320.flac,telugu,different_speaker,0.016160128037207875
S4259940500370780,/Users/adityasingh/Projects/Vocal-X/data_pipeline/raw/ta/ta_007_S4259940500370780.flac,tamil,S4259010000375320,/Users/adityasingh/Projects/Vocal-X/data_pipeline/raw/te/te_012_S4259010000375320.flac,telugu,different_speaker,-0.04494956706567432
S4259940500370780,/Users/adityasingh/Projects/Vocal-X/data_pipeline/raw/ta/ta_007_S4259940500370780.flac,tamil,S4257321800337643,/Users/adityasingh/Projects/Vocal-X/data_pipeline/raw/te/te_013_S4257321800337643.flac,telugu,different_speaker,-0.03620925427890974
S4259940500370780,/Users/adityasingh/Projects/Vocal-X/data_pipeline/raw/ta/ta_007_S4259940500370780.flac,tamil,S4257321800337643,/Users/adityasingh/Projects/Vocal-X/data_pipeline/raw/te/te_014_S4257321800337643.flac,telugu,different_speaker,0.33021122804413455
S4259940500370780,/Users/adityasingh/Projects/Vocal-X/data_pipeline/raw/ta/ta_007_S4259940500370780.flac,tamil,S4257321800337643,/Users/adityasingh/Projects/Vocal-X/data_pipeline/raw/te/te_015_S4257321800337643.flac,telugu,different_speaker,0.2722117967064109
S4259940500370780,/Users/adityasingh/Projects/Vocal-X/data_pipeline/raw/ta/ta_007_S4259940500370780.flac,tamil,S4258725600395882,/Users/adityasingh/Projects/Vocal-X/data_pipeline/raw/mr/mr_001_S4258725600395882.flac,marathi,different_speaker,0.2097634233661877
S4259940500370780,/Users/adityasingh/Projects/Vocal-X/data_pipeline/raw/ta/ta_007_S4259940500370780.flac,tamil,S4258725600395882,/Users/adityasingh/Projects/Vocal-X/data_pipeline/raw/mr/mr_002_S4258725600395882.flac,marathi,different_speaker,0.6422887855746413
S4259940500370780,/Users/adityasingh/Projects/Vocal-X/data_pipeline/raw/ta/ta_007_S4259940500370780.flac,tamil,S4258725600395882,/Users/adityasingh/Projects/Vocal-X/data_pipeline/raw/mr/mr_003_S4258725600395882.flac,marathi,different_speaker,0.3095212933194185
S4259940500370780,/Users/adityasingh/Projects/Vocal-X/data_pipeline/raw/ta/ta_007_S4259940500370780.flac,tamil,S4257020900340702,/Users/adityasingh/Projects/Vocal-X/data_pipeline/raw/mr/mr_004_S4257020900340702.flac,marathi,different_speaker,-0.3151978345073335
S4259940500370780,/Users/adityasingh/Projects/Vocal-X/data_pipeline/raw/ta/ta_007_S4259940500370780.flac,tamil,S4257020900340702,/Users/adityasingh/Projects/Vocal-X/data_pipeline/raw/mr/mr_005_S4257020900340702.flac,marathi,different_speaker,-0.373440936965574
S4259940500370780,/Users/adityasingh/Projects/Vocal-X/data_pipeline/raw/ta/ta_007_S4259940500370780.flac,tamil,S4257020900340702,/Users/adityasingh/Projects/Vocal-X/data_pipeline/raw/mr/mr_006_S4257020900340702.flac,marathi,different_speaker,-0.4796957285621985
S4259940500370780,/Users/adityasingh/Projects/Vocal-X/data_pipeline/raw/ta/ta_007_S4259940500370780.flac,tamil,S4259734500395875,/Users/adityasingh/Projects/Vocal-X/data_pipeline/raw/mr/mr_007_S4259734500395875.flac,marathi,different_speaker,-0.03536893114423388
S4259940500370780,/Users/adityasingh/Projects/Vocal-X/data_pipeline/raw/ta/ta_007_S4259940500370780.flac,tamil,S4259734500395875,/Users/adityasingh/Projects/Vocal-X/data_pipeline/raw/mr/mr_008_S4259734500395875.flac,marathi,different_speaker,0.23648595951169896
S4259940500370780,/Users/adityasingh/Projects/Vocal-X/data_pipeline/raw/ta/ta_007_S4259940500370780.flac,tamil,S4259734500395875,/Users/adityasingh/Projects/Vocal-X/data_pipeline/raw/mr/mr_009_S4259734500395875.flac,marathi,different_speaker,0.14628085886079706
S4259940500370780,/Users/adityasingh/Projects/Vocal-X/data_pipeline/raw/ta/ta_007_S4259940500370780.flac,tamil,S4257242800308984,/Users/adityasingh/Projects/Vocal-X/data_pipeline/raw/mr/mr_010_S4257242800308984.flac,marathi,different_speaker,0.0038578791029588587
S4259940500370780,/Users/adityasingh/Projects/Vocal-X/data_pipeline/raw/ta/ta_007_S4259940500370780.flac,tamil,S4257242800308984,/Users/adityasingh/Projects/Vocal-X/data_pipeline/raw/mr/mr_011_S4257242800308984.flac,marathi,different_speaker,0.30878748290963387
S4259940500370780,/Users/adityasingh/Projects/Vocal-X/data_pipeline/raw/ta/ta_007_S4259940500370780.flac,tamil,S4257242800308984,/Users/adityasingh/Projects/Vocal-X/data_pipeline/raw/mr/mr_012_S4257242800308984.flac,marathi,different_speaker,-0.030302164890761336
S4259940500370780,/Users/adityasingh/Projects/Vocal-X/data_pipeline/raw/ta/ta_007_S4259940500370780.flac,tamil,S4258045600338732,/Users/adityasingh/Projects/Vocal-X/data_pipeline/raw/mr/mr_013_S4258045600338732.flac,marathi,different_speaker,0.1471611902709921
S4259940500370780,/Users/adityasingh/Projects/Vocal-X/data_pipeline/raw/ta/ta_007_S4259940500370780.flac,tamil,S4258045600338732,/Users/adityasingh/Projects/Vocal-X/data_pipeline/raw/mr/mr_014_S4258045600338732.flac,marathi,different_speaker,0.344873660462482
S4259940500370780,/Users/adityasingh/Projects/Vocal-X/data_pipeline/raw/ta/ta_007_S4259940500370780.flac,tamil,S4258045600338732,/Users/adityasingh/Projects/Vocal-X/data_pipeline/raw/mr/mr_015_S4258045600338732.flac,marathi,different_speaker,0.17221994270309493
S4259940500370780,/Users/adityasingh/Projects/Vocal-X/data_pipeline/raw/ta/ta_008_S4259940500370780.flac,tamil,S4259940500370780,/Users/adityasingh/Projects/Vocal-X/data_pipeline/raw/ta/ta_009_S4259940500370780.flac,tamil,same_speaker,0.6222331265198416
S4259940500370780,/Users/adityasingh/Projects/Vocal-X/data_pipeline/raw/ta/ta_008_S4259940500370780.flac,tamil,S4256668200339016,/Users/adityasingh/Projects/Vocal-X/data_pipeline/raw/ta/ta_010_S4256668200339016.flac,tamil,different_speaker,-0.4596852023670176
S4259940500370780,/Users/adityasingh/Projects/Vocal-X/data_pipeline/raw/ta/ta_008_S4259940500370780.flac,tamil,S4256668200339016,/Users/adityasingh/Projects/Vocal-X/data_pipeline/raw/ta/ta_011_S4256668200339016.flac,tamil,different_speaker,-0.3115423709870242
S4259940500370780,/Users/adityasingh/Projects/Vocal-X/data_pipeline/raw/ta/ta_008_S4259940500370780.flac,tamil,S4256668200339016,/Users/adityasingh/Projects/Vocal-X/data_pipeline/raw/ta/ta_012_S4256668200339016.flac,tamil,different_speaker,-0.4058170609859499
S4259940500370780,/Users/adityasingh/Projects/Vocal-X/data_pipeline/raw/ta/ta_008_S4259940500370780.flac,tamil,S4259477200334929,/Users/adityasingh/Projects/Vocal-X/data_pipeline/raw/ta/ta_013_S4259477200334929.flac,tamil,different_speaker,-0.17063978574565106
S4259940500370780,/Users/adityasingh/Projects/Vocal-X/data_pipeline/raw/ta/ta_008_S4259940500370780.flac,tamil,S4259477200334929,/Users/adityasingh/Projects/Vocal-X/data_pipeline/raw/ta/ta_014_S4259477200334929.flac,tamil,different_speaker,-0.12208556044733271
S4259940500370780,/Users/adityasingh/Projects/Vocal-X/data_pipeline/raw/ta/ta_008_S4259940500370780.flac,tamil,S4259477200334929,/Users/adityasingh/Projects/Vocal-X/data_pipeline/raw/ta/ta_015_S4259477200334929.flac,tamil,different_speaker,-0.23522746017599172
S4259940500370780,/Users/adityasingh/Projects/Vocal-X/data_pipeline/raw/ta/ta_008_S4259940500370780.flac,tamil,S4257363100302319,/Users/adityasingh/Projects/Vocal-X/data_pipeline/raw/te/te_001_S4257363100302319.flac,telugu,different_speaker,0.18095016684032156
S4259940500370780,/Users/adityasingh/Projects/Vocal-X/data_pipeline/raw/ta/ta_008_S4259940500370780.flac,tamil,S4257363100302319,/Users/adityasingh/Projects/Vocal-X/data_pipeline/raw/te/te_002_S4257363100302319.flac,telugu,different_speaker,-0.34050002543936037
S4259940500370780,/Users/adityasingh/Projects/Vocal-X/data_pipeline/raw/ta/ta_008_S4259940500370780.flac,tamil,S4257363100302319,/Users/adityasingh/Projects/Vocal-X/data_pipeline/raw/te/te_003_S4257363100302319.flac,telugu,different_speaker,-0.09528543886510876
S4259940500370780,/Users/adityasingh/Projects/Vocal-X/data_pipeline/raw/ta/ta_008_S4259940500370780.flac,tamil,S4259919200330829,/Users/adityasingh/Projects/Vocal-X/data_pipeline/raw/te/te_004_S4259919200330829.flac,telugu,different_speaker,0.20667038315674877
S4259940500370780,/Users/adityasingh/Projects/Vocal-X/data_pipeline/raw/ta/ta_008_S4259940500370780.flac,tamil,S4259919200330829,/Users/adityasingh/Projects/Vocal-X/data_pipeline/raw/te/te_005_S4259919200330829.flac,telugu,different_speaker,0.11029625483329746
S4259940500370780,/Users/adityasingh/Projects/Vocal-X/data_pipeline/raw/ta/ta_008_S4259940500370780.flac,tamil,S4259919200330829,/Users/adityasingh/Projects/Vocal-X/data_pipeline/raw/te/te_006_S4259919200330829.flac,telugu,different_speaker,-0.06411051392462651
S4259940500370780,/Users/adityasingh/Projects/Vocal-X/data_pipeline/raw/ta/ta_008_S4259940500370780.flac,tamil,S4259557300391493,/Users/adityasingh/Projects/Vocal-X/data_pipeline/raw/te/te_007_S4259557300391493.flac,telugu,different_speaker,0.13740453537249847
S4259940500370780,/Users/adityasingh/Projects/Vocal-X/data_pipeline/raw/ta/ta_008_S4259940500370780.flac,tamil,S4259557300391493,/Users/adityasingh/Projects/Vocal-X/data_pipeline/raw/te/te_008_S4259557300391493.flac,telugu,different_speaker,0.23437248322037915
S4259940500370780,/Users/adityasingh/Projects/Vocal-X/data_pipeline/raw/ta/ta_008_S4259940500370780.flac,tamil,S4259557300391493,/Users/adityasingh/Projects/Vocal-X/data_pipeline/raw/te/te_009_S4259557300391493.flac,telugu,different_speaker,-0.02733366578869952
S4259940500370780,/Users/adityasingh/Projects/Vocal-X/data_pipeline/raw/ta/ta_008_S4259940500370780.flac,tamil,S4259010000375320,/Users/adityasingh/Projects/Vocal-X/data_pipeline/raw/te/te_010_S4259010000375320.flac,telugu,different_speaker,0.09004656744625979
S4259940500370780,/Users/adityasingh/Projects/Vocal-X/data_pipeline/raw/ta/ta_008_S4259940500370780.flac,tamil,S4259010000375320,/Users/adityasingh/Projects/Vocal-X/data_pipeline/raw/te/te_011_S4259010000375320.flac,telugu,different_speaker,0.13144686410047507
S4259940500370780,/Users/adityasingh/Projects/Vocal-X/data_pipeline/raw/ta/ta_008_S4259940500370780.flac,tamil,S4259010000375320,/Users/adityasingh/Projects/Vocal-X/data_pipeline/raw/te/te_012_S4259010000375320.flac,telugu,different_speaker,-0.012257070249118119
S4259940500370780,/Users/adityasingh/Projects/Vocal-X/data_pipeline/raw/ta/ta_008_S4259940500370780.flac,tamil,S4257321800337643,/Users/adityasingh/Projects/Vocal-X/data_pipeline/raw/te/te_013_S4257321800337643.flac,telugu,different_speaker,0.4189974274775786
S4259940500370780,/Users/adityasingh/Projects/Vocal-X/data_pipeline/raw/ta/ta_008_S4259940500370780.flac,tamil,S4257321800337643,/Users/adityasingh/Projects/Vocal-X/data_pipeline/raw/te/te_014_S4257321800337643.flac,telugu,different_speaker,0.2517268351276538
S4259940500370780,/Users/adityasingh/Projects/Vocal-X/data_pipeline/raw/ta/ta_008_S4259940500370780.flac,tamil,S4257321800337643,/Users/adityasingh/Projects/Vocal-X/data_pipeline/raw/te/te_015_S4257321800337643.flac,telugu,different_speaker,0.3145781374768962
S4259940500370780,/Users/adityasingh/Projects/Vocal-X/data_pipeline/raw/ta/ta_008_S4259940500370780.flac,tamil,S4258725600395882,/Users/adityasingh/Projects/Vocal-X/data_pipeline/raw/mr/mr_001_S4258725600395882.flac,marathi,different_speaker,0.10644696857997454
S4259940500370780,/Users/adityasingh/Projects/Vocal-X/data_pipeline/raw/ta/ta_008_S4259940500370780.flac,tamil,S4258725600395882,/Users/adityasingh/Projects/Vocal-X/data_pipeline/raw/mr/mr_002_S4258725600395882.flac,marathi,different_speaker,0.050332156759178695
S4259940500370780,/Users/adityasingh/Projects/Vocal-X/data_pipeline/raw/ta/ta_008_S4259940500370780.flac,tamil,S4258725600395882,/Users/adityasingh/Projects/Vocal-X/data_pipeline/raw/mr/mr_003_S4258725600395882.flac,marathi,different_speaker,0.3231435125577144
S4259940500370780,/Users/adityasingh/Projects/Vocal-X/data_pipeline/raw/ta/ta_008_S4259940500370780.flac,tamil,S4257020900340702,/Users/adityasingh/Projects/Vocal-X/data_pipeline/raw/mr/mr_004_S4257020900340702.flac,marathi,different_speaker,-0.18632761490835556
S4259940500370780,/Users/adityasingh/Projects/Vocal-X/data_pipeline/raw/ta/ta_008_S4259940500370780.flac,tamil,S4257020900340702,/Users/adityasingh/Projects/Vocal-X/data_pipeline/raw/mr/mr_005_S4257020900340702.flac,marathi,different_speaker,-0.21833460317130285
S4259940500370780,/Users/adityasingh/Projects/Vocal-X/data_pipeline/raw/ta/ta_008_S4259940500370780.flac,tamil,S4257020900340702,/Users/adityasingh/Projects/Vocal-X/data_pipeline/raw/mr/mr_006_S4257020900340702.flac,marathi,different_speaker,-0.21857319584037616
S4259940500370780,/Users/adityasingh/Projects/Vocal-X/data_pipeline/raw/ta/ta_008_S4259940500370780.flac,tamil,S4259734500395875,/Users/adityasingh/Projects/Vocal-X/data_pipeline/raw/mr/mr_007_S4259734500395875.flac,marathi,different_speaker,-0.011728412197584899
S4259940500370780,/Users/adityasingh/Projects/Vocal-X/data_pipeline/raw/ta/ta_008_S4259940500370780.flac,tamil,S4259734500395875,/Users/adityasingh/Projects/Vocal-X/data_pipeline/raw/mr/mr_008_S4259734500395875.flac,marathi,different_speaker,-0.12445166720901533
S4259940500370780,/Users/adityasingh/Projects/Vocal-X/data_pipeline/raw/ta/ta_008_S4259940500370780.flac,tamil,S4259734500395875,/Users/adityasingh/Projects/Vocal-X/data_pipeline/raw/mr/mr_009_S4259734500395875.flac,marathi,different_speaker,-0.06485837599793208
S4259940500370780,/Users/adityasingh/Projects/Vocal-X/data_pipeline/raw/ta/ta_008_S4259940500370780.flac,tamil,S4257242800308984,/Users/adityasingh/Projects/Vocal-X/data_pipeline/raw/mr/mr_010_S4257242800308984.flac,marathi,different_speaker,0.22648256821802706
S4259940500370780,/Users/adityasingh/Projects/Vocal-X/data_pipeline/raw/ta/ta_008_S4259940500370780.flac,tamil,S4257242800308984,/Users/adityasingh/Projects/Vocal-X/data_pipeline/raw/mr/mr_011_S4257242800308984.flac,marathi,different_speaker,0.18005168299082458
S4259940500370780,/Users/adityasingh/Projects/Vocal-X/data_pipeline/raw/ta/ta_008_S4259940500370780.flac,tamil,S4257242800308984,/Users/adityasingh/Projects/Vocal-X/data_pipeline/raw/mr/mr_012_S4257242800308984.flac,marathi,different_speaker,0.23940441052316094
S4259940500370780,/Users/adityasingh/Projects/Vocal-X/data_pipeline/raw/ta/ta_008_S4259940500370780.flac,tamil,S4258045600338732,/Users/adityasingh/Projects/Vocal-X/data_pipeline/raw/mr/mr_013_S4258045600338732.flac,marathi,different_speaker,-0.2822838613382471
S4259940500370780,/Users/adityasingh/Projects/Vocal-X/data_pipeline/raw/ta/ta_008_S4259940500370780.flac,tamil,S4258045600338732,/Users/adityasingh/Projects/Vocal-X/data_pipeline/raw/mr/mr_014_S4258045600338732.flac,marathi,different_speaker,0.03631711598281401
S4259940500370780,/Users/adityasingh/Projects/Vocal-X/data_pipeline/raw/ta/ta_008_S4259940500370780.flac,tamil,S4258045600338732,/Users/adityasingh/Projects/Vocal-X/data_pipeline/raw/mr/mr_015_S4258045600338732.flac,marathi,different_speaker,0.4391568376643316
S4259940500370780,/Users/adityasingh/Projects/Vocal-X/data_pipeline/raw/ta/ta_009_S4259940500370780.flac,tamil,S4256668200339016,/Users/adityasingh/Projects/Vocal-X/data_pipeline/raw/ta/ta_010_S4256668200339016.flac,tamil,different_speaker,-0.3772530366675294
S4259940500370780,/Users/adityasingh/Projects/Vocal-X/data_pipeline/raw/ta/ta_009_S4259940500370780.flac,tamil,S4256668200339016,/Users/adityasingh/Projects/Vocal-X/data_pipeline/raw/ta/ta_011_S4256668200339016.flac,tamil,different_speaker,-0.20289398455082247
S4259940500370780,/Users/adityasingh/Projects/Vocal-X/data_pipeline/raw/ta/ta_009_S4259940500370780.flac,tamil,S4256668200339016,/Users/adityasingh/Projects/Vocal-X/data_pipeline/raw/ta/ta_012_S4256668200339016.flac,tamil,different_speaker,-0.2801126331868282
S4259940500370780,/Users/adityasingh/Projects/Vocal-X/data_pipeline/raw/ta/ta_009_S4259940500370780.flac,tamil,S4259477200334929,/Users/adityasingh/Projects/Vocal-X/data_pipeline/raw/ta/ta_013_S4259477200334929.flac,tamil,different_speaker,-0.3002843065918443
S4259940500370780,/Users/adityasingh/Projects/Vocal-X/data_pipeline/raw/ta/ta_009_S4259940500370780.flac,tamil,S4259477200334929,/Users/adityasingh/Projects/Vocal-X/data_pipeline/raw/ta/ta_014_S4259477200334929.flac,tamil,different_speaker,-0.2733558061047309
S4259940500370780,/Users/adityasingh/Projects/Vocal-X/data_pipeline/raw/ta/ta_009_S4259940500370780.flac,tamil,S4259477200334929,/Users/adityasingh/Projects/Vocal-X/data_pipeline/raw/ta/ta_015_S4259477200334929.flac,tamil,different_speaker,-0.31501605221874307
S4259940500370780,/Users/adityasingh/Projects/Vocal-X/data_pipeline/raw/ta/ta_009_S4259940500370780.flac,tamil,S4257363100302319,/Users/adityasingh/Projects/Vocal-X/data_pipeline/raw/te/te_001_S4257363100302319.flac,telugu,different_speaker,0.1134255443244614
S4259940500370780,/Users/adityasingh/Projects/Vocal-X/data_pipeline/raw/ta/ta_009_S4259940500370780.flac,tamil,S4257363100302319,/Users/adityasingh/Projects/Vocal-X/data_pipeline/raw/te/te_002_S4257363100302319.flac,telugu,different_speaker,-0.5243649600810666
S4259940500370780,/Users/adityasingh/Projects/Vocal-X/data_pipeline/raw/ta/ta_009_S4259940500370780.flac,tamil,S4257363100302319,/Users/adityasingh/Projects/Vocal-X/data_pipeline/raw/te/te_003_S4257363100302319.flac,telugu,different_speaker,-0.25428919779655856
S4259940500370780,/Users/adityasingh/Projects/Vocal-X/data_pipeline/raw/ta/ta_009_S4259940500370780.flac,tamil,S4259919200330829,/Users/adityasingh/Projects/Vocal-X/data_pipeline/raw/te/te_004_S4259919200330829.flac,telugu,different_speaker,0.44272781248156934
S4259940500370780,/Users/adityasingh/Projects/Vocal-X/data_pipeline/raw/ta/ta_009_S4259940500370780.flac,tamil,S4259919200330829,/Users/adityasingh/Projects/Vocal-X/data_pipeline/raw/te/te_005_S4259919200330829.flac,telugu,different_speaker,0.08039261319041932
S4259940500370780,/Users/adityasingh/Projects/Vocal-X/data_pipeline/raw/ta/ta_009_S4259940500370780.flac,tamil,S4259919200330829,/Users/adityasingh/Projects/Vocal-X/data_pipeline/raw/te/te_006_S4259919200330829.flac,telugu,different_speaker,0.18385826351031198
S4259940500370780,/Users/adityasingh/Projects/Vocal-X/data_pipeline/raw/ta/ta_009_S4259940500370780.flac,tamil,S4259557300391493,/Users/adityasingh/Projects/Vocal-X/data_pipeline/raw/te/te_007_S4259557300391493.flac,telugu,different_speaker,0.440634013280156
S4259940500370780,/Users/adityasingh/Projects/Vocal-X/data_pipeline/raw/ta/ta_009_S4259940500370780.flac,tamil,S4259557300391493,/Users/adityasingh/Projects/Vocal-X/data_pipeline/raw/te/te_008_S4259557300391493.flac,telugu,different_speaker,0.42943394659348677
S4259940500370780,/Users/adityasingh/Projects/Vocal-X/data_pipeline/raw/ta/ta_009_S4259940500370780.flac,tamil,S4259557300391493,/Users/adityasingh/Projects/Vocal-X/data_pipeline/raw/te/te_009_S4259557300391493.flac,telugu,different_speaker,-0.1789978988853726
S4259940500370780,/Users/adityasingh/Projects/Vocal-X/data_pipeline/raw/ta/ta_009_S4259940500370780.flac,tamil,S4259010000375320,/Users/adityasingh/Projects/Vocal-X/data_pipeline/raw/te/te_010_S4259010000375320.flac,telugu,different_speaker,0.40965914759902106
S4259940500370780,/Users/adityasingh/Projects/Vocal-X/data_pipeline/raw/ta/ta_009_S4259940500370780.flac,tamil,S4259010000375320,/Users/adityasingh/Projects/Vocal-X/data_pipeline/raw/te/te_011_S4259010000375320.flac,telugu,different_speaker,0.4851204960354717
S4259940500370780,/Users/adityasingh/Projects/Vocal-X/data_pipeline/raw/ta/ta_009_S4259940500370780.flac,tamil,S4259010000375320,/Users/adityasingh/Projects/Vocal-X/data_pipeline/raw/te/te_012_S4259010000375320.flac,telugu,different_speaker,0.39922542804527544
S4259940500370780,/Users/adityasingh/Projects/Vocal-X/data_pipeline/raw/ta/ta_009_S4259940500370780.flac,tamil,S4257321800337643,/Users/adityasingh/Projects/Vocal-X/data_pipeline/raw/te/te_013_S4257321800337643.flac,telugu,different_speaker,0.31611128133960276
S4259940500370780,/Users/adityasingh/Projects/Vocal-X/data_pipeline/raw/ta/ta_009_S4259940500370780.flac,tamil,S4257321800337643,/Users/adityasingh/Projects/Vocal-X/data_pipeline/raw/te/te_014_S4257321800337643.flac,telugu,different_speaker,0.34674347511285886
S4259940500370780,/Users/adityasingh/Projects/Vocal-X/data_pipeline/raw/ta/ta_009_S4259940500370780.flac,tamil,S4257321800337643,/Users/adityasingh/Projects/Vocal-X/data_pipeline/raw/te/te_015_S4257321800337643.flac,telugu,different_speaker,0.3840860780865278
S4259940500370780,/Users/adityasingh/Projects/Vocal-X/data_pipeline/raw/ta/ta_009_S4259940500370780.flac,tamil,S4258725600395882,/Users/adityasingh/Projects/Vocal-X/data_pipeline/raw/mr/mr_001_S4258725600395882.flac,marathi,different_speaker,-0.28522005721492716
S4259940500370780,/Users/adityasingh/Projects/Vocal-X/data_pipeline/raw/ta/ta_009_S4259940500370780.flac,tamil,S4258725600395882,/Users/adityasingh/Projects/Vocal-X/data_pipeline/raw/mr/mr_002_S4258725600395882.flac,marathi,different_speaker,0.3161304186155706
S4259940500370780,/Users/adityasingh/Projects/Vocal-X/data_pipeline/raw/ta/ta_009_S4259940500370780.flac,tamil,S4258725600395882,/Users/adityasingh/Projects/Vocal-X/data_pipeline/raw/mr/mr_003_S4258725600395882.flac,marathi,different_speaker,0.5130347438530007
S4259940500370780,/Users/adityasingh/Projects/Vocal-X/data_pipeline/raw/ta/ta_009_S4259940500370780.flac,tamil,S4257020900340702,/Users/adityasingh/Projects/Vocal-X/data_pipeline/raw/mr/mr_004_S4257020900340702.flac,marathi,different_speaker,-0.5159171872833024
S4259940500370780,/Users/adityasingh/Projects/Vocal-X/data_pipeline/raw/ta/ta_009_S4259940500370780.flac,tamil,S4257020900340702,/Users/adityasingh/Projects/Vocal-X/data_pipeline/raw/mr/mr_005_S4257020900340702.flac,marathi,different_speaker,-0.5952180569980632
S4259940500370780,/Users/adityasingh/Projects/Vocal-X/data_pipeline/raw/ta/ta_009_S4259940500370780.flac,tamil,S4257020900340702,/Users/adityasingh/Projects/Vocal-X/data_pipeline/raw/mr/mr_006_S4257020900340702.flac,marathi,different_speaker,-0.6292185373292845
S4259940500370780,/Users/adityasingh/Projects/Vocal-X/data_pipeline/raw/ta/ta_009_S4259940500370780.flac,tamil,S4259734500395875,/Users/adityasingh/Projects/Vocal-X/data_pipeline/raw/mr/mr_007_S4259734500395875.flac,marathi,different_speaker,-0.22037958539508623
S4259940500370780,/Users/adityasingh/Projects/Vocal-X/data_pipeline/raw/ta/ta_009_S4259940500370780.flac,tamil,S4259734500395875,/Users/adityasingh/Projects/Vocal-X/data_pipeline/raw/mr/mr_008_S4259734500395875.flac,marathi,different_speaker,0.30308507272846547
S4259940500370780,/Users/adityasingh/Projects/Vocal-X/data_pipeline/raw/ta/ta_009_S4259940500370780.flac,tamil,S4259734500395875,/Users/adityasingh/Projects/Vocal-X/data_pipeline/raw/mr/mr_009_S4259734500395875.flac,marathi,different_speaker,0.38569556810798117
S4259940500370780,/Users/adityasingh/Projects/Vocal-X/data_pipeline/raw/ta/ta_009_S4259940500370780.flac,tamil,S4257242800308984,/Users/adityasingh/Projects/Vocal-X/data_pipeline/raw/mr/mr_010_S4257242800308984.flac,marathi,different_speaker,0.4540970423817825
S4259940500370780,/Users/adityasingh/Projects/Vocal-X/data_pipeline/raw/ta/ta_009_S4259940500370780.flac,tamil,S4257242800308984,/Users/adityasingh/Projects/Vocal-X/data_pipeline/raw/mr/mr_011_S4257242800308984.flac,marathi,different_speaker,0.3936416133529758
S4259940500370780,/Users/adityasingh/Projects/Vocal-X/data_pipeline/raw/ta/ta_009_S4259940500370780.flac,tamil,S4257242800308984,/Users/adityasingh/Projects/Vocal-X/data_pipeline/raw/mr/mr_012_S4257242800308984.flac,marathi,different_speaker,-0.22994859321844344
S4259940500370780,/Users/adityasingh/Projects/Vocal-X/data_pipeline/raw/ta/ta_009_S4259940500370780.flac,tamil,S4258045600338732,/Users/adityasingh/Projects/Vocal-X/data_pipeline/raw/mr/mr_013_S4258045600338732.flac,marathi,different_speaker,-0.05698727580602329
S4259940500370780,/Users/adityasingh/Projects/Vocal-X/data_pipeline/raw/ta/ta_009_S4259940500370780.flac,tamil,S4258045600338732,/Users/adityasingh/Projects/Vocal-X/data_pipeline/raw/mr/mr_014_S4258045600338732.flac,marathi,different_speaker,0.24687980796641293
S4259940500370780,/Users/adityasingh/Projects/Vocal-X/data_pipeline/raw/ta/ta_009_S4259940500370780.flac,tamil,S4258045600338732,/Users/adityasingh/Projects/Vocal-X/data_pipeline/raw/mr/mr_015_S4258045600338732.flac,marathi,different_speaker,0.41425324721080675
S4256668200339016,/Users/adityasingh/Projects/Vocal-X/data_pipeline/raw/ta/ta_010_S4256668200339016.flac,tamil,S4256668200339016,/Users/adityasingh/Projects/Vocal-X/data_pipeline/raw/ta/ta_011_S4256668200339016.flac,tamil,same_speaker,0.8106282671004446
S4256668200339016,/Users/adityasingh/Projects/Vocal-X/data_pipeline/raw/ta/ta_010_S4256668200339016.flac,tamil,S4256668200339016,/Users/adityasingh/Projects/Vocal-X/data_pipeline/raw/ta/ta_012_S4256668200339016.flac,tamil,same_speaker,0.9408501503099996
S4256668200339016,/Users/adityasingh/Projects/Vocal-X/data_pipeline/raw/ta/ta_010_S4256668200339016.flac,tamil,S4259477200334929,/Users/adityasingh/Projects/Vocal-X/data_pipeline/raw/ta/ta_013_S4259477200334929.flac,tamil,different_speaker,-0.08076942586023589
S4256668200339016,/Users/adityasingh/Projects/Vocal-X/data_pipeline/raw/ta/ta_010_S4256668200339016.flac,tamil,S4259477200334929,/Users/adityasingh/Projects/Vocal-X/data_pipeline/raw/ta/ta_014_S4259477200334929.flac,tamil,different_speaker,-0.11664078641130542
S4256668200339016,/Users/adityasingh/Projects/Vocal-X/data_pipeline/raw/ta/ta_010_S4256668200339016.flac,tamil,S4259477200334929,/Users/adityasingh/Projects/Vocal-X/data_pipeline/raw/ta/ta_015_S4259477200334929.flac,tamil,different_speaker,0.07264495362947493
S4256668200339016,/Users/adityasingh/Projects/Vocal-X/data_pipeline/raw/ta/ta_010_S4256668200339016.flac,tamil,S4257363100302319,/Users/adityasingh/Projects/Vocal-X/data_pipeline/raw/te/te_001_S4257363100302319.flac,telugu,different_speaker,0.05503927576216528
S4256668200339016,/Users/adityasingh/Projects/Vocal-X/data_pipeline/raw/ta/ta_010_S4256668200339016.flac,tamil,S4257363100302319,/Users/adityasingh/Projects/Vocal-X/data_pipeline/raw/te/te_002_S4257363100302319.flac,telugu,different_speaker,0.3302673720065913
S4256668200339016,/Users/adityasingh/Projects/Vocal-X/data_pipeline/raw/ta/ta_010_S4256668200339016.flac,tamil,S4257363100302319,/Users/adityasingh/Projects/Vocal-X/data_pipeline/raw/te/te_003_S4257363100302319.flac,telugu,different_speaker,0.44773368202722774
S4256668200339016,/Users/adityasingh/Projects/Vocal-X/data_pipeline/raw/ta/ta_010_S4256668200339016.flac,tamil,S4259919200330829,/Users/adityasingh/Projects/Vocal-X/data_pipeline/raw/te/te_004_S4259919200330829.flac,telugu,different_speaker,-0.2676961973183751
S4256668200339016,/Users/adityasingh/Projects/Vocal-X/data_pipeline/raw/ta/ta_010_S4256668200339016.flac,tamil,S4259919200330829,/Users/adityasingh/Projects/Vocal-X/data_pipeline/raw/te/te_005_S4259919200330829.flac,telugu,different_speaker,-0.16262385803713916
S4256668200339016,/Users/adityasingh/Projects/Vocal-X/data_pipeline/raw/ta/ta_010_S4256668200339016.flac,tamil,S4259919200330829,/Users/adityasingh/Projects/Vocal-X/data_pipeline/raw/te/te_006_S4259919200330829.flac,telugu,different_speaker,0.09593891105313632
S4256668200339016,/Users/adityasingh/Projects/Vocal-X/data_pipeline/raw/ta/ta_010_S4256668200339016.flac,tamil,S4259557300391493,/Users/adityasingh/Projects/Vocal-X/data_pipeline/raw/te/te_007_S4259557300391493.flac,telugu,different_speaker,-0.10511305060565033
S4256668200339016,/Users/adityasingh/Projects/Vocal-X/data_pipeline/raw/ta/ta_010_S4256668200339016.flac,tamil,S4259557300391493,/Users/adityasingh/Projects/Vocal-X/data_pipeline/raw/te/te_008_S4259557300391493.flac,telugu,different_speaker,0.13695118262728845
S4256668200339016,/Users/adityasingh/Projects/Vocal-X/data_pipeline/raw/ta/ta_010_S4256668200339016.flac,tamil,S4259557300391493,/Users/adityasingh/Projects/Vocal-X/data_pipeline/raw/te/te_009_S4259557300391493.flac,telugu,different_speaker,0.051010218747772576
S4256668200339016,/Users/adityasingh/Projects/Vocal-X/data_pipeline/raw/ta/ta_010_S4256668200339016.flac,tamil,S4259010000375320,/Users/adityasingh/Projects/Vocal-X/data_pipeline/raw/te/te_010_S4259010000375320.flac,telugu,different_speaker,0.0461758439137608
S4256668200339016,/Users/adityasingh/Projects/Vocal-X/data_pipeline/raw/ta/ta_010_S4256668200339016.flac,tamil,S4259010000375320,/Users/adityasingh/Projects/Vocal-X/data_pipeline/raw/te/te_011_S4259010000375320.flac,telugu,different_speaker,0.08240031686537104
S4256668200339016,/Users/adityasingh/Projects/Vocal-X/data_pipeline/raw/ta/ta_010_S4256668200339016.flac,tamil,S4259010000375320,/Users/adityasingh/Projects/Vocal-X/data_pipeline/raw/te/te_012_S4259010000375320.flac,telugu,different_speaker,0.22407369461156113
S4256668200339016,/Users/adityasingh/Projects/Vocal-X/data_pipeline/raw/ta/ta_010_S4256668200339016.flac,tamil,S4257321800337643,/Users/adityasingh/Projects/Vocal-X/data_pipeline/raw/te/te_013_S4257321800337643.flac,telugu,different_speaker,-0.23968335476969596
S4256668200339016,/Users/adityasingh/Projects/Vocal-X/data_pipeline/raw/ta/ta_010_S4256668200339016.flac,tamil,S4257321800337643,/Users/adityasingh/Projects/Vocal-X/data_pipeline/raw/te/te_014_S4257321800337643.flac,telugu,different_speaker,-0.2796216311452245
S4256668200339016,/Users/adityasingh/Projects/Vocal-X/data_pipeline/raw/ta/ta_010_S4256668200339016.flac,tamil,S4257321800337643,/Users/adityasingh/Projects/Vocal-X/data_pipeline/raw/te/te_015_S4257321800337643.flac,telugu,different_speaker,-0.4195176289773869
S4256668200339016,/Users/adityasingh/Projects/Vocal-X/data_pipeline/raw/ta/ta_010_S4256668200339016.flac,tamil,S4258725600395882,/Users/adityasingh/Projects/Vocal-X/data_pipeline/raw/mr/mr_001_S4258725600395882.flac,marathi,different_speaker,0.16957193127921844
S4256668200339016,/Users/adityasingh/Projects/Vocal-X/data_pipeline/raw/ta/ta_010_S4256668200339016.flac,tamil,S4258725600395882,/Users/adityasingh/Projects/Vocal-X/data_pipeline/raw/mr/mr_002_S4258725600395882.flac,marathi,different_speaker,-0.18202167028795438
S4256668200339016,/Users/adityasingh/Projects/Vocal-X/data_pipeline/raw/ta/ta_010_S4256668200339016.flac,tamil,S4258725600395882,/Users/adityasingh/Projects/Vocal-X/data_pipeline/raw/mr/mr_003_S4258725600395882.flac,marathi,different_speaker,0.00767507438046598
S4256668200339016,/Users/adityasingh/Projects/Vocal-X/data_pipeline/raw/ta/ta_010_S4256668200339016.flac,tamil,S4257020900340702,/Users/adityasingh/Projects/Vocal-X/data_pipeline/raw/mr/mr_004_S4257020900340702.flac,marathi,different_speaker,0.32087762614134996
S4256668200339016,/Users/adityasingh/Projects/Vocal-X/data_pipeline/raw/ta/ta_010_S4256668200339016.flac,tamil,S4257020900340702,/Users/adityasingh/Projects/Vocal-X/data_pipeline/raw/mr/mr_005_S4257020900340702.flac,marathi,different_speaker,0.32141927538800297
S4256668200339016,/Users/adityasingh/Projects/Vocal-X/data_pipeline/raw/ta/ta_010_S4256668200339016.flac,tamil,S4257020900340702,/Users/adityasingh/Projects/Vocal-X/data_pipeline/raw/mr/mr_006_S4257020900340702.flac,marathi,different_speaker,0.32449451335434326
S4256668200339016,/Users/adityasingh/Projects/Vocal-X/data_pipeline/raw/ta/ta_010_S4256668200339016.flac,tamil,S4259734500395875,/Users/adityasingh/Projects/Vocal-X/data_pipeline/raw/mr/mr_007_S4259734500395875.flac,marathi,different_speaker,0.3648904805620929
S4256668200339016,/Users/adityasingh/Projects/Vocal-X/data_pipeline/raw/ta/ta_010_S4256668200339016.flac,tamil,S4259734500395875,/Users/adityasingh/Projects/Vocal-X/data_pipeline/raw/mr/mr_008_S4259734500395875.flac,marathi,different_speaker,-0.08297451744054125
S4256668200339016,/Users/adityasingh/Projects/Vocal-X/data_pipeline/raw/ta/ta_010_S4256668200339016.flac,tamil,S4259734500395875,/Users/adityasingh/Projects/Vocal-X/data_pipeline/raw/mr/mr_009_S4259734500395875.flac,marathi,different_speaker,-0.06306004112406882
S4256668200339016,/Users/adityasingh/Projects/Vocal-X/data_pipeline/raw/ta/ta_010_S4256668200339016.flac,tamil,S4257242800308984,/Users/adityasingh/Projects/Vocal-X/data_pipeline/raw/mr/mr_010_S4257242800308984.flac,marathi,different_speaker,-0.09203809664622288
S4256668200339016,/Users/adityasingh/Projects/Vocal-X/data_pipeline/raw/ta/ta_010_S4256668200339016.flac,tamil,S4257242800308984,/Users/adityasingh/Projects/Vocal-X/data_pipeline/raw/mr/mr_011_S4257242800308984.flac,marathi,different_speaker,-0.1908785144320771
S4256668200339016,/Users/adityasingh/Projects/Vocal-X/data_pipeline/raw/ta/ta_010_S4256668200339016.flac,tamil,S4257242800308984,/Users/adityasingh/Projects/Vocal-X/data_pipeline/raw/mr/mr_012_S4257242800308984.flac,marathi,different_speaker,-0.5191314258414587
S4256668200339016,/Users/adityasingh/Projects/Vocal-X/data_pipeline/raw/ta/ta_010_S4256668200339016.flac,tamil,S4258045600338732,/Users/adityasingh/Projects/Vocal-X/data_pipeline/raw/mr/mr_013_S4258045600338732.flac,marathi,different_speaker,0.2486181303594716
S4256668200339016,/Users/adityasingh/Projects/Vocal-X/data_pipeline/raw/ta/ta_010_S4256668200339016.flac,tamil,S4258045600338732,/Users/adityasingh/Projects/Vocal-X/data_pipeline/raw/mr/mr_014_S4258045600338732.flac,marathi,different_speaker,0.11224935058944178
S4256668200339016,/Users/adityasingh/Projects/Vocal-X/data_pipeline/raw/ta/ta_010_S4256668200339016.flac,tamil,S4258045600338732,/Users/adityasingh/Projects/Vocal-X/data_pipeline/raw/mr/mr_015_S4258045600338732.flac,marathi,different_speaker,-0.0264002675935659
S4256668200339016,/Users/adityasingh/Projects/Vocal-X/data_pipeline/raw/ta/ta_011_S4256668200339016.flac,tamil,S4256668200339016,/Users/adityasingh/Projects/Vocal-X/data_pipeline/raw/ta/ta_012_S4256668200339016.flac,tamil,same_speaker,0.9075146291998175
S4256668200339016,/Users/adityasingh/Projects/Vocal-X/data_pipeline/raw/ta/ta_011_S4256668200339016.flac,tamil,S4259477200334929,/Users/adityasingh/Projects/Vocal-X/data_pipeline/raw/ta/ta_013_S4259477200334929.flac,tamil,different_speaker,-0.25558501888816615
S4256668200339016,/Users/adityasingh/Projects/Vocal-X/data_pipeline/raw/ta/ta_011_S4256668200339016.flac,tamil,S4259477200334929,/Users/adityasingh/Projects/Vocal-X/data_pipeline/raw/ta/ta_014_S4259477200334929.flac,tamil,different_speaker,-0.2660182350529229
S4256668200339016,/Users/adityasingh/Projects/Vocal-X/data_pipeline/raw/ta/ta_011_S4256668200339016.flac,tamil,S4259477200334929,/Users/adityasingh/Projects/Vocal-X/data_pipeline/raw/ta/ta_015_S4259477200334929.flac,tamil,different_speaker,0.00933244960988181
S4256668200339016,/Users/adityasingh/Projects/Vocal-X/data_pipeline/raw/ta/ta_011_S4256668200339016.flac,tamil,S4257363100302319,/Users/adityasingh/Projects/Vocal-X/data_pipeline/raw/te/te_001_S4257363100302319.flac,telugu,different_speaker,-0.06475545524307723
S4256668200339016,/Users/adityasingh/Projects/Vocal-X/data_pipeline/raw/ta/ta_011_S4256668200339016.flac,tamil,S4257363100302319,/Users/adityasingh/Projects/Vocal-X/data_pipeline/raw/te/te_002_S4257363100302319.flac,telugu,different_speaker,0.08831103826321572
S4256668200339016,/Users/adityasingh/Projects/Vocal-X/data_pipeline/raw/ta/ta_011_S4256668200339016.flac,tamil,S4257363100302319,/Users/adityasingh/Projects/Vocal-X/data_pipeline/raw/te/te_003_S4257363100302319.flac,telugu,different_speaker,0.15841239792394224
S4256668200339016,/Users/adityasingh/Projects/Vocal-X/data_pipeline/raw/ta/ta_011_S4256668200339016.flac,tamil,S4259919200330829,/Users/adityasingh/Projects/Vocal-X/data_pipeline/raw/te/te_004_S4259919200330829.flac,telugu,different_speaker,-0.2609596565900714
S4256668200339016,/Users/adityasingh/Projects/Vocal-X/data_pipeline/raw/ta/ta_011_S4256668200339016.flac,tamil,S4259919200330829,/Users/adityasingh/Projects/Vocal-X/data_pipeline/raw/te/te_005_S4259919200330829.flac,telugu,different_speaker,-0.2621146863173433
S4256668200339016,/Users/adityasingh/Projects/Vocal-X/data_pipeline/raw/ta/ta_011_S4256668200339016.flac,tamil,S4259919200330829,/Users/adityasingh/Projects/Vocal-X/data_pipeline/raw/te/te_006_S4259919200330829.flac,telugu,different_speaker,0.06913377157009308
S4256668200339016,/Users/adityasingh/Projects/Vocal-X/data_pipeline/raw/ta/ta_011_S4256668200339016.flac,tamil,S4259557300391493,/Users/adityasingh/Projects/Vocal-X/data_pipeline/raw/te/te_007_S4259557300391493.flac,telugu,different_speaker,-0.07288323970214197
S4256668200339016,/Users/adityasingh/Projects/Vocal-X/data_pipeline/raw/ta/ta_011_S4256668200339016.flac,tamil,S4259557300391493,/Users/adityasingh/Projects/Vocal-X/data_pipeline/raw/te/te_008_S4259557300391493.flac,telugu,different_speaker,0.08867603309362215
S4256668200339016,/Users/adityasingh/Projects/Vocal-X/data_pipeline/raw/ta/ta_011_S4256668200339016.flac,tamil,S4259557300391493,/Users/adityasingh/Projects/Vocal-X/data_pipeline/raw/te/te_009_S4259557300391493.flac,telugu,different_speaker,-0.02033540194426244
S4256668200339016,/Users/adityasingh/Projects/Vocal-X/data_pipeline/raw/ta/ta_011_S4256668200339016.flac,tamil,S4259010000375320,/Users/adityasingh/Projects/Vocal-X/data_pipeline/raw/te/te_010_S4259010000375320.flac,telugu,different_speaker,0.01195315114890023
S4256668200339016,/Users/adityasingh/Projects/Vocal-X/data_pipeline/raw/ta/ta_011_S4256668200339016.flac,tamil,S4259010000375320,/Users/adityasingh/Projects/Vocal-X/data_pipeline/raw/te/te_011_S4259010000375320.flac,telugu,different_speaker,0.13100537247471594
S4256668200339016,/Users/adityasingh/Projects/Vocal-X/data_pipeline/raw/ta/ta_011_S4256668200339016.flac,tamil,S4259010000375320,/Users/adityasingh/Projects/Vocal-X/data_pipeline/raw/te/te_012_S4259010000375320.flac,telugu,different_speaker,0.2083146832410687
S4256668200339016,/Users/adityasingh/Projects/Vocal-X/data_pipeline/raw/ta/ta_011_S4256668200339016.flac,tamil,S4257321800337643,/Users/adityasingh/Projects/Vocal-X/data_pipeline/raw/te/te_013_S4257321800337643.flac,telugu,different_speaker,-0.2504662826484925
S4256668200339016,/Users/adityasingh/Projects/Vocal-X/data_pipeline/raw/ta/ta_011_S4256668200339016.flac,tamil,S4257321800337643,/Users/adityasingh/Projects/Vocal-X/data_pipeline/raw/te/te_014_S4257321800337643.flac,telugu,different_speaker,-0.2939266458632252
S4256668200339016,/Users/adityasingh/Projects/Vocal-X/data_pipeline/raw/ta/ta_011_S4256668200339016.flac,tamil,S4257321800337643,/Users/adityasingh/Projects/Vocal-X/data_pipeline/raw/te/te_015_S4257321800337643.flac,telugu,different_speaker,-0.46774603605732273
S4256668200339016,/Users/adityasingh/Projects/Vocal-X/data_pipeline/raw/ta/ta_011_S4256668200339016.flac,tamil,S4258725600395882,/Users/adityasingh/Projects/Vocal-X/data_pipeline/raw/mr/mr_001_S4258725600395882.flac,marathi,different_speaker,0.2570832777589246
S4256668200339016,/Users/adityasingh/Projects/Vocal-X/data_pipeline/raw/ta/ta_011_S4256668200339016.flac,tamil,S4258725600395882,/Users/adityasingh/Projects/Vocal-X/data_pipeline/raw/mr/mr_002_S4258725600395882.flac,marathi,different_speaker,0.02054950362714151
S4256668200339016,/Users/adityasingh/Projects/Vocal-X/data_pipeline/raw/ta/ta_011_S4256668200339016.flac,tamil,S4258725600395882,/Users/adityasingh/Projects/Vocal-X/data_pipeline/raw/mr/mr_003_S4258725600395882.flac,marathi,different_speaker,0.07610344389902313
S4256668200339016,/Users/adityasingh/Projects/Vocal-X/data_pipeline/raw/ta/ta_011_S4256668200339016.flac,tamil,S4257020900340702,/Users/adityasingh/Projects/Vocal-X/data_pipeline/raw/mr/mr_004_S4257020900340702.flac,marathi,different_speaker,0.1442128936709541
S4256668200339016,/Users/adityasingh/Projects/Vocal-X/data_pipeline/raw/ta/ta_011_S4256668200339016.flac,tamil,S4257020900340702,/Users/adityasingh/Projects/Vocal-X/data_pipeline/raw/mr/mr_005_S4257020900340702.flac,marathi,different_speaker,0.1419706105665623
S4256668200339016,/Users/adityasingh/Projects/Vocal-X/data_pipeline/raw/ta/ta_011_S4256668200339016.flac,tamil,S4257020900340702,/Users/adityasingh/Projects/Vocal-X/data_pipeline/raw/mr/mr_006_S4257020900340702.flac,marathi,different_speaker,0.11948148525248971
S4256668200339016,/Users/adityasingh/Projects/Vocal-X/data_pipeline/raw/ta/ta_011_S4256668200339016.flac,tamil,S4259734500395875,/Users/adityasingh/Projects/Vocal-X/data_pipeline/raw/mr/mr_007_S4259734500395875.flac,marathi,different_speaker,0.26297794058139645
S4256668200339016,/Users/adityasingh/Projects/Vocal-X/data_pipeline/raw/ta/ta_011_S4256668200339016.flac,tamil,S4259734500395875,/Users/adityasingh/Projects/Vocal-X/data_pipeline/raw/mr/mr_008_S4259734500395875.flac,marathi,different_speaker,-0.16539119124408572
S4256668200339016,/Users/adityasingh/Projects/Vocal-X/data_pipeline/raw/ta/ta_011_S4256668200339016.flac,tamil,S4259734500395875,/Users/adityasingh/Projects/Vocal-X/data_pipeline/raw/mr/mr_009_S4259734500395875.flac,marathi,different_speaker,-0.038708939793459504
S4256668200339016,/Users/adityasingh/Projects/Vocal-X/data_pipeline/raw/ta/ta_011_S4256668200339016.flac,tamil,S4257242800308984,/Users/adityasingh/Projects/Vocal-X/data_pipeline/raw/mr/mr_010_S4257242800308984.flac,marathi,different_speaker,-0.026188772535979184
S4256668200339016,/Users/adityasingh/Projects/Vocal-X/data_pipeline/raw/ta/ta_011_S4256668200339016.flac,tamil,S4257242800308984,/Users/adityasingh/Projects/Vocal-X/data_pipeline/raw/mr/mr_011_S4257242800308984.flac,marathi,different_speaker,0.06215113575781734
S4256668200339016,/Users/adityasingh/Projects/Vocal-X/data_pipeline/raw/ta/ta_011_S4256668200339016.flac,tamil,S4257242800308984,/Users/adityasingh/Projects/Vocal-X/data_pipeline/raw/mr/mr_012_S4257242800308984.flac,marathi,different_speaker,-0.5510551294218161
S4256668200339016,/Users/adityasingh/Projects/Vocal-X/data_pipeline/raw/ta/ta_011_S4256668200339016.flac,tamil,S4258045600338732,/Users/adityasingh/Projects/Vocal-X/data_pipeline/raw/mr/mr_013_S4258045600338732.flac,marathi,different_speaker,0.10508069956667748
S4256668200339016,/Users/adityasingh/Projects/Vocal-X/data_pipeline/raw/ta/ta_011_S4256668200339016.flac,tamil,S4258045600338732,/Users/adityasingh/Projects/Vocal-X/data_pipeline/raw/mr/mr_014_S4258045600338732.flac,marathi,different_speaker,-0.01595927666405943
S4256668200339016,/Users/adityasingh/Projects/Vocal-X/data_pipeline/raw/ta/ta_011_S4256668200339016.flac,tamil,S4258045600338732,/Users/adityasingh/Projects/Vocal-X/data_pipeline/raw/mr/mr_015_S4258045600338732.flac,marathi,different_speaker,-0.012942468550585716
S4256668200339016,/Users/adityasingh/Projects/Vocal-X/data_pipeline/raw/ta/ta_012_S4256668200339016.flac,tamil,S4259477200334929,/Users/adityasingh/Projects/Vocal-X/data_pipeline/raw/ta/ta_013_S4259477200334929.flac,tamil,different_speaker,-0.18556150866882432
S4256668200339016,/Users/adityasingh/Projects/Vocal-X/data_pipeline/raw/ta/ta_012_S4256668200339016.flac,tamil,S4259477200334929,/Users/adityasingh/Projects/Vocal-X/data_pipeline/raw/ta/ta_014_S4259477200334929.flac,tamil,different_speaker,-0.2247934370354069
S4256668200339016,/Users/adityasingh/Projects/Vocal-X/data_pipeline/raw/ta/ta_012_S4256668200339016.flac,tamil,S4259477200334929,/Users/adityasingh/Projects/Vocal-X/data_pipeline/raw/ta/ta_015_S4259477200334929.flac,tamil,different_speaker,-0.010503118927984762
S4256668200339016,/Users/adityasingh/Projects/Vocal-X/data_pipeline/raw/ta/ta_012_S4256668200339016.flac,tamil,S4257363100302319,/Users/adityasingh/Projects/Vocal-X/data_pipeline/raw/te/te_001_S4257363100302319.flac,telugu,different_speaker,0.062083069701172604
S4256668200339016,/Users/adityasingh/Projects/Vocal-X/data_pipeline/raw/ta/ta_012_S4256668200339016.flac,tamil,S4257363100302319,/Users/adityasingh/Projects/Vocal-X/data_pipeline/raw/te/te_002_S4257363100302319.flac,telugu,different_speaker,0.2501826410185588
S4256668200339016,/Users/adityasingh/Projects/Vocal-X/data_pipeline/raw/ta/ta_012_S4256668200339016.flac,tamil,S4257363100302319,/Users/adityasingh/Projects/Vocal-X/data_pipeline/raw/te/te_003_S4257363100302319.flac,telugu,different_speaker,0.4333964491790308
S4256668200339016,/Users/adityasingh/Projects/Vocal-X/data_pipeline/raw/ta/ta_012_S4256668200339016.flac,tamil,S4259919200330829,/Users/adityasingh/Projects/Vocal-X/data_pipeline/raw/te/te_004_S4259919200330829.flac,telugu,different_speaker,-0.24523735968430493
S4256668200339016,/Users/adityasingh/Projects/Vocal-X/data_pipeline/raw/ta/ta_012_S4256668200339016.flac,tamil,S4259919200330829,/Users/adityasingh/Projects/Vocal-X/data_pipeline/raw/te/te_005_S4259919200330829.flac,telugu,different_speaker,-0.17420388301931344
S4256668200339016,/Users/adityasingh/Projects/Vocal-X/data_pipeline/raw/ta/ta_012_S4256668200339016.flac,tamil,S4259919200330829,/Users/adityasingh/Projects/Vocal-X/data_pipeline/raw/te/te_006_S4259919200330829.flac,telugu,different_speaker,0.09166932661407513
S4256668200339016,/Users/adityasingh/Projects/Vocal-X/data_pipeline/raw/ta/ta_012_S4256668200339016.flac,tamil,S4259557300391493,/Users/adityasingh/Projects/Vocal-X/data_pipeline/raw/te/te_007_S4259557300391493.flac,telugu,different_speaker,-0.0627194643366022
S4256668200339016,/Users/adityasingh/Projects/Vocal-X/data_pipeline/raw/ta/ta_012_S4256668200339016.flac,tamil,S4259557300391493,/Users/adityasingh/Projects/Vocal-X/data_pipeline/raw/te/te_008_S4259557300391493.flac,telugu,different_speaker,0.125005186710906
S4256668200339016,/Users/adityasingh/Projects/Vocal-X/data_pipeline/raw/ta/ta_012_S4256668200339016.flac,tamil,S4259557300391493,/Users/adityasingh/Projects/Vocal-X/data_pipeline/raw/te/te_009_S4259557300391493.flac,telugu,different_speaker,0.004230916343847391
S4256668200339016,/Users/adityasingh/Projects/Vocal-X/data_pipeline/raw/ta/ta_012_S4256668200339016.flac,tamil,S4259010000375320,/Users/adityasingh/Projects/Vocal-X/data_pipeline/raw/te/te_010_S4259010000375320.flac,telugu,different_speaker,0.08648295397707476
S4256668200339016,/Users/adityasingh/Projects/Vocal-X/data_pipeline/raw/ta/ta_012_S4256668200339016.flac,tamil,S4259010000375320,/Users/adityasingh/Projects/Vocal-X/data_pipeline/raw/te/te_011_S4259010000375320.flac,telugu,different_speaker,0.09623199021383187
S4256668200339016,/Users/adityasingh/Projects/Vocal-X/data_pipeline/raw/ta/ta_012_S4256668200339016.flac,tamil,S4259010000375320,/Users/adityasingh/Projects/Vocal-X/data_pipeline/raw/te/te_012_S4259010000375320.flac,telugu,different_speaker,0.22306040927269882
S4256668200339016,/Users/adityasingh/Projects/Vocal-X/data_pipeline/raw/ta/ta_012_S4256668200339016.flac,tamil,S4257321800337643,/Users/adityasingh/Projects/Vocal-X/data_pipeline/raw/te/te_013_S4257321800337643.flac,telugu,different_speaker,-0.2649977530899252
S4256668200339016,/Users/adityasingh/Projects/Vocal-X/data_pipeline/raw/ta/ta_012_S4256668200339016.flac,tamil,S4257321800337643,/Users/adityasingh/Projects/Vocal-X/data_pipeline/raw/te/te_014_S4257321800337643.flac,telugu,different_speaker,-0.29340899373530643
S4256668200339016,/Users/adityasingh/Projects/Vocal-X/data_pipeline/raw/ta/ta_012_S4256668200339016.flac,tamil,S4257321800337643,/Users/adityasingh/Projects/Vocal-X/data_pipeline/raw/te/te_015_S4257321800337643.flac,telugu,different_speaker,-0.41952175045498336
S4256668200339016,/Users/adityasingh/Projects/Vocal-X/data_pipeline/raw/ta/ta_012_S4256668200339016.flac,tamil,S4258725600395882,/Users/adityasingh/Projects/Vocal-X/data_pipeline/raw/mr/mr_001_S4258725600395882.flac,marathi,different_speaker,0.15129990910548946
S4256668200339016,/Users/adityasingh/Projects/Vocal-X/data_pipeline/raw/ta/ta_012_S4256668200339016.flac,tamil,S4258725600395882,/Users/adityasingh/Projects/Vocal-X/data_pipeline/raw/mr/mr_002_S4258725600395882.flac,marathi,different_speaker,-0.06891701579052305
S4256668200339016,/Users/adityasingh/Projects/Vocal-X/data_pipeline/raw/ta/ta_012_S4256668200339016.flac,tamil,S4258725600395882,/Users/adityasingh/Projects/Vocal-X/data_pipeline/raw/mr/mr_003_S4258725600395882.flac,marathi,different_speaker,0.0486133783289741
S4256668200339016,/Users/adityasingh/Projects/Vocal-X/data_pipeline/raw/ta/ta_012_S4256668200339016.flac,tamil,S4257020900340702,/Users/adityasingh/Projects/Vocal-X/data_pipeline/raw/mr/mr_004_S4257020900340702.flac,marathi,different_speaker,0.20894819420105867
S4256668200339016,/Users/adityasingh/Projects/Vocal-X/data_pipeline/raw/ta/ta_012_S4256668200339016.flac,tamil,S4257020900340702,/Users/adityasingh/Projects/Vocal-X/data_pipeline/raw/mr/mr_005_S4257020900340702.flac,marathi,different_speaker,0.20238106830381639
S4256668200339016,/Users/adityasingh/Projects/Vocal-X/data_pipeline/raw/ta/ta_012_S4256668200339016.flac,tamil,S4257020900340702,/Users/adityasingh/Projects/Vocal-X/data_pipeline/raw/mr/mr_006_S4257020900340702.flac,marathi,different_speaker,0.23360666100375913
S4256668200339016,/Users/adityasingh/Projects/Vocal-X/data_pipeline/raw/ta/ta_012_S4256668200339016.flac,tamil,S4259734500395875,/Users/adityasingh/Projects/Vocal-X/data_pipeline/raw/mr/mr_007_S4259734500395875.flac,marathi,different_speaker,0.2751817225443174
S4256668200339016,/Users/adityasingh/Projects/Vocal-X/data_pipeline/raw/ta/ta_012_S4256668200339016.flac,tamil,S4259734500395875,/Users/adityasingh/Projects/Vocal-X/data_pipeline/raw/mr/mr_008_S4259734500395875.flac,marathi,different_speaker,-0.0480353425005053
S4256668200339016,/Users/adityasingh/Projects/Vocal-X/data_pipeline/raw/ta/ta_012_S4256668200339016.flac,tamil,S4259734500395875,/Users/adityasingh/Projects/Vocal-X/data_pipeline/raw/mr/mr_009_S4259734500395875.flac,marathi,different_speaker,-0.004206438179728776
S4256668200339016,/Users/adityasingh/Projects/Vocal-X/data_pipeline/raw/ta/ta_012_S4256668200339016.flac,tamil,S4257242800308984,/Users/adityasingh/Projects/Vocal-X/data_pipeline/raw/mr/mr_010_S4257242800308984.flac,marathi,different_speaker,-0.06999521698575352
S4256668200339016,/Users/adityasingh/Projects/Vocal-X/data_pipeline/raw/ta/ta_012_S4256668200339016.flac,tamil,S4257242800308984,/Users/adityasingh/Projects/Vocal-X/data_pipeline/raw/mr/mr_011_S4257242800308984.flac,marathi,different_speaker,-0.10009204270648857
S4256668200339016,/Users/adityasingh/Projects/Vocal-X/data_pipeline/raw/ta/ta_012_S4256668200339016.flac,tamil,S4257242800308984,/Users/adityasingh/Projects/Vocal-X/data_pipeline/raw/mr/mr_012_S4257242800308984.flac,marathi,different_speaker,-0.5550669508338137
S4256668200339016,/Users/adityasingh/Projects/Vocal-X/data_pipeline/raw/ta/ta_012_S4256668200339016.flac,tamil,S4258045600338732,/Users/adityasingh/Projects/Vocal-X/data_pipeline/raw/mr/mr_013_S4258045600338732.flac,marathi,different_speaker,0.23522744297517875
S4256668200339016,/Users/adityasingh/Projects/Vocal-X/data_pipeline/raw/ta/ta_012_S4256668200339016.flac,tamil,S4258045600338732,/Users/adityasingh/Projects/Vocal-X/data_pipeline/raw/mr/mr_014_S4258045600338732.flac,marathi,different_speaker,0.14967992433965252
S4256668200339016,/Users/adityasingh/Projects/Vocal-X/data_pipeline/raw/ta/ta_012_S4256668200339016.flac,tamil,S4258045600338732,/Users/adityasingh/Projects/Vocal-X/data_pipeline/raw/mr/mr_015_S4258045600338732.flac,marathi,different_speaker,0.0017059175559295387
S4259477200334929,/Users/adityasingh/Projects/Vocal-X/data_pipeline/raw/ta/ta_013_S4259477200334929.flac,tamil,S4259477200334929,/Users/adityasingh/Projects/Vocal-X/data_pipeline/raw/ta/ta_014_S4259477200334929.flac,tamil,same_speaker,0.9222624032178234
S4259477200334929,/Users/adityasingh/Projects/Vocal-X/data_pipeline/raw/ta/ta_013_S4259477200334929.flac,tamil,S4259477200334929,/Users/adityasingh/Projects/Vocal-X/data_pipeline/raw/ta/ta_015_S4259477200334929.flac,tamil,same_speaker,0.8902218422723164
S4259477200334929,/Users/adityasingh/Projects/Vocal-X/data_pipeline/raw/ta/ta_013_S4259477200334929.flac,tamil,S4257363100302319,/Users/adityasingh/Projects/Vocal-X/data_pipeline/raw/te/te_001_S4257363100302319.flac,telugu,different_speaker,0.14186495564739807
S4259477200334929,/Users/adityasingh/Projects/Vocal-X/data_pipeline/raw/ta/ta_013_S4259477200334929.flac,tamil,S4257363100302319,/Users/adityasingh/Projects/Vocal-X/data_pipeline/raw/te/te_002_S4257363100302319.flac,telugu,different_speaker,-0.051896720408028535
S4259477200334929,/Users/adityasingh/Projects/Vocal-X/data_pipeline/raw/ta/ta_013_S4259477200334929.flac,tamil,S4257363100302319,/Users/adityasingh/Projects/Vocal-X/data_pipeline/raw/te/te_003_S4257363100302319.flac,telugu,different_speaker,0.09404965375029216
S4259477200334929,/Users/adityasingh/Projects/Vocal-X/data_pipeline/raw/ta/ta_013_S4259477200334929.flac,tamil,S4259919200330829,/Users/adityasingh/Projects/Vocal-X/data_pipeline/raw/te/te_004_S4259919200330829.flac,telugu,different_speaker,-0.5545686012582979
S4259477200334929,/Users/adityasingh/Projects/Vocal-X/data_pipeline/raw/ta/ta_013_S4259477200334929.flac,tamil,S4259919200330829,/Users/adityasingh/Projects/Vocal-X/data_pipeline/raw/te/te_005_S4259919200330829.flac,telugu,different_speaker,-0.25446315854643975
S4259477200334929,/Users/adityasingh/Projects/Vocal-X/data_pipeline/raw/ta/ta_013_S4259477200334929.flac,tamil,S4259919200330829,/Users/adityasingh/Projects/Vocal-X/data_pipeline/raw/te/te_006_S4259919200330829.flac,telugu,different_speaker,-0.45301025159836217
S4259477200334929,/Users/adityasingh/Projects/Vocal-X/data_pipeline/raw/ta/ta_013_S4259477200334929.flac,tamil,S4259557300391493,/Users/adityasingh/Projects/Vocal-X/data_pipeline/raw/te/te_007_S4259557300391493.flac,telugu,different_speaker,-0.2997601415106081
S4259477200334929,/Users/adityasingh/Projects/Vocal-X/data_pipeline/raw/ta/ta_013_S4259477200334929.flac,tamil,S4259557300391493,/Users/adityasingh/Projects/Vocal-X/data_pipeline/raw/te/te_008_S4259557300391493.flac,telugu,different_speaker,-0.33099655878024925
S4259477200334929,/Users/adityasingh/Projects/Vocal-X/data_pipeline/raw/ta/ta_013_S4259477200334929.flac,tamil,S4259557300391493,/Users/adityasingh/Projects/Vocal-X/data_pipeline/raw/te/te_009_S4259557300391493.flac,telugu,different_speaker,-0.24475222621205014
S4259477200334929,/Users/adityasingh/Projects/Vocal-X/data_pipeline/raw/ta/ta_013_S4259477200334929.flac,tamil,S4259010000375320,/Users/adityasingh/Projects/Vocal-X/data_pipeline/raw/te/te_010_S4259010000375320.flac,telugu,different_speaker,-0.19395906607103391
S4259477200334929,/Users/adityasingh/Projects/Vocal-X/data_pipeline/raw/ta/ta_013_S4259477200334929.flac,tamil,S4259010000375320,/Users/adityasingh/Projects/Vocal-X/data_pipeline/raw/te/te_011_S4259010000375320.flac,telugu,different_speaker,-0.2643495722448829
S4259477200334929,/Users/adityasingh/Projects/Vocal-X/data_pipeline/raw/ta/ta_013_S4259477200334929.flac,tamil,S4259010000375320,/Users/adityasingh/Projects/Vocal-X/data_pipeline/raw/te/te_012_S4259010000375320.flac,telugu,different_speaker,-0.16754259292215865
S4259477200334929,/Users/adityasingh/Projects/Vocal-X/data_pipeline/raw/ta/ta_013_S4259477200334929.flac,tamil,S4257321800337643,/Users/adityasingh/Projects/Vocal-X/data_pipeline/raw/te/te_013_S4257321800337643.flac,telugu,different_speaker,0.2991761459746234
S4259477200334929,/Users/adityasingh/Projects/Vocal-X/data_pipeline/raw/ta/ta_013_S4259477200334929.flac,tamil,S4257321800337643,/Users/adityasingh/Projects/Vocal-X/data_pipeline/raw/te/te_014_S4257321800337643.flac,telugu,different_speaker,0.015523575632196607
S4259477200334929,/Users/adityasingh/Projects/Vocal-X/data_pipeline/raw/ta/ta_013_S4259477200334929.flac,tamil,S4257321800337643,/Users/adityasingh/Projects/Vocal-X/data_pipeline/raw/te/te_015_S4257321800337643.flac,telugu,different_speaker,0.12129629369164323
S4259477200334929,/Users/adityasingh/Projects/Vocal-X/data_pipeline/raw/ta/ta_013_S4259477200334929.flac,tamil,S4258725600395882,/Users/adityasingh/Projects/Vocal-X/data_pipeline/raw/mr/mr_001_S4258725600395882.flac,marathi,different_speaker,-0.17662016511360415
S4259477200334929,/Users/adityasingh/Projects/Vocal-X/data_pipeline/raw/ta/ta_013_S4259477200334929.flac,tamil,S4258725600395882,/Users/adityasingh/Projects/Vocal-X/data_pipeline/raw/mr/mr_002_S4258725600395882.flac,marathi,different_speaker,-0.5631579294267065
S4259477200334929,/Users/adityasingh/Projects/Vocal-X/data_pipeline/raw/ta/ta_013_S4259477200334929.flac,tamil,S4258725600395882,/Users/adityasingh/Projects/Vocal-X/data_pipeline/raw/mr/mr_003_S4258725600395882.flac,marathi,different_speaker,-0.4392460317134935
S4259477200334929,/Users/adityasingh/Projects/Vocal-X/data_pipeline/raw/ta/ta_013_S4259477200334929.flac,tamil,S4257020900340702,/Users/adityasingh/Projects/Vocal-X/data_pipeline/raw/mr/mr_004_S4257020900340702.flac,marathi,different_speaker,0.3920307233204707
S4259477200334929,/Users/adityasingh/Projects/Vocal-X/data_pipeline/raw/ta/ta_013_S4259477200334929.flac,tamil,S4257020900340702,/Users/adityasingh/Projects/Vocal-X/data_pipeline/raw/mr/mr_005_S4257020900340702.flac,marathi,different_speaker,0.3505512886966744
S4259477200334929,/Users/adityasingh/Projects/Vocal-X/data_pipeline/raw/ta/ta_013_S4259477200334929.flac,tamil,S4257020900340702,/Users/adityasingh/Projects/Vocal-X/data_pipeline/raw/mr/mr_006_S4257020900340702.flac,marathi,different_speaker,0.5019441807124793
S4259477200334929,/Users/adityasingh/Projects/Vocal-X/data_pipeline/raw/ta/ta_013_S4259477200334929.flac,tamil,S4259734500395875,/Users/adityasingh/Projects/Vocal-X/data_pipeline/raw/mr/mr_007_S4259734500395875.flac,marathi,different_speaker,-0.20323888652364128
S4259477200334929,/Users/adityasingh/Projects/Vocal-X/data_pipeline/raw/ta/ta_013_S4259477200334929.flac,tamil,S4259734500395875,/Users/adityasingh/Projects/Vocal-X/data_pipeline/raw/mr/mr_008_S4259734500395875.flac,marathi,different_speaker,-0.22063194888096144
S4259477200334929,/Users/adityasingh/Projects/Vocal-X/data_pipeline/raw/ta/ta_013_S4259477200334929.flac,tamil,S4259734500395875,/Users/adityasingh/Projects/Vocal-X/data_pipeline/raw/mr/mr_009_S4259734500395875.flac,marathi,different_speaker,-0.23264758779782602
S4259477200334929,/Users/adityasingh/Projects/Vocal-X/data_pipeline/raw/ta/ta_013_S4259477200334929.flac,tamil,S4257242800308984,/Users/adityasingh/Projects/Vocal-X/data_pipeline/raw/mr/mr_010_S4257242800308984.flac,marathi,different_speaker,-0.11448449104082857
S4259477200334929,/Users/adityasingh/Projects/Vocal-X/data_pipeline/raw/ta/ta_013_S4259477200334929.flac,tamil,S4257242800308984,/Users/adityasingh/Projects/Vocal-X/data_pipeline/raw/mr/mr_011_S4257242800308984.flac,marathi,different_speaker,-0.4619240986002375
S4259477200334929,/Users/adityasingh/Projects/Vocal-X/data_pipeline/raw/ta/ta_013_S4259477200334929.flac,tamil,S4257242800308984,/Users/adityasingh/Projects/Vocal-X/data_pipeline/raw/mr/mr_012_S4257242800308984.flac,marathi,different_speaker,0.1888138679314947
S4259477200334929,/Users/adityasingh/Projects/Vocal-X/data_pipeline/raw/ta/ta_013_S4259477200334929.flac,tamil,S4258045600338732,/Users/adityasingh/Projects/Vocal-X/data_pipeline/raw/mr/mr_013_S4258045600338732.flac,marathi,different_speaker,0.03597150963573833
S4259477200334929,/Users/adityasingh/Projects/Vocal-X/data_pipeline/raw/ta/ta_013_S4259477200334929.flac,tamil,S4258045600338732,/Users/adityasingh/Projects/Vocal-X/data_pipeline/raw/mr/mr_014_S4258045600338732.flac,marathi,different_speaker,0.028224345873530815
S4259477200334929,/Users/adityasingh/Projects/Vocal-X/data_pipeline/raw/ta/ta_013_S4259477200334929.flac,tamil,S4258045600338732,/Users/adityasingh/Projects/Vocal-X/data_pipeline/raw/mr/mr_015_S4258045600338732.flac,marathi,different_speaker,0.0012949548982339521
S4259477200334929,/Users/adityasingh/Projects/Vocal-X/data_pipeline/raw/ta/ta_014_S4259477200334929.flac,tamil,S4259477200334929,/Users/adityasingh/Projects/Vocal-X/data_pipeline/raw/ta/ta_015_S4259477200334929.flac,tamil,same_speaker,0.8337215136814659
S4259477200334929,/Users/adityasingh/Projects/Vocal-X/data_pipeline/raw/ta/ta_014_S4259477200334929.flac,tamil,S4257363100302319,/Users/adityasingh/Projects/Vocal-X/data_pipeline/raw/te/te_001_S4257363100302319.flac,telugu,different_speaker,-0.01092750528492686
S4259477200334929,/Users/adityasingh/Projects/Vocal-X/data_pipeline/raw/ta/ta_014_S4259477200334929.flac,tamil,S4257363100302319,/Users/adityasingh/Projects/Vocal-X/data_pipeline/raw/te/te_002_S4257363100302319.flac,telugu,different_speaker,-0.09706490535570671
S4259477200334929,/Users/adityasingh/Projects/Vocal-X/data_pipeline/raw/ta/ta_014_S4259477200334929.flac,tamil,S4257363100302319,/Users/adityasingh/Projects/Vocal-X/data_pipeline/raw/te/te_003_S4257363100302319.flac,telugu,different_speaker,-0.07224283927413802
S4259477200334929,/Users/adityasingh/Projects/Vocal-X/data_pipeline/raw/ta/ta_014_S4259477200334929.flac,tamil,S4259919200330829,/Users/adityasingh/Projects/Vocal-X/data_pipeline/raw/te/te_004_S4259919200330829.flac,telugu,different_speaker,-0.5428752722073208
S4259477200334929,/Users/adityasingh/Projects/Vocal-X/data_pipeline/raw/ta/ta_014_S4259477200334929.flac,tamil,S4259919200330829,/Users/adityasingh/Projects/Vocal-X/data_pipeline/raw/te/te_005_S4259919200330829.flac,telugu,different_speaker,-0.24422144358710443
S4259477200334929,/Users/adityasingh/Projects/Vocal-X/data_pipeline/raw/ta/ta_014_S4259477200334929.flac,tamil,S4259919200330829,/Users/adityasingh/Projects/Vocal-X/data_pipeline/raw/te/te_006_S4259919200330829.flac,telugu,different_speaker,-0.47353656340544575
S4259477200334929,/Users/adityasingh/Projects/Vocal-X/data_pipeline/raw/ta/ta_014_S4259477200334929.flac,tamil,S4259557300391493,/Users/adityasingh/Projects/Vocal-X/data_pipeline/raw/te/te_007_S4259557300391493.flac,telugu,different_speaker,-0.39510440875699293
S4259477200334929,/Users/adityasingh/Projects/Vocal-X/data_pipeline/raw/ta/ta_014_S4259477200334929.flac,tamil,S4259557300391493,/Users/adityasingh/Projects/Vocal-X/data_pipeline/raw/te/te_008_S4259557300391493.flac,telugu,different_speaker,-0.36519168640614946
S4259477200334929,/Users/adityasingh/Projects/Vocal-X/data_pipeline/raw/ta/ta_014_S4259477200334929.flac,tamil,S4259557300391493,/Users/adityasingh/Projects/Vocal-X/data_pipeline/raw/te/te_009_S4259557300391493.flac,telugu,different_speaker,-0.3201660481138462
S4259477200334929,/Users/adityasingh/Projects/Vocal-X/data_pipeline/raw/ta/ta_014_S4259477200334929.flac,tamil,S4259010000375320,/Users/adityasingh/Projects/Vocal-X/data_pipeline/raw/te/te_010_S4259010000375320.flac,telugu,different_speaker,-0.22018597740738308
S4259477200334929,/Users/adityasingh/Projects/Vocal-X/data_pipeline/raw/ta/ta_014_S4259477200334929.flac,tamil,S4259010000375320,/Users/adityasingh/Projects/Vocal-X/data_pipeline/raw/te/te_011_S4259010000375320.flac,telugu,different_speaker,-0.24736414953547414
S4259477200334929,/Users/adityasingh/Projects/Vocal-X/data_pipeline/raw/ta/ta_014_S4259477200334929.flac,tamil,S4259010000375320,/Users/adityasingh/Projects/Vocal-X/data_pipeline/raw/te/te_012_S4259010000375320.flac,telugu,different_speaker,-0.23931785882139137
S4259477200334929,/Users/adityasingh/Projects/Vocal-X/data_pipeline/raw/ta/ta_014_S4259477200334929.flac,tamil,S4257321800337643,/Users/adityasingh/Projects/Vocal-X/data_pipeline/raw/te/te_013_S4257321800337643.flac,telugu,different_speaker,0.12224321301274114
S4259477200334929,/Users/adityasingh/Projects/Vocal-X/data_pipeline/raw/ta/ta_014_S4259477200334929.flac,tamil,S4257321800337643,/Users/adityasingh/Projects/Vocal-X/data_pipeline/raw/te/te_014_S4257321800337643.flac,telugu,different_speaker,-0.0576413134789472
S4259477200334929,/Users/adityasingh/Projects/Vocal-X/data_pipeline/raw/ta/ta_014_S4259477200334929.flac,tamil,S4257321800337643,/Users/adityasingh/Projects/Vocal-X/data_pipeline/raw/te/te_015_S4257321800337643.flac,telugu,different_speaker,0.0037807312546082415
S4259477200334929,/Users/adityasingh/Projects/Vocal-X/data_pipeline/raw/ta/ta_014_S4259477200334929.flac,tamil,S4258725600395882,/Users/adityasingh/Projects/Vocal-X/data_pipeline/raw/mr/mr_001_S4258725600395882.flac,marathi,different_speaker,-0.18343869229951848
S4259477200334929,/Users/adityasingh/Projects/Vocal-X/data_pipeline/raw/ta/ta_014_S4259477200334929.flac,tamil,S4258725600395882,/Users/adityasingh/Projects/Vocal-X/data_pipeline/raw/mr/mr_002_S4258725600395882.flac,marathi,different_speaker,-0.4890433371175049
S4259477200334929,/Users/adityasingh/Projects/Vocal-X/data_pipeline/raw/ta/ta_014_S4259477200334929.flac,tamil,S4258725600395882,/Users/adityasingh/Projects/Vocal-X/data_pipeline/raw/mr/mr_003_S4258725600395882.flac,marathi,different_speaker,-0.45037063730850707
S4259477200334929,/Users/adityasingh/Projects/Vocal-X/data_pipeline/raw/ta/ta_014_S4259477200334929.flac,tamil,S4257020900340702,/Users/adityasingh/Projects/Vocal-X/data_pipeline/raw/mr/mr_004_S4257020900340702.flac,marathi,different_speaker,0.3858917238978458
S4259477200334929,/Users/adityasingh/Projects/Vocal-X/data_pipeline/raw/ta/ta_014_S4259477200334929.flac,tamil,S4257020900340702,/Users/adityasingh/Projects/Vocal-X/data_pipeline/raw/mr/mr_005_S4257020900340702.flac,marathi,different_speaker,0.3630714268766308
S4259477200334929,/Users/adityasingh/Projects/Vocal-X/data_pipeline/raw/ta/ta_014_S4259477200334929.flac,tamil,S4257020900340702,/Users/adityasingh/Projects/Vocal-X/data_pipeline/raw/mr/mr_006_S4257020900340702.flac,marathi,different_speaker,0.45156792718217964
S4259477200334929,/Users/adityasingh/Projects/Vocal-X/data_pipeline/raw/ta/ta_014_S4259477200334929.flac,tamil,S4259734500395875,/Users/adityasingh/Projects/Vocal-X/data_pipeline/raw/mr/mr_007_S4259734500395875.flac,marathi,different_speaker,-0.32670834158124984
S4259477200334929,/Users/adityasingh/Projects/Vocal-X/data_pipeline/raw/ta/ta_014_S4259477200334929.flac,tamil,S4259734500395875,/Users/adityasingh/Projects/Vocal-X/data_pipeline/raw/mr/mr_008_S4259734500395875.flac,marathi,different_speaker,-0.24060495441038657
S4259477200334929,/Users/adityasingh/Projects/Vocal-X/data_pipeline/raw/ta/ta_014_S4259477200334929.flac,tamil,S4259734500395875,/Users/adityasingh/Projects/Vocal-X/data_pipeline/raw/mr/mr_009_S4259734500395875.flac,marathi,different_speaker,-0.15968278381642817
S4259477200334929,/Users/adityasingh/Projects/Vocal-X/data_pipeline/raw/ta/ta_014_S4259477200334929.flac,tamil,S4257242800308984,/Users/adityasingh/Projects/Vocal-X/data_pipeline/raw/mr/mr_010_S4257242800308984.flac,marathi,different_speaker,-0.27361899628695957
S4259477200334929,/Users/adityasingh/Projects/Vocal-X/data_pipeline/raw/ta/ta_014_S4259477200334929.flac,tamil,S4257242800308984,/Users/adityasingh/Projects/Vocal-X/data_pipeline/raw/mr/mr_011_S4257242800308984.flac,marathi,different_speaker,-0.3800479392535112
S4259477200334929,/Users/adityasingh/Projects/Vocal-X/data_pipeline/raw/ta/ta_014_S4259477200334929.flac,tamil,S4257242800308984,/Users/adityasingh/Projects/Vocal-X/data_pipeline/raw/mr/mr_012_S4257242800308984.flac,marathi,different_speaker,0.3015292125060884
S4259477200334929,/Users/adityasingh/Projects/Vocal-X/data_pipeline/raw/ta/ta_014_S4259477200334929.flac,tamil,S4258045600338732,/Users/adityasingh/Projects/Vocal-X/data_pipeline/raw/mr/mr_013_S4258045600338732.flac,marathi,different_speaker,-0.10396248071829123
S4259477200334929,/Users/adityasingh/Projects/Vocal-X/data_pipeline/raw/ta/ta_014_S4259477200334929.flac,tamil,S4258045600338732,/Users/adityasingh/Projects/Vocal-X/data_pipeline/raw/mr/mr_014_S4258045600338732.flac,marathi,different_speaker,-0.13546166327889375
S4259477200334929,/Users/adityasingh/Projects/Vocal-X/data_pipeline/raw/ta/ta_014_S4259477200334929.flac,tamil,S4258045600338732,/Users/adityasingh/Projects/Vocal-X/data_pipeline/raw/mr/mr_015_S4258045600338732.flac,marathi,different_speaker,0.1300525307131688
S4259477200334929,/Users/adityasingh/Projects/Vocal-X/data_pipeline/raw/ta/ta_015_S4259477200334929.flac,tamil,S4257363100302319,/Users/adityasingh/Projects/Vocal-X/data_pipeline/raw/te/te_001_S4257363100302319.flac,telugu,different_speaker,0.11029976128293956
S4259477200334929,/Users/adityasingh/Projects/Vocal-X/data_pipeline/raw/ta/ta_015_S4259477200334929.flac,tamil,S4257363100302319,/Users/adityasingh/Projects/Vocal-X/data_pipeline/raw/te/te_002_S4257363100302319.flac,telugu,different_speaker,0.04397879757408442
S4259477200334929,/Users/adityasingh/Projects/Vocal-X/data_pipeline/raw/ta/ta_015_S4259477200334929.flac,tamil,S4257363100302319,/Users/adityasingh/Projects/Vocal-X/data_pipeline/raw/te/te_003_S4257363100302319.flac,telugu,different_speaker,0.04639090344395355
S4259477200334929,/Users/adityasingh/Projects/Vocal-X/data_pipeline/raw/ta/ta_015_S4259477200334929.flac,tamil,S4259919200330829,/Users/adityasingh/Projects/Vocal-X/data_pipeline/raw/te/te_004_S4259919200330829.flac,telugu,different_speaker,-0.5397514199355264
S4259477200334929,/Users/adityasingh/Projects/Vocal-X/data_pipeline/raw/ta/ta_015_S4259477200334929.flac,tamil,S4259919200330829,/Users/adityasingh/Projects/Vocal-X/data_pipeline/raw/te/te_005_S4259919200330829.flac,telugu,different_speaker,-0.2981746485698445
S4259477200334929,/Users/adityasingh/Projects/Vocal-X/data_pipeline/raw/ta/ta_015_S4259477200334929.flac,tamil,S4259919200330829,/Users/adityasingh/Projects/Vocal-X/data_pipeline/raw/te/te_006_S4259919200330829.flac,telugu,different_speaker,-0.31945165013838966
S4259477200334929,/Users/adityasingh/Projects/Vocal-X/data_pipeline/raw/ta/ta_015_S4259477200334929.flac,tamil,S4259557300391493,/Users/adityasingh/Projects/Vocal-X/data_pipeline/raw/te/te_007_S4259557300391493.flac,telugu,different_speaker,-0.19805064336135936
S4259477200334929,/Users/adityasingh/Projects/Vocal-X/data_pipeline/raw/ta/ta_015_S4259477200334929.flac,tamil,S4259557300391493,/Users/adityasingh/Projects/Vocal-X/data_pipeline/raw/te/te_008_S4259557300391493.flac,telugu,different_speaker,-0.22055996719128548
S4259477200334929,/Users/adityasingh/Projects/Vocal-X/data_pipeline/raw/ta/ta_015_S4259477200334929.flac,tamil,S4259557300391493,/Users/adityasingh/Projects/Vocal-X/data_pipeline/raw/te/te_009_S4259557300391493.flac,telugu,different_speaker,-0.19316835514625205
S4259477200334929,/Users/adityasingh/Projects/Vocal-X/data_pipeline/raw/ta/ta_015_S4259477200334929.flac,tamil,S4259010000375320,/Users/adityasingh/Projects/Vocal-X/data_pipeline/raw/te/te_010_S4259010000375320.flac,telugu,different_speaker,-0.1290999601424136
S4259477200334929,/Users/adityasingh/Projects/Vocal-X/data_pipeline/raw/ta/ta_015_S4259477200334929.flac,tamil,S4259010000375320,/Users/adityasingh/Projects/Vocal-X/data_pipeline/raw/te/te_011_S4259010000375320.flac,telugu,different_speaker,-0.11474481668157659
S4259477200334929,/Users/adityasingh/Projects/Vocal-X/data_pipeline/raw/ta/ta_015_S4259477200334929.flac,tamil,S4259010000375320,/Users/adityasingh/Projects/Vocal-X/data_pipeline/raw/te/te_012_S4259010000375320.flac,telugu,different_speaker,-0.04999137672173422
S4259477200334929,/Users/adityasingh/Projects/Vocal-X/data_pipeline/raw/ta/ta_015_S4259477200334929.flac,tamil,S4257321800337643,/Users/adityasingh/Projects/Vocal-X/data_pipeline/raw/te/te_013_S4257321800337643.flac,telugu,different_speaker,0.22930032029913203
S4259477200334929,/Users/adityasingh/Projects/Vocal-X/data_pipeline/raw/ta/ta_015_S4259477200334929.flac,tamil,S4257321800337643,/Users/adityasingh/Projects/Vocal-X/data_pipeline/raw/te/te_014_S4257321800337643.flac,telugu,different_speaker,0.08715689557108874
S4259477200334929,/Users/adityasingh/Projects/Vocal-X/data_pipeline/raw/ta/ta_015_S4259477200334929.flac,tamil,S4257321800337643,/Users/adityasingh/Projects/Vocal-X/data_pipeline/raw/te/te_015_S4257321800337643.flac,telugu,different_speaker,0.04100371435832983
S4259477200334929,/Users/adityasingh/Projects/Vocal-X/data_pipeline/raw/ta/ta_015_S4259477200334929.flac,tamil,S4258725600395882,/Users/adityasingh/Projects/Vocal-X/data_pipeline/raw/mr/mr_001_S4258725600395882.flac,marathi,different_speaker,-0.004596187181285053
S4259477200334929,/Users/adityasingh/Projects/Vocal-X/data_pipeline/raw/ta/ta_015_S4259477200334929.flac,tamil,S4258725600395882,/Users/adityasingh/Projects/Vocal-X/data_pipeline/raw/mr/mr_002_S4258725600395882.flac,marathi,different_speaker,-0.42666626504194716
S4259477200334929,/Users/adityasingh/Projects/Vocal-X/data_pipeline/raw/ta/ta_015_S4259477200334929.flac,tamil,S4258725600395882,/Users/adityasingh/Projects/Vocal-X/data_pipeline/raw/mr/mr_003_S4258725600395882.flac,marathi,different_speaker,-0.30562888908116526
S4259477200334929,/Users/adityasingh/Projects/Vocal-X/data_pipeline/raw/ta/ta_015_S4259477200334929.flac,tamil,S4257020900340702,/Users/adityasingh/Projects/Vocal-X/data_pipeline/raw/mr/mr_004_S4257020900340702.flac,marathi,different_speaker,0.37488154205189045
S4259477200334929,/Users/adityasingh/Projects/Vocal-X/data_pipeline/raw/ta/ta_015_S4259477200334929.flac,tamil,S4257020900340702,/Users/adityasingh/Projects/Vocal-X/data_pipeline/raw/mr/mr_005_S4257020900340702.flac,marathi,different_speaker,0.31777487128900517
S4259477200334929,/Users/adityasingh/Projects/Vocal-X/data_pipeline/raw/ta/ta_015_S4259477200334929.flac,tamil,S4257020900340702,/Users/adityasingh/Projects/Vocal-X/data_pipeline/raw/mr/mr_006_S4257020900340702.flac,marathi,different_speaker,0.42026054280328345
S4259477200334929,/Users/adityasingh/Projects/Vocal-X/data_pipeline/raw/ta/ta_015_S4259477200334929.flac,tamil,S4259734500395875,/Users/adityasingh/Projects/Vocal-X/data_pipeline/raw/mr/mr_007_S4259734500395875.flac,marathi,different_speaker,-0.0760124298951568
S4259477200334929,/Users/adityasingh/Projects/Vocal-X/data_pipeline/raw/ta/ta_015_S4259477200334929.flac,tamil,S4259734500395875,/Users/adityasingh/Projects/Vocal-X/data_pipeline/raw/mr/mr_008_S4259734500395875.flac,marathi,different_speaker,-0.24619692135092955
S4259477200334929,/Users/adityasingh/Projects/Vocal-X/data_pipeline/raw/ta/ta_015_S4259477200334929.flac,tamil,S4259734500395875,/Users/adityasingh/Projects/Vocal-X/data_pipeline/raw/mr/mr_009_S4259734500395875.flac,marathi,different_speaker,-0.23371683985802025
S4259477200334929,/Users/adityasingh/Projects/Vocal-X/data_pipeline/raw/ta/ta_015_S4259477200334929.flac,tamil,S4257242800308984,/Users/adityasingh/Projects/Vocal-X/data_pipeline/raw/mr/mr_010_S4257242800308984.flac,marathi,different_speaker,-0.21588311212991487
S4259477200334929,/Users/adityasingh/Projects/Vocal-X/data_pipeline/raw/ta/ta_015_S4259477200334929.flac,tamil,S4257242800308984,/Users/adityasingh/Projects/Vocal-X/data_pipeline/raw/mr/mr_011_S4257242800308984.flac,marathi,different_speaker,-0.4083834258938107
S4259477200334929,/Users/adityasingh/Projects/Vocal-X/data_pipeline/raw/ta/ta_015_S4259477200334929.flac,tamil,S4257242800308984,/Users/adityasingh/Projects/Vocal-X/data_pipeline/raw/mr/mr_012_S4257242800308984.flac,marathi,different_speaker,-0.018050764745031395
S4259477200334929,/Users/adityasingh/Projects/Vocal-X/data_pipeline/raw/ta/ta_015_S4259477200334929.flac,tamil,S4258045600338732,/Users/adityasingh/Projects/Vocal-X/data_pipeline/raw/mr/mr_013_S4258045600338732.flac,marathi,different_speaker,0.15410354120512715
S4259477200334929,/Users/adityasingh/Projects/Vocal-X/data_pipeline/raw/ta/ta_015_S4259477200334929.flac,tamil,S4258045600338732,/Users/adityasingh/Projects/Vocal-X/data_pipeline/raw/mr/mr_014_S4258045600338732.flac,marathi,different_speaker,0.03628524959043138
S4259477200334929,/Users/adityasingh/Projects/Vocal-X/data_pipeline/raw/ta/ta_015_S4259477200334929.flac,tamil,S4258045600338732,/Users/adityasingh/Projects/Vocal-X/data_pipeline/raw/mr/mr_015_S4258045600338732.flac,marathi,different_speaker,0.10135657781193075
S4257363100302319,/Users/adityasingh/Projects/Vocal-X/data_pipeline/raw/te/te_001_S4257363100302319.flac,telugu,S4257363100302319,/Users/adityasingh/Projects/Vocal-X/data_pipeline/raw/te/te_002_S4257363100302319.flac,telugu,same_speaker,0.18292133255827484
S4257363100302319,/Users/adityasingh/Projects/Vocal-X/data_pipeline/raw/te/te_001_S4257363100302319.flac,telugu,S4257363100302319,/Users/adityasingh/Projects/Vocal-X/data_pipeline/raw/te/te_003_S4257363100302319.flac,telugu,same_speaker,0.5354039784685728
S4257363100302319,/Users/adityasingh/Projects/Vocal-X/data_pipeline/raw/te/te_001_S4257363100302319.flac,telugu,S4259919200330829,/Users/adityasingh/Projects/Vocal-X/data_pipeline/raw/te/te_004_S4259919200330829.flac,telugu,different_speaker,-0.33420226750678717
S4257363100302319,/Users/adityasingh/Projects/Vocal-X/data_pipeline/raw/te/te_001_S4257363100302319.flac,telugu,S4259919200330829,/Users/adityasingh/Projects/Vocal-X/data_pipeline/raw/te/te_005_S4259919200330829.flac,telugu,different_speaker,-0.356844884184754
S4257363100302319,/Users/adityasingh/Projects/Vocal-X/data_pipeline/raw/te/te_001_S4257363100302319.flac,telugu,S4259919200330829,/Users/adityasingh/Projects/Vocal-X/data_pipeline/raw/te/te_006_S4259919200330829.flac,telugu,different_speaker,-0.2951927875469009
S4257363100302319,/Users/adityasingh/Projects/Vocal-X/data_pipeline/raw/te/te_001_S4257363100302319.flac,telugu,S4259557300391493,/Users/adityasingh/Projects/Vocal-X/data_pipeline/raw/te/te_007_S4259557300391493.flac,telugu,different_speaker,0.06340853592126258
S4257363100302319,/Users/adityasingh/Projects/Vocal-X/data_pipeline/raw/te/te_001_S4257363100302319.flac,telugu,S4259557300391493,/Users/adityasingh/Projects/Vocal-X/data_pipeline/raw/te/te_008_S4259557300391493.flac,telugu,different_speaker,0.2585725186397094
S4257363100302319,/Users/adityasingh/Projects/Vocal-X/data_pipeline/raw/te/te_001_S4257363100302319.flac,telugu,S4259557300391493,/Users/adityasingh/Projects/Vocal-X/data_pipeline/raw/te/te_009_S4259557300391493.flac,telugu,different_speaker,0.4071127809486503
S4257363100302319,/Users/adityasingh/Projects/Vocal-X/data_pipeline/raw/te/te_001_S4257363100302319.flac,telugu,S4259010000375320,/Users/adityasingh/Projects/Vocal-X/data_pipeline/raw/te/te_010_S4259010000375320.flac,telugu,different_speaker,0.1534954584126788
S4257363100302319,/Users/adityasingh/Projects/Vocal-X/data_pipeline/raw/te/te_001_S4257363100302319.flac,telugu,S4259010000375320,/Users/adityasingh/Projects/Vocal-X/data_pipeline/raw/te/te_011_S4259010000375320.flac,telugu,different_speaker,-0.08112461565917509
S4257363100302319,/Users/adityasingh/Projects/Vocal-X/data_pipeline/raw/te/te_001_S4257363100302319.flac,telugu,S4259010000375320,/Users/adityasingh/Projects/Vocal-X/data_pipeline/raw/te/te_012_S4259010000375320.flac,telugu,different_speaker,-0.060325176787823113
S4257363100302319,/Users/adityasingh/Projects/Vocal-X/data_pipeline/raw/te/te_001_S4257363100302319.flac,telugu,S4257321800337643,/Users/adityasingh/Projects/Vocal-X/data_pipeline/raw/te/te_013_S4257321800337643.flac,telugu,different_speaker,0.5846283916289982
S4257363100302319,/Users/adityasingh/Projects/Vocal-X/data_pipeline/raw/te/te_001_S4257363100302319.flac,telugu,S4257321800337643,/Users/adityasingh/Projects/Vocal-X/data_pipeline/raw/te/te_014_S4257321800337643.flac,telugu,different_speaker,0.497476199467716
S4257363100302319,/Users/adityasingh/Projects/Vocal-X/data_pipeline/raw/te/te_001_S4257363100302319.flac,telugu,S4257321800337643,/Users/adityasingh/Projects/Vocal-X/data_pipeline/raw/te/te_015_S4257321800337643.flac,telugu,different_speaker,0.4513621902661454
S4257363100302319,/Users/adityasingh/Projects/Vocal-X/data_pipeline/raw/te/te_001_S4257363100302319.flac,telugu,S4258725600395882,/Users/adityasingh/Projects/Vocal-X/data_pipeline/raw/mr/mr_001_S4258725600395882.flac,marathi,different_speaker,0.0990152153583357
S4257363100302319,/Users/adityasingh/Projects/Vocal-X/data_pipeline/raw/te/te_001_S4257363100302319.flac,telugu,S4258725600395882,/Users/adityasingh/Projects/Vocal-X/data_pipeline/raw/mr/mr_002_S4258725600395882.flac,marathi,different_speaker,-0.15751546222790197
S4257363100302319,/Users/adityasingh/Projects/Vocal-X/data_pipeline/raw/te/te_001_S4257363100302319.flac,telugu,S4258725600395882,/Users/adityasingh/Projects/Vocal-X/data_pipeline/raw/mr/mr_003_S4258725600395882.flac,marathi,different_speaker,-0.10910971234790028
S4257363100302319,/Users/adityasingh/Projects/Vocal-X/data_pipeline/raw/te/te_001_S4257363100302319.flac,telugu,S4257020900340702,/Users/adityasingh/Projects/Vocal-X/data_pipeline/raw/mr/mr_004_S4257020900340702.flac,marathi,different_speaker,0.2754182043292089
S4257363100302319,/Users/adityasingh/Projects/Vocal-X/data_pipeline/raw/te/te_001_S4257363100302319.flac,telugu,S4257020900340702,/Users/adityasingh/Projects/Vocal-X/data_pipeline/raw/mr/mr_005_S4257020900340702.flac,marathi,different_speaker,0.20119680641627424
S4257363100302319,/Users/adityasingh/Projects/Vocal-X/data_pipeline/raw/te/te_001_S4257363100302319.flac,telugu,S4257020900340702,/Users/adityasingh/Projects/Vocal-X/data_pipeline/raw/mr/mr_006_S4257020900340702.flac,marathi,different_speaker,0.26866244988611826
S4257363100302319,/Users/adityasingh/Projects/Vocal-X/data_pipeline/raw/te/te_001_S4257363100302319.flac,telugu,S4259734500395875,/Users/adityasingh/Projects/Vocal-X/data_pipeline/raw/mr/mr_007_S4259734500395875.flac,marathi,different_speaker,0.15586380102078673
S4257363100302319,/Users/adityasingh/Projects/Vocal-X/data_pipeline/raw/te/te_001_S4257363100302319.flac,telugu,S4259734500395875,/Users/adityasingh/Projects/Vocal-X/data_pipeline/raw/mr/mr_008_S4259734500395875.flac,marathi,different_speaker,-0.0893579886251399
S4257363100302319,/Users/adityasingh/Projects/Vocal-X/data_pipeline/raw/te/te_001_S4257363100302319.flac,telugu,S4259734500395875,/Users/adityasingh/Projects/Vocal-X/data_pipeline/raw/mr/mr_009_S4259734500395875.flac,marathi,different_speaker,-0.18265045952330866
S4257363100302319,/Users/adityasingh/Projects/Vocal-X/data_pipeline/raw/te/te_001_S4257363100302319.flac,telugu,S4257242800308984,/Users/adityasingh/Projects/Vocal-X/data_pipeline/raw/mr/mr_010_S4257242800308984.flac,marathi,different_speaker,0.25147415278087776
S4257363100302319,/Users/adityasingh/Projects/Vocal-X/data_pipeline/raw/te/te_001_S4257363100302319.flac,telugu,S4257242800308984,/Users/adityasingh/Projects/Vocal-X/data_pipeline/raw/mr/mr_011_S4257242800308984.flac,marathi,different_speaker,-0.4769616608843068
S4257363100302319,/Users/adityasingh/Projects/Vocal-X/data_pipeline/raw/te/te_001_S4257363100302319.flac,telugu,S4257242800308984,/Users/adityasingh/Projects/Vocal-X/data_pipeline/raw/mr/mr_012_S4257242800308984.flac,marathi,different_speaker,-0.05932919182457429
S4257363100302319,/Users/adityasingh/Projects/Vocal-X/data_pipeline/raw/te/te_001_S4257363100302319.flac,telugu,S4258045600338732,/Users/adityasingh/Projects/Vocal-X/data_pipeline/raw/mr/mr_013_S4258045600338732.flac,marathi,different_speaker,0.5664102864066313
S4257363100302319,/Users/adityasingh/Projects/Vocal-X/data_pipeline/raw/te/te_001_S4257363100302319.flac,telugu,S4258045600338732,/Users/adityasingh/Projects/Vocal-X/data_pipeline/raw/mr/mr_014_S4258045600338732.flac,marathi,different_speaker,0.7993191457126555
S4257363100302319,/Users/adityasingh/Projects/Vocal-X/data_pipeline/raw/te/te_001_S4257363100302319.flac,telugu,S4258045600338732,/Users/adityasingh/Projects/Vocal-X/data_pipeline/raw/mr/mr_015_S4258045600338732.flac,marathi,different_speaker,0.4405734989737574
S4257363100302319,/Users/adityasingh/Projects/Vocal-X/data_pipeline/raw/te/te_002_S4257363100302319.flac,telugu,S4257363100302319,/Users/adityasingh/Projects/Vocal-X/data_pipeline/raw/te/te_003_S4257363100302319.flac,telugu,same_speaker,0.5182150924952894
S4257363100302319,/Users/adityasingh/Projects/Vocal-X/data_pipeline/raw/te/te_002_S4257363100302319.flac,telugu,S4259919200330829,/Users/adityasingh/Projects/Vocal-X/data_pipeline/raw/te/te_004_S4259919200330829.flac,telugu,different_speaker,0.1304937546490578
S4257363100302319,/Users/adityasingh/Projects/Vocal-X/data_pipeline/raw/te/te_002_S4257363100302319.flac,telugu,S4259919200330829,/Users/adityasingh/Projects/Vocal-X/data_pipeline/raw/te/te_005_S4259919200330829.flac,telugu,different_speaker,0.40281999344822716
S4257363100302319,/Users/adityasingh/Projects/Vocal-X/data_pipeline/raw/te/te_002_S4257363100302319.flac,telugu,S4259919200330829,/Users/adityasingh/Projects/Vocal-X/data_pipeline/raw/te/te_006_S4259919200330829.flac,telugu,different_speaker,0.47511810327958187
S4257363100302319,/Users/adityasingh/Projects/Vocal-X/data_pipeline/raw/te/te_002_S4257363100302319.flac,telugu,S4259557300391493,/Users/adityasingh/Projects/Vocal-X/data_pipeline/raw/te/te_007_S4259557300391493.flac,telugu,different_speaker,0.21926867711988926
S4257363100302319,/Users/adityasingh/Projects/Vocal-X/data_pipeline/raw/te/te_002_S4257363100302319.flac,telugu,S4259557300391493,/Users/adityasingh/Projects/Vocal-X/data_pipeline/raw/te/te_008_S4259557300391493.flac,telugu,different_speaker,0.03334667136715754
S4257363100302319,/Users/adityasingh/Projects/Vocal-X/data_pipeline/raw/te/te_002_S4257363100302319.flac,telugu,S4259557300391493,/Users/adityasingh/Projects/Vocal-X/data_pipeline/raw/te/te_009_S4259557300391493.flac,telugu,different_speaker,0.5973227965368061
S4257363100302319,/Users/adityasingh/Projects/Vocal-X/data_pipeline/raw/te/te_002_S4257363100302319.flac,telugu,S4259010000375320,/Users/adityasingh/Projects/Vocal-X/data_pipeline/raw/te/te_010_S4259010000375320.flac,telugu,different_speaker,-0.007476339952145902
S4257363100302319,/Users/adityasingh/Projects/Vocal-X/data_pipeline/raw/te/te_002_S4257363100302319.flac,telugu,S4259010000375320,/Users/adityasingh/Projects/Vocal-X/data_pipeline/raw/te/te_011_S4259010000375320.flac,telugu,different_speaker,-0.2508343435675753
S4257363100302319,/Users/adityasingh/Projects/Vocal-X/data_pipeline/raw/te/te_002_S4257363100302319.flac,telugu,S4259010000375320,/Users/adityasingh/Projects/Vocal-X/data_pipeline/raw/te/te_012_S4259010000375320.flac,telugu,different_speaker,-0.11378372033189561
S4257363100302319,/Users/adityasingh/Projects/Vocal-X/data_pipeline/raw/te/te_002_S4257363100302319.flac,telugu,S4257321800337643,/Users/adityasingh/Projects/Vocal-X/data_pipeline/raw/te/te_013_S4257321800337643.flac,telugu,different_speaker,-0.3423766777550723
S4257363100302319,/Users/adityasingh/Projects/Vocal-X/data_pipeline/raw/te/te_002_S4257363100302319.flac,telugu,S4257321800337643,/Users/adityasingh/Projects/Vocal-X/data_pipeline/raw/te/te_014_S4257321800337643.flac,telugu,different_speaker,0.15124288667593183
S4257363100302319,/Users/adityasingh/Projects/Vocal-X/data_pipeline/raw/te/te_002_S4257363100302319.flac,telugu,S4257321800337643,/Users/adityasingh/Projects/Vocal-X/data_pipeline/raw/te/te_015_S4257321800337643.flac,telugu,different_speaker,0.10484167479108054
S4257363100302319,/Users/adityasingh/Projects/Vocal-X/data_pipeline/raw/te/te_002_S4257363100302319.flac,telugu,S4258725600395882,/Users/adityasingh/Projects/Vocal-X/data_pipeline/raw/mr/mr_001_S4258725600395882.flac,marathi,different_speaker,0.2115786124770885
S4257363100302319,/Users/adityasingh/Projects/Vocal-X/data_pipeline/raw/te/te_002_S4257363100302319.flac,telugu,S4258725600395882,/Users/adityasingh/Projects/Vocal-X/data_pipeline/raw/mr/mr_002_S4258725600395882.flac,marathi,different_speaker,-0.1283897753391696
S4257363100302319,/Users/adityasingh/Projects/Vocal-X/data_pipeline/raw/te/te_002_S4257363100302319.flac,telugu,S4258725600395882,/Users/adityasingh/Projects/Vocal-X/data_pipeline/raw/mr/mr_003_S4258725600395882.flac,marathi,different_speaker,0.07739406327187437
S4257363100302319,/Users/adityasingh/Projects/Vocal-X/data_pipeline/raw/te/te_002_S4257363100302319.flac,telugu,S4257020900340702,/Users/adityasingh/Projects/Vocal-X/data_pipeline/raw/mr/mr_004_S4257020900340702.flac,marathi,different_speaker,0.27539055566146103
S4257363100302319,/Users/adityasingh/Projects/Vocal-X/data_pipeline/raw/te/te_002_S4257363100302319.flac,telugu,S4257020900340702,/Users/adityasingh/Projects/Vocal-X/data_pipeline/raw/mr/mr_005_S4257020900340702.flac,marathi,different_speaker,0.32475019611859257
S4257363100302319,/Users/adityasingh/Projects/Vocal-X/data_pipeline/raw/te/te_002_S4257363100302319.flac,telugu,S4257020900340702,/Users/adityasingh/Projects/Vocal-X/data_pipeline/raw/mr/mr_006_S4257020900340702.flac,marathi,different_speaker,0.10737971657392352
S4257363100302319,/Users/adityasingh/Projects/Vocal-X/data_pipeline/raw/te/te_002_S4257363100302319.flac,telugu,S4259734500395875,/Users/adityasingh/Projects/Vocal-X/data_pipeline/raw/mr/mr_007_S4259734500395875.flac,marathi,different_speaker,0.37115172647018196
S4257363100302319,/Users/adityasingh/Projects/Vocal-X/data_pipeline/raw/te/te_002_S4257363100302319.flac,telugu,S4259734500395875,/Users/adityasingh/Projects/Vocal-X/data_pipeline/raw/mr/mr_008_S4259734500395875.flac,marathi,different_speaker,0.2595858841175741
S4257363100302319,/Users/adityasingh/Projects/Vocal-X/data_pipeline/raw/te/te_002_S4257363100302319.flac,telugu,S4259734500395875,/Users/adityasingh/Projects/Vocal-X/data_pipeline/raw/mr/mr_009_S4259734500395875.flac,marathi,different_speaker,-0.15262650964310492
S4257363100302319,/Users/adityasingh/Projects/Vocal-X/data_pipeline/raw/te/te_002_S4257363100302319.flac,telugu,S4257242800308984,/Users/adityasingh/Projects/Vocal-X/data_pipeline/raw/mr/mr_010_S4257242800308984.flac,marathi,different_speaker,-0.5949860324220551
S4257363100302319,/Users/adityasingh/Projects/Vocal-X/data_pipeline/raw/te/te_002_S4257363100302319.flac,telugu,S4257242800308984,/Users/adityasingh/Projects/Vocal-X/data_pipeline/raw/mr/mr_011_S4257242800308984.flac,marathi,different_speaker,-0.37642175401687056
S4257363100302319,/Users/adityasingh/Projects/Vocal-X/data_pipeline/raw/te/te_002_S4257363100302319.flac,telugu,S4257242800308984,/Users/adityasingh/Projects/Vocal-X/data_pipeline/raw/mr/mr_012_S4257242800308984.flac,marathi,different_speaker,0.18231992127382637
S4257363100302319,/Users/adityasingh/Projects/Vocal-X/data_pipeline/raw/te/te_002_S4257363100302319.flac,telugu,S4258045600338732,/Users/adityasingh/Projects/Vocal-X/data_pipeline/raw/mr/mr_013_S4258045600338732.flac,marathi,different_speaker,0.30705257375393297
S4257363100302319,/Users/adityasingh/Projects/Vocal-X/data_pipeline/raw/te/te_002_S4257363100302319.flac,telugu,S4258045600338732,/Users/adityasingh/Projects/Vocal-X/data_pipeline/raw/mr/mr_014_S4258045600338732.flac,marathi,different_speaker,0.04091835135940915
S4257363100302319,/Users/adityasingh/Projects/Vocal-X/data_pipeline/raw/te/te_002_S4257363100302319.flac,telugu,S4258045600338732,/Users/adityasingh/Projects/Vocal-X/data_pipeline/raw/mr/mr_015_S4258045600338732.flac,marathi,different_speaker,-0.16042494826398757
S4257363100302319,/Users/adityasingh/Projects/Vocal-X/data_pipeline/raw/te/te_003_S4257363100302319.flac,telugu,S4259919200330829,/Users/adityasingh/Projects/Vocal-X/data_pipeline/raw/te/te_004_S4259919200330829.flac,telugu,different_speaker,-0.17419698123482122
S4257363100302319,/Users/adityasingh/Projects/Vocal-X/data_pipeline/raw/te/te_003_S4257363100302319.flac,telugu,S4259919200330829,/Users/adityasingh/Projects/Vocal-X/data_pipeline/raw/te/te_005_S4259919200330829.flac,telugu,different_speaker,0.20079588830290657
S4257363100302319,/Users/adityasingh/Projects/Vocal-X/data_pipeline/raw/te/te_003_S4257363100302319.flac,telugu,S4259919200330829,/Users/adityasingh/Projects/Vocal-X/data_pipeline/raw/te/te_006_S4259919200330829.flac,telugu,different_speaker,0.11815277478751626
S4257363100302319,/Users/adityasingh/Projects/Vocal-X/data_pipeline/raw/te/te_003_S4257363100302319.flac,telugu,S4259557300391493,/Users/adityasingh/Projects/Vocal-X/data_pipeline/raw/te/te_007_S4259557300391493.flac,telugu,different_speaker,-0.08031620280610825
S4257363100302319,/Users/adityasingh/Projects/Vocal-X/data_pipeline/raw/te/te_003_S4257363100302319.flac,telugu,S4259557300391493,/Users/adityasingh/Projects/Vocal-X/data_pipeline/raw/te/te_008_S4259557300391493.flac,telugu,different_speaker,0.013022959807596492
S4257363100302319,/Users/adityasingh/Projects/Vocal-X/data_pipeline/raw/te/te_003_S4257363100302319.flac,telugu,S4259557300391493,/Users/adityasingh/Projects/Vocal-X/data_pipeline/raw/te/te_009_S4259557300391493.flac,telugu,different_speaker,0.11894456170545771
S4257363100302319,/Users/adityasingh/Projects/Vocal-X/data_pipeline/raw/te/te_003_S4257363100302319.flac,telugu,S4259010000375320,/Users/adityasingh/Projects/Vocal-X/data_pipeline/raw/te/te_010_S4259010000375320.flac,telugu,different_speaker,-0.06408172265079468
S4257363100302319,/Users/adityasingh/Projects/Vocal-X/data_pipeline/raw/te/te_003_S4257363100302319.flac,telugu,S4259010000375320,/Users/adityasingh/Projects/Vocal-X/data_pipeline/raw/te/te_011_S4259010000375320.flac,telugu,different_speaker,-0.2760980463337352
S4257363100302319,/Users/adityasingh/Projects/Vocal-X/data_pipeline/raw/te/te_003_S4257363100302319.flac,telugu,S4259010000375320,/Users/adityasingh/Projects/Vocal-X/data_pipeline/raw/te/te_012_S4259010000375320.flac,telugu,different_speaker,-0.0532226343974584
S4257363100302319,/Users/adityasingh/Projects/Vocal-X/data_pipeline/raw/te/te_003_S4257363100302319.flac,telugu,S4257321800337643,/Users/adityasingh/Projects/Vocal-X/data_pipeline/raw/te/te_013_S4257321800337643.flac,telugu,different_speaker,0.016280754625462288
S4257363100302319,/Users/adityasingh/Projects/Vocal-X/data_pipeline/raw/te/te_003_S4257363100302319.flac,telugu,S4257321800337643,/Users/adityasingh/Projects/Vocal-X/data_pipeline/raw/te/te_014_S4257321800337643.flac,telugu,different_speaker,0.024331820455714536
S4257363100302319,/Users/adityasingh/Projects/Vocal-X/data_pipeline/raw/te/te_003_S4257363100302319.flac,telugu,S4257321800337643,/Users/adityasingh/Projects/Vocal-X/data_pipeline/raw/te/te_015_S4257321800337643.flac,telugu,different_speaker,0.017804328056848513
S4257363100302319,/Users/adityasingh/Projects/Vocal-X/data_pipeline/raw/te/te_003_S4257363100302319.flac,telugu,S4258725600395882,/Users/adityasingh/Projects/Vocal-X/data_pipeline/raw/mr/mr_001_S4258725600395882.flac,marathi,different_speaker,0.10259737523438037
S4257363100302319,/Users/adityasingh/Projects/Vocal-X/data_pipeline/raw/te/te_003_S4257363100302319.flac,telugu,S4258725600395882,/Users/adityasingh/Projects/Vocal-X/data_pipeline/raw/mr/mr_002_S4258725600395882.flac,marathi,different_speaker,-0.23214693993760413
S4257363100302319,/Users/adityasingh/Projects/Vocal-X/data_pipeline/raw/te/te_003_S4257363100302319.flac,telugu,S4258725600395882,/Users/adityasingh/Projects/Vocal-X/data_pipeline/raw/mr/mr_003_S4258725600395882.flac,marathi,different_speaker,0.089172092904717
S4257363100302319,/Users/adityasingh/Projects/Vocal-X/data_pipeline/raw/te/te_003_S4257363100302319.flac,telugu,S4257020900340702,/Users/adityasingh/Projects/Vocal-X/data_pipeline/raw/mr/mr_004_S4257020900340702.flac,marathi,different_speaker,0.2764927779762664
S4257363100302319,/Users/adityasingh/Projects/Vocal-X/data_pipeline/raw/te/te_003_S4257363100302319.flac,telugu,S4257020900340702,/Users/adityasingh/Projects/Vocal-X/data_pipeline/raw/mr/mr_005_S4257020900340702.flac,marathi,different_speaker,0.31079081539052006
S4257363100302319,/Users/adityasingh/Projects/Vocal-X/data_pipeline/raw/te/te_003_S4257363100302319.flac,telugu,S4257020900340702,/Users/adityasingh/Projects/Vocal-X/data_pipeline/raw/mr/mr_006_S4257020900340702.flac,marathi,different_speaker,0.3976054347006546
S4257363100302319,/Users/adityasingh/Projects/Vocal-X/data_pipeline/raw/te/te_003_S4257363100302319.flac,telugu,S4259734500395875,/Users/adityasingh/Projects/Vocal-X/data_pipeline/raw/mr/mr_007_S4259734500395875.flac,marathi,different_speaker,0.16275734963853175
S4257363100302319,/Users/adityasingh/Projects/Vocal-X/data_pipeline/raw/te/te_003_S4257363100302319.flac,telugu,S4259734500395875,/Users/adityasingh/Projects/Vocal-X/data_pipeline/raw/mr/mr_008_S4259734500395875.flac,marathi,different_speaker,-0.06383717670103314
S4257363100302319,/Users/adityasingh/Projects/Vocal-X/data_pipeline/raw/te/te_003_S4257363100302319.flac,telugu,S4259734500395875,/Users/adityasingh/Projects/Vocal-X/data_pipeline/raw/mr/mr_009_S4259734500395875.flac,marathi,different_speaker,-0.31549356077959867
S4257363100302319,/Users/adityasingh/Projects/Vocal-X/data_pipeline/raw/te/te_003_S4257363100302319.flac,telugu,S4257242800308984,/Users/adityasingh/Projects/Vocal-X/data_pipeline/raw/mr/mr_010_S4257242800308984.flac,marathi,different_speaker,-0.13871930768546806
S4257363100302319,/Users/adityasingh/Projects/Vocal-X/data_pipeline/raw/te/te_003_S4257363100302319.flac,telugu,S4257242800308984,/Users/adityasingh/Projects/Vocal-X/data_pipeline/raw/mr/mr_011_S4257242800308984.flac,marathi,different_speaker,-0.5983808188464469
S4257363100302319,/Users/adityasingh/Projects/Vocal-X/data_pipeline/raw/te/te_003_S4257363100302319.flac,telugu,S4257242800308984,/Users/adityasingh/Projects/Vocal-X/data_pipeline/raw/mr/mr_012_S4257242800308984.flac,marathi,different_speaker,-0.19726500909272549
S4257363100302319,/Users/adityasingh/Projects/Vocal-X/data_pipeline/raw/te/te_003_S4257363100302319.flac,telugu,S4258045600338732,/Users/adityasingh/Projects/Vocal-X/data_pipeline/raw/mr/mr_013_S4258045600338732.flac,marathi,different_speaker,0.24212951415494874
S4257363100302319,/Users/adityasingh/Projects/Vocal-X/data_pipeline/raw/te/te_003_S4257363100302319.flac,telugu,S4258045600338732,/Users/adityasingh/Projects/Vocal-X/data_pipeline/raw/mr/mr_014_S4258045600338732.flac,marathi,different_speaker,0.4271319995474026
S4257363100302319,/Users/adityasingh/Projects/Vocal-X/data_pipeline/raw/te/te_003_S4257363100302319.flac,telugu,S4258045600338732,/Users/adityasingh/Projects/Vocal-X/data_pipeline/raw/mr/mr_015_S4258045600338732.flac,marathi,different_speaker,-0.05086708777208071
S4259919200330829,/Users/adityasingh/Projects/Vocal-X/data_pipeline/raw/te/te_004_S4259919200330829.flac,telugu,S4259919200330829,/Users/adityasingh/Projects/Vocal-X/data_pipeline/raw/te/te_005_S4259919200330829.flac,telugu,same_speaker,0.75191079279105
S4259919200330829,/Users/adityasingh/Projects/Vocal-X/data_pipeline/raw/te/te_004_S4259919200330829.flac,telugu,S4259919200330829,/Users/adityasingh/Projects/Vocal-X/data_pipeline/raw/te/te_006_S4259919200330829.flac,telugu,same_speaker,0.7129170829961321
S4259919200330829,/Users/adityasingh/Projects/Vocal-X/data_pipeline/raw/te/te_004_S4259919200330829.flac,telugu,S4259557300391493,/Users/adityasingh/Projects/Vocal-X/data_pipeline/raw/te/te_007_S4259557300391493.flac,telugu,different_speaker,0.6101864529117168
S4259919200330829,/Users/adityasingh/Projects/Vocal-X/data_pipeline/raw/te/te_004_S4259919200330829.flac,telugu,S4259557300391493,/Users/adityasingh/Projects/Vocal-X/data_pipeline/raw/te/te_008_S4259557300391493.flac,telugu,different_speaker,0.2471887689236363
S4259919200330829,/Users/adityasingh/Projects/Vocal-X/data_pipeline/raw/te/te_004_S4259919200330829.flac,telugu,S4259557300391493,/Users/adityasingh/Projects/Vocal-X/data_pipeline/raw/te/te_009_S4259557300391493.flac,telugu,different_speaker,0.1604504638076504
S4259919200330829,/Users/adityasingh/Projects/Vocal-X/data_pipeline/raw/te/te_004_S4259919200330829.flac,telugu,S4259010000375320,/Users/adityasingh/Projects/Vocal-X/data_pipeline/raw/te/te_010_S4259010000375320.flac,telugu,different_speaker,0.19335433413553663
S4259919200330829,/Users/adityasingh/Projects/Vocal-X/data_pipeline/raw/te/te_004_S4259919200330829.flac,telugu,S4259010000375320,/Users/adityasingh/Projects/Vocal-X/data_pipeline/raw/te/te_011_S4259010000375320.flac,telugu,different_speaker,0.1870474076086567
S4259919200330829,/Users/adityasingh/Projects/Vocal-X/data_pipeline/raw/te/te_004_S4259919200330829.flac,telugu,S4259010000375320,/Users/adityasingh/Projects/Vocal-X/data_pipeline/raw/te/te_012_S4259010000375320.flac,telugu,different_speaker,0.16660187312426875
S4259919200330829,/Users/adityasingh/Projects/Vocal-X/data_pipeline/raw/te/te_004_S4259919200330829.flac,telugu,S4257321800337643,/Users/adityasingh/Projects/Vocal-X/data_pipeline/raw/te/te_013_S4257321800337643.flac,telugu,different_speaker,-0.34764142619326444
S4259919200330829,/Users/adityasingh/Projects/Vocal-X/data_pipeline/raw/te/te_004_S4259919200330829.flac,telugu,S4257321800337643,/Users/adityasingh/Projects/Vocal-X/data_pipeline/raw/te/te_014_S4257321800337643.flac,telugu,different_speaker,0.1489904120861322
S4259919200330829,/Users/adityasingh/Projects/Vocal-X/data_pipeline/raw/te/te_004_S4259919200330829.flac,telugu,S4257321800337643,/Users/adityasingh/Projects/Vocal-X/data_pipeline/raw/te/te_015_S4257321800337643.flac,telugu,different_speaker,0.10279658941609025
S4259919200330829,/Users/adityasingh/Projects/Vocal-X/data_pipeline/raw/te/te_004_S4259919200330829.flac,telugu,S4258725600395882,/Users/adityasingh/Projects/Vocal-X/data_pipeline/raw/mr/mr_001_S4258725600395882.flac,marathi,different_speaker,-0.08743377454179468
S4259919200330829,/Users/adityasingh/Projects/Vocal-X/data_pipeline/raw/te/te_004_S4259919200330829.flac,telugu,S4258725600395882,/Users/adityasingh/Projects/Vocal-X/data_pipeline/raw/mr/mr_002_S4258725600395882.flac,marathi,different_speaker,0.49127411547421423
S4259919200330829,/Users/adityasingh/Projects/Vocal-X/data_pipeline/raw/te/te_004_S4259919200330829.flac,telugu,S4258725600395882,/Users/adityasingh/Projects/Vocal-X/data_pipeline/raw/mr/mr_003_S4258725600395882.flac,marathi,different_speaker,0.6378224836696834
S4259919200330829,/Users/adityasingh/Projects/Vocal-X/data_pipeline/raw/te/te_004_S4259919200330829.flac,telugu,S4257020900340702,/Users/adityasingh/Projects/Vocal-X/data_pipeline/raw/mr/mr_004_S4257020900340702.flac,marathi,different_speaker,-0.5982461672254747
S4259919200330829,/Users/adityasingh/Projects/Vocal-X/data_pipeline/raw/te/te_004_S4259919200330829.flac,telugu,S4257020900340702,/Users/adityasingh/Projects/Vocal-X/data_pipeline/raw/mr/mr_005_S4257020900340702.flac,marathi,different_speaker,-0.5927807505583343
S4259919200330829,/Users/adityasingh/Projects/Vocal-X/data_pipeline/raw/te/te_004_S4259919200330829.flac,telugu,S4257020900340702,/Users/adityasingh/Projects/Vocal-X/data_pipeline/raw/mr/mr_006_S4257020900340702.flac,marathi,different_speaker,-0.7542135458489709
S4259919200330829,/Users/adityasingh/Projects/Vocal-X/data_pipeline/raw/te/te_004_S4259919200330829.flac,telugu,S4259734500395875,/Users/adityasingh/Projects/Vocal-X/data_pipeline/raw/mr/mr_007_S4259734500395875.flac,marathi,different_speaker,-0.018433436916784385
S4259919200330829,/Users/adityasingh/Projects/Vocal-X/data_pipeline/raw/te/te_004_S4259919200330829.flac,telugu,S4259734500395875,/Users/adityasingh/Projects/Vocal-X/data_pipeline/raw/mr/mr_008_S4259734500395875.flac,marathi,different_speaker,0.5481172113370529
S4259919200330829,/Users/adityasingh/Projects/Vocal-X/data_pipeline/raw/te/te_004_S4259919200330829.flac,telugu,S4259734500395875,/Users/adityasingh/Projects/Vocal-X/data_pipeline/raw/mr/mr_009_S4259734500395875.flac,marathi,different_speaker,0.3828702250243347
S4259919200330829,/Users/adityasingh/Projects/Vocal-X/data_pipeline/raw/te/te_004_S4259919200330829.flac,telugu,S4257242800308984,/Users/adityasingh/Projects/Vocal-X/data_pipeline/raw/mr/mr_010_S4257242800308984.flac,marathi,different_speaker,-0.033643465277945754
S4259919200330829,/Users/adityasingh/Projects/Vocal-X/data_pipeline/raw/te/te_004_S4259919200330829.flac,telugu,S4257242800308984,/Users/adityasingh/Projects/Vocal-X/data_pipeline/raw/mr/mr_011_S4257242800308984.flac,marathi,different_speaker,0.5539602748468977
S4259919200330829,/Users/adityasingh/Projects/Vocal-X/data_pipeline/raw/te/te_004_S4259919200330829.flac,telugu,S4257242800308984,/Users/adityasingh/Projects/Vocal-X/data_pipeline/raw/mr/mr_012_S4257242800308984.flac,marathi,different_speaker,-0.0034005617670566117
S4259919200330829,/Users/adityasingh/Projects/Vocal-X/data_pipeline/raw/te/te_004_S4259919200330829.flac,telugu,S4258045600338732,/Users/adityasingh/Projects/Vocal-X/data_pipeline/raw/mr/mr_013_S4258045600338732.flac,marathi,different_speaker,-0.18210495111560152
S4259919200330829,/Users/adityasingh/Projects/Vocal-X/data_pipeline/raw/te/te_004_S4259919200330829.flac,telugu,S4258045600338732,/Users/adityasingh/Projects/Vocal-X/data_pipeline/raw/mr/mr_014_S4258045600338732.flac,marathi,different_speaker,-0.1366031114913895
S4259919200330829,/Users/adityasingh/Projects/Vocal-X/data_pipeline/raw/te/te_004_S4259919200330829.flac,telugu,S4258045600338732,/Users/adityasingh/Projects/Vocal-X/data_pipeline/raw/mr/mr_015_S4258045600338732.flac,marathi,different_speaker,-0.06491628170489777
S4259919200330829,/Users/adityasingh/Projects/Vocal-X/data_pipeline/raw/te/te_005_S4259919200330829.flac,telugu,S4259919200330829,/Users/adityasingh/Projects/Vocal-X/data_pipeline/raw/te/te_006_S4259919200330829.flac,telugu,same_speaker,0.7100246492887645
S4259919200330829,/Users/adityasingh/Projects/Vocal-X/data_pipeline/raw/te/te_005_S4259919200330829.flac,telugu,S4259557300391493,/Users/adityasingh/Projects/Vocal-X/data_pipeline/raw/te/te_007_S4259557300391493.flac,telugu,different_speaker,0.33463916364437446
S4259919200330829,/Users/adityasingh/Projects/Vocal-X/data_pipeline/raw/te/te_005_S4259919200330829.flac,telugu,S4259557300391493,/Users/adityasingh/Projects/Vocal-X/data_pipeline/raw/te/te_008_S4259557300391493.flac,telugu,different_speaker,-0.03368155258801516
S4259919200330829,/Users/adityasingh/Projects/Vocal-X/data_pipeline/raw/te/te_005_S4259919200330829.flac,telugu,S4259557300391493,/Users/adityasingh/Projects/Vocal-X/data_pipeline/raw/te/te_009_S4259557300391493.flac,telugu,different_speaker,0.04989090407461625
S4259919200330829,/Users/adityasingh/Projects/Vocal-X/data_pipeline/raw/te/te_005_S4259919200330829.flac,telugu,S4259010000375320,/Users/adityasingh/Projects/Vocal-X/data_pipeline/raw/te/te_010_S4259010000375320.flac,telugu,different_speaker,-0.07938195706302054
S4259919200330829,/Users/adityasingh/Projects/Vocal-X/data_pipeline/raw/te/te_005_S4259919200330829.flac,telugu,S4259010000375320,/Users/adityasingh/Projects/Vocal-X/data_pipeline/raw/te/te_011_S4259010000375320.flac,telugu,different_speaker,-0.19695517936046947
S4259919200330829,/Users/adityasingh/Projects/Vocal-X/data_pipeline/raw/te/te_005_S4259919200330829.flac,telugu,S4259010000375320,/Users/adityasingh/Projects/Vocal-X/data_pipeline/raw/te/te_012_S4259010000375320.flac,telugu,different_speaker,-0.0860868053335649
S4259919200330829,/Users/adityasingh/Projects/Vocal-X/data_pipeline/raw/te/te_005_S4259919200330829.flac,telugu,S4257321800337643,/Users/adityasingh/Projects/Vocal-X/data_pipeline/raw/te/te_013_S4257321800337643.flac,telugu,different_speaker,-0.5004624667831947
S4259919200330829,/Users/adityasingh/Projects/Vocal-X/data_pipeline/raw/te/te_005_S4259919200330829.flac,telugu,S4257321800337643,/Users/adityasingh/Projects/Vocal-X/data_pipeline/raw/te/te_014_S4257321800337643.flac,telugu,different_speaker,-0.05888912695041102
S4259919200330829,/Users/adityasingh/Projects/Vocal-X/data_pipeline/raw/te/te_005_S4259919200330829.flac,telugu,S4257321800337643,/Users/adityasingh/Projects/Vocal-X/data_pipeline/raw/te/te_015_S4257321800337643.flac,telugu,different_speaker,-0.012414038430169298
S4259919200330829,/Users/adityasingh/Projects/Vocal-X/data_pipeline/raw/te/te_005_S4259919200330829.flac,telugu,S4258725600395882,/Users/adityasingh/Projects/Vocal-X/data_pipeline/raw/mr/mr_001_S4258725600395882.flac,marathi,different_speaker,-0.013341758834528606
S4259919200330829,/Users/adityasingh/Projects/Vocal-X/data_pipeline/raw/te/te_005_S4259919200330829.flac,telugu,S4258725600395882,/Users/adityasingh/Projects/Vocal-X/data_pipeline/raw/mr/mr_002_S4258725600395882.flac,marathi,different_speaker,0.18427587709558735
S4259919200330829,/Users/adityasingh/Projects/Vocal-X/data_pipeline/raw/te/te_005_S4259919200330829.flac,telugu,S4258725600395882,/Users/adityasingh/Projects/Vocal-X/data_pipeline/raw/mr/mr_003_S4258725600395882.flac,marathi,different_speaker,0.5106636138802086
S4259919200330829,/Users/adityasingh/Projects/Vocal-X/data_pipeline/raw/te/te_005_S4259919200330829.flac,telugu,S4257020900340702,/Users/adityasingh/Projects/Vocal-X/data_pipeline/raw/mr/mr_004_S4257020900340702.flac,marathi,different_speaker,-0.35842515164687816
S4259919200330829,/Users/adityasingh/Projects/Vocal-X/data_pipeline/raw/te/te_005_S4259919200330829.flac,telugu,S4257020900340702,/Users/adityasingh/Projects/Vocal-X/data_pipeline/raw/mr/mr_005_S4257020900340702.flac,marathi,different_speaker,-0.2897784780128437
S4259919200330829,/Users/adityasingh/Projects/Vocal-X/data_pipeline/raw/te/te_005_S4259919200330829.flac,telugu,S4257020900340702,/Users/adityasingh/Projects/Vocal-X/data_pipeline/raw/mr/mr_006_S4257020900340702.flac,marathi,different_speaker,-0.39194461628044763
S4259919200330829,/Users/adityasingh/Projects/Vocal-X/data_pipeline/raw/te/te_005_S4259919200330829.flac,telugu,S4259734500395875,/Users/adityasingh/Projects/Vocal-X/data_pipeline/raw/mr/mr_007_S4259734500395875.flac,marathi,different_speaker,-0.06374976476440747
S4259919200330829,/Users/adityasingh/Projects/Vocal-X/data_pipeline/raw/te/te_005_S4259919200330829.flac,telugu,S4259734500395875,/Users/adityasingh/Projects/Vocal-X/data_pipeline/raw/mr/mr_008_S4259734500395875.flac,marathi,different_speaker,0.3367923476315112
S4259919200330829,/Users/adityasingh/Projects/Vocal-X/data_pipeline/raw/te/te_005_S4259919200330829.flac,telugu,S4259734500395875,/Users/adityasingh/Projects/Vocal-X/data_pipeline/raw/mr/mr_009_S4259734500395875.flac,marathi,different_speaker,0.03891245938612452
S4259919200330829,/Users/adityasingh/Projects/Vocal-X/data_pipeline/raw/te/te_005_S4259919200330829.flac,telugu,S4257242800308984,/Users/adityasingh/Projects/Vocal-X/data_pipeline/raw/mr/mr_010_S4257242800308984.flac,marathi,different_speaker,-0.3472485321644596
S4259919200330829,/Users/adityasingh/Projects/Vocal-X/data_pipeline/raw/te/te_005_S4259919200330829.flac,telugu,S4257242800308984,/Users/adityasingh/Projects/Vocal-X/data_pipeline/raw/mr/mr_011_S4257242800308984.flac,marathi,different_speaker,0.18074192707630127
S4259919200330829,/Users/adityasingh/Projects/Vocal-X/data_pipeline/raw/te/te_005_S4259919200330829.flac,telugu,S4257242800308984,/Users/adityasingh/Projects/Vocal-X/data_pipeline/raw/mr/mr_012_S4257242800308984.flac,marathi,different_speaker,0.17181907572729288
S4259919200330829,/Users/adityasingh/Projects/Vocal-X/data_pipeline/raw/te/te_005_S4259919200330829.flac,telugu,S4258045600338732,/Users/adityasingh/Projects/Vocal-X/data_pipeline/raw/mr/mr_013_S4258045600338732.flac,marathi,different_speaker,-0.38807030686288707
S4259919200330829,/Users/adityasingh/Projects/Vocal-X/data_pipeline/raw/te/te_005_S4259919200330829.flac,telugu,S4258045600338732,/Users/adityasingh/Projects/Vocal-X/data_pipeline/raw/mr/mr_014_S4258045600338732.flac,marathi,different_speaker,-0.3419310699185263
S4259919200330829,/Users/adityasingh/Projects/Vocal-X/data_pipeline/raw/te/te_005_S4259919200330829.flac,telugu,S4258045600338732,/Users/adityasingh/Projects/Vocal-X/data_pipeline/raw/mr/mr_015_S4258045600338732.flac,marathi,different_speaker,-0.27900609932775944
S4259919200330829,/Users/adityasingh/Projects/Vocal-X/data_pipeline/raw/te/te_006_S4259919200330829.flac,telugu,S4259557300391493,/Users/adityasingh/Projects/Vocal-X/data_pipeline/raw/te/te_007_S4259557300391493.flac,telugu,different_speaker,0.5579758939398998
S4259919200330829,/Users/adityasingh/Projects/Vocal-X/data_pipeline/raw/te/te_006_S4259919200330829.flac,telugu,S4259557300391493,/Users/adityasingh/Projects/Vocal-X/data_pipeline/raw/te/te_008_S4259557300391493.flac,telugu,different_speaker,0.2830992341355735
S4259919200330829,/Users/adityasingh/Projects/Vocal-X/data_pipeline/raw/te/te_006_S4259919200330829.flac,telugu,S4259557300391493,/Users/adityasingh/Projects/Vocal-X/data_pipeline/raw/te/te_009_S4259557300391493.flac,telugu,different_speaker,0.10971554840707351
S4259919200330829,/Users/adityasingh/Projects/Vocal-X/data_pipeline/raw/te/te_006_S4259919200330829.flac,telugu,S4259010000375320,/Users/adityasingh/Projects/Vocal-X/data_pipeline/raw/te/te_010_S4259010000375320.flac,telugu,different_speaker,0.3235734749266364
S4259919200330829,/Users/adityasingh/Projects/Vocal-X/data_pipeline/raw/te/te_006_S4259919200330829.flac,telugu,S4259010000375320,/Users/adityasingh/Projects/Vocal-X/data_pipeline/raw/te/te_011_S4259010000375320.flac,telugu,different_speaker,0.197965694589081
S4259919200330829,/Users/adityasingh/Projects/Vocal-X/data_pipeline/raw/te/te_006_S4259919200330829.flac,telugu,S4259010000375320,/Users/adityasingh/Projects/Vocal-X/data_pipeline/raw/te/te_012_S4259010000375320.flac,telugu,different_speaker,0.3723202240698965
S4259919200330829,/Users/adityasingh/Projects/Vocal-X/data_pipeline/raw/te/te_006_S4259919200330829.flac,telugu,S4257321800337643,/Users/adityasingh/Projects/Vocal-X/data_pipeline/raw/te/te_013_S4257321800337643.flac,telugu,different_speaker,-0.44146882759489176
S4259919200330829,/Users/adityasingh/Projects/Vocal-X/data_pipeline/raw/te/te_006_S4259919200330829.flac,telugu,S4257321800337643,/Users/adityasingh/Projects/Vocal-X/data_pipeline/raw/te/te_014_S4257321800337643.flac,telugu,different_speaker,-0.025738173044638886
S4259919200330829,/Users/adityasingh/Projects/Vocal-X/data_pipeline/raw/te/te_006_S4259919200330829.flac,telugu,S4257321800337643,/Users/adityasingh/Projects/Vocal-X/data_pipeline/raw/te/te_015_S4257321800337643.flac,telugu,different_speaker,0.04194357358578377
S4259919200330829,/Users/adityasingh/Projects/Vocal-X/data_pipeline/raw/te/te_006_S4259919200330829.flac,telugu,S4258725600395882,/Users/adityasingh/Projects/Vocal-X/data_pipeline/raw/mr/mr_001_S4258725600395882.flac,marathi,different_speaker,0.07556324563392373
S4259919200330829,/Users/adityasingh/Projects/Vocal-X/data_pipeline/raw/te/te_006_S4259919200330829.flac,telugu,S4258725600395882,/Users/adityasingh/Projects/Vocal-X/data_pipeline/raw/mr/mr_002_S4258725600395882.flac,marathi,different_speaker,0.24712745100418781
S4259919200330829,/Users/adityasingh/Projects/Vocal-X/data_pipeline/raw/te/te_006_S4259919200330829.flac,telugu,S4258725600395882,/Users/adityasingh/Projects/Vocal-X/data_pipeline/raw/mr/mr_003_S4258725600395882.flac,marathi,different_speaker,0.7471738470329131
S4259919200330829,/Users/adityasingh/Projects/Vocal-X/data_pipeline/raw/te/te_006_S4259919200330829.flac,telugu,S4257020900340702,/Users/adityasingh/Projects/Vocal-X/data_pipeline/raw/mr/mr_004_S4257020900340702.flac,marathi,different_speaker,-0.4055764646421497
S4259919200330829,/Users/adityasingh/Projects/Vocal-X/data_pipeline/raw/te/te_006_S4259919200330829.flac,telugu,S4257020900340702,/Users/adityasingh/Projects/Vocal-X/data_pipeline/raw/mr/mr_005_S4257020900340702.flac,marathi,different_speaker,-0.3616929138461662
S4259919200330829,/Users/adityasingh/Projects/Vocal-X/data_pipeline/raw/te/te_006_S4259919200330829.flac,telugu,S4257020900340702,/Users/adityasingh/Projects/Vocal-X/data_pipeline/raw/mr/mr_006_S4257020900340702.flac,marathi,different_speaker,-0.6255708384926113
S4259919200330829,/Users/adityasingh/Projects/Vocal-X/data_pipeline/raw/te/te_006_S4259919200330829.flac,telugu,S4259734500395875,/Users/adityasingh/Projects/Vocal-X/data_pipeline/raw/mr/mr_007_S4259734500395875.flac,marathi,different_speaker,0.2698425349017699
S4259919200330829,/Users/adityasingh/Projects/Vocal-X/data_pipeline/raw/te/te_006_S4259919200330829.flac,telugu,S4259734500395875,/Users/adityasingh/Projects/Vocal-X/data_pipeline/raw/mr/mr_008_S4259734500395875.flac,marathi,different_speaker,0.5454730300646042
S4259919200330829,/Users/adityasingh/Projects/Vocal-X/data_pipeline/raw/te/te_006_S4259919200330829.flac,telugu,S4259734500395875,/Users/adityasingh/Projects/Vocal-X/data_pipeline/raw/mr/mr_009_S4259734500395875.flac,marathi,different_speaker,0.11938246256934693
S4259919200330829,/Users/adityasingh/Projects/Vocal-X/data_pipeline/raw/te/te_006_S4259919200330829.flac,telugu,S4257242800308984,/Users/adityasingh/Projects/Vocal-X/data_pipeline/raw/mr/mr_010_S4257242800308984.flac,marathi,different_speaker,-0.24702259945091035
S4259919200330829,/Users/adityasingh/Projects/Vocal-X/data_pipeline/raw/te/te_006_S4259919200330829.flac,telugu,S4257242800308984,/Users/adityasingh/Projects/Vocal-X/data_pipeline/raw/mr/mr_011_S4257242800308984.flac,marathi,different_speaker,0.15573042707751092
S4259919200330829,/Users/adityasingh/Projects/Vocal-X/data_pipeline/raw/te/te_006_S4259919200330829.flac,telugu,S4257242800308984,/Users/adityasingh/Projects/Vocal-X/data_pipeline/raw/mr/mr_012_S4257242800308984.flac,marathi,different_speaker,-0.21001476795475027
S4259919200330829,/Users/adityasingh/Projects/Vocal-X/data_pipeline/raw/te/te_006_S4259919200330829.flac,telugu,S4258045600338732,/Users/adityasingh/Projects/Vocal-X/data_pipeline/raw/mr/mr_013_S4258045600338732.flac,marathi,different_speaker,-0.04366358088316993
S4259919200330829,/Users/adityasingh/Projects/Vocal-X/data_pipeline/raw/te/te_006_S4259919200330829.flac,telugu,S4258045600338732,/Users/adityasingh/Projects/Vocal-X/data_pipeline/raw/mr/mr_014_S4258045600338732.flac,marathi,different_speaker,-0.1657282099523536
S4259919200330829,/Users/adityasingh/Projects/Vocal-X/data_pipeline/raw/te/te_006_S4259919200330829.flac,telugu,S4258045600338732,/Users/adityasingh/Projects/Vocal-X/data_pipeline/raw/mr/mr_015_S4258045600338732.flac,marathi,different_speaker,-0.23976794938592566
S4259557300391493,/Users/adityasingh/Projects/Vocal-X/data_pipeline/raw/te/te_007_S4259557300391493.flac,telugu,S4259557300391493,/Users/adityasingh/Projects/Vocal-X/data_pipeline/raw/te/te_008_S4259557300391493.flac,telugu,same_speaker,0.7019024644628417
S4259557300391493,/Users/adityasingh/Projects/Vocal-X/data_pipeline/raw/te/te_007_S4259557300391493.flac,telugu,S4259557300391493,/Users/adityasingh/Projects/Vocal-X/data_pipeline/raw/te/te_009_S4259557300391493.flac,telugu,same_speaker,0.40720856816561213
S4259557300391493,/Users/adityasingh/Projects/Vocal-X/data_pipeline/raw/te/te_007_S4259557300391493.flac,telugu,S4259010000375320,/Users/adityasingh/Projects/Vocal-X/data_pipeline/raw/te/te_010_S4259010000375320.flac,telugu,different_speaker,0.6751853249024379
S4259557300391493,/Users/adityasingh/Projects/Vocal-X/data_pipeline/raw/te/te_007_S4259557300391493.flac,telugu,S4259010000375320,/Users/adityasingh/Projects/Vocal-X/data_pipeline/raw/te/te_011_S4259010000375320.flac,telugu,different_speaker,0.569746087224046
S4259557300391493,/Users/adityasingh/Projects/Vocal-X/data_pipeline/raw/te/te_007_S4259557300391493.flac,telugu,S4259010000375320,/Users/adityasingh/Projects/Vocal-X/data_pipeline/raw/te/te_012_S4259010000375320.flac,telugu,different_speaker,0.5266061494287898
S4259557300391493,/Users/adityasingh/Projects/Vocal-X/data_pipeline/raw/te/te_007_S4259557300391493.flac,telugu,S4257321800337643,/Users/adityasingh/Projects/Vocal-X/data_pipeline/raw/te/te_013_S4257321800337643.flac,telugu,different_speaker,0.1845927943464223
S4259557300391493,/Users/adityasingh/Projects/Vocal-X/data_pipeline/raw/te/te_007_S4259557300391493.flac,telugu,S4257321800337643,/Users/adityasingh/Projects/Vocal-X/data_pipeline/raw/te/te_014_S4257321800337643.flac,telugu,different_speaker,0.5719730362944564
S4259557300391493,/Users/adityasingh/Projects/Vocal-X/data_pipeline/raw/te/te_007_S4259557300391493.flac,telugu,S4257321800337643,/Users/adityasingh/Projects/Vocal-X/data_pipeline/raw/te/te_015_S4257321800337643.flac,telugu,different_speaker,0.6422295188079482
S4259557300391493,/Users/adityasingh/Projects/Vocal-X/data_pipeline/raw/te/te_007_S4259557300391493.flac,telugu,S4258725600395882,/Users/adityasingh/Projects/Vocal-X/data_pipeline/raw/mr/mr_001_S4258725600395882.flac,marathi,different_speaker,-0.35616423649322926
S4259557300391493,/Users/adityasingh/Projects/Vocal-X/data_pipeline/raw/te/te_007_S4259557300391493.flac,telugu,S4258725600395882,/Users/adityasingh/Projects/Vocal-X/data_pipeline/raw/mr/mr_002_S4258725600395882.flac,marathi,different_speaker,0.016030570244491275
S4259557300391493,/Users/adityasingh/Projects/Vocal-X/data_pipeline/raw/te/te_007_S4259557300391493.flac,telugu,S4258725600395882,/Users/adityasingh/Projects/Vocal-X/data_pipeline/raw/mr/mr_003_S4258725600395882.flac,marathi,different_speaker,0.5203855078666303
S4259557300391493,/Users/adityasingh/Projects/Vocal-X/data_pipeline/raw/te/te_007_S4259557300391493.flac,telugu,S4257020900340702,/Users/adityasingh/Projects/Vocal-X/data_pipeline/raw/mr/mr_004_S4257020900340702.flac,marathi,different_speaker,-0.2710183374364417
S4259557300391493,/Users/adityasingh/Projects/Vocal-X/data_pipeline/raw/te/te_007_S4259557300391493.flac,telugu,S4257020900340702,/Users/adityasingh/Projects/Vocal-X/data_pipeline/raw/mr/mr_005_S4257020900340702.flac,marathi,different_speaker,-0.34640362433047267
S4259557300391493,/Users/adityasingh/Projects/Vocal-X/data_pipeline/raw/te/te_007_S4259557300391493.flac,telugu,S4257020900340702,/Users/adityasingh/Projects/Vocal-X/data_pipeline/raw/mr/mr_006_S4257020900340702.flac,marathi,different_speaker,-0.48393450152358924
S4259557300391493,/Users/adityasingh/Projects/Vocal-X/data_pipeline/raw/te/te_007_S4259557300391493.flac,telugu,S4259734500395875,/Users/adityasingh/Projects/Vocal-X/data_pipeline/raw/mr/mr_007_S4259734500395875.flac,marathi,different_speaker,0.015908864644132232
S4259557300391493,/Users/adityasingh/Projects/Vocal-X/data_pipeline/raw/te/te_007_S4259557300391493.flac,telugu,S4259734500395875,/Users/adityasingh/Projects/Vocal-X/data_pipeline/raw/mr/mr_008_S4259734500395875.flac,marathi,different_speaker,0.5299780044950855
S4259557300391493,/Users/adityasingh/Projects/Vocal-X/data_pipeline/raw/te/te_007_S4259557300391493.flac,telugu,S4259734500395875,/Users/adityasingh/Projects/Vocal-X/data_pipeline/raw/mr/mr_009_S4259734500395875.flac,marathi,different_speaker,0.20564785360700436
S4259557300391493,/Users/adityasingh/Projects/Vocal-X/data_pipeline/raw/te/te_007_S4259557300391493.flac,telugu,S4257242800308984,/Users/adityasingh/Projects/Vocal-X/data_pipeline/raw/mr/mr_010_S4257242800308984.flac,marathi,different_speaker,0.024864936206665373
S4259557300391493,/Users/adityasingh/Projects/Vocal-X/data_pipeline/raw/te/te_007_S4259557300391493.flac,telugu,S4257242800308984,/Users/adityasingh/Projects/Vocal-X/data_pipeline/raw/mr/mr_011_S4257242800308984.flac,marathi,different_speaker,0.09929546667984003
S4259557300391493,/Users/adityasingh/Projects/Vocal-X/data_pipeline/raw/te/te_007_S4259557300391493.flac,telugu,S4257242800308984,/Users/adityasingh/Projects/Vocal-X/data_pipeline/raw/mr/mr_012_S4257242800308984.flac,marathi,different_speaker,-0.3065791752896413
S4259557300391493,/Users/adityasingh/Projects/Vocal-X/data_pipeline/raw/te/te_007_S4259557300391493.flac,telugu,S4258045600338732,/Users/adityasingh/Projects/Vocal-X/data_pipeline/raw/mr/mr_013_S4258045600338732.flac,marathi,different_speaker,0.41430647240986057
S4259557300391493,/Users/adityasingh/Projects/Vocal-X/data_pipeline/raw/te/te_007_S4259557300391493.flac,telugu,S4258045600338732,/Users/adityasingh/Projects/Vocal-X/data_pipeline/raw/mr/mr_014_S4258045600338732.flac,marathi,different_speaker,0.3059416539323506
S4259557300391493,/Users/adityasingh/Projects/Vocal-X/data_pipeline/raw/te/te_007_S4259557300391493.flac,telugu,S4258045600338732,/Users/adityasingh/Projects/Vocal-X/data_pipeline/raw/mr/mr_015_S4258045600338732.flac,marathi,different_speaker,0.18135568160946414
S4259557300391493,/Users/adityasingh/Projects/Vocal-X/data_pipeline/raw/te/te_008_S4259557300391493.flac,telugu,S4259557300391493,/Users/adityasingh/Projects/Vocal-X/data_pipeline/raw/te/te_009_S4259557300391493.flac,telugu,same_speaker,0.35241072447756466
S4259557300391493,/Users/adityasingh/Projects/Vocal-X/data_pipeline/raw/te/te_008_S4259557300391493.flac,telugu,S4259010000375320,/Users/adityasingh/Projects/Vocal-X/data_pipeline/raw/te/te_010_S4259010000375320.flac,telugu,different_speaker,0.7333277990084544
S4259557300391493,/Users/adityasingh/Projects/Vocal-X/data_pipeline/raw/te/te_008_S4259557300391493.flac,telugu,S4259010000375320,/Users/adityasingh/Projects/Vocal-X/data_pipeline/raw/te/te_011_S4259010000375320.flac,telugu,different_speaker,0.7333751534987233
S4259557300391493,/Users/adityasingh/Projects/Vocal-X/data_pipeline/raw/te/te_008_S4259557300391493.flac,telugu,S4259010000375320,/Users/adityasingh/Projects/Vocal-X/data_pipeline/raw/te/te_012_S4259010000375320.flac,telugu,different_speaker,0.492848172130415
S4259557300391493,/Users/adityasingh/Projects/Vocal-X/data_pipeline/raw/te/te_008_S4259557300391493.flac,telugu,S4257321800337643,/Users/adityasingh/Projects/Vocal-X/data_pipeline/raw/te/te_013_S4257321800337643.flac,telugu,different_speaker,0.3113387600946639
S4259557300391493,/Users/adityasingh/Projects/Vocal-X/data_pipeline/raw/te/te_008_S4259557300391493.flac,telugu,S4257321800337643,/Users/adityasingh/Projects/Vocal-X/data_pipeline/raw/te/te_014_S4257321800337643.flac,telugu,different_speaker,0.5725246725670344
S4259557300391493,/Users/adityasingh/Projects/Vocal-X/data_pipeline/raw/te/te_008_S4259557300391493.flac,telugu,S4257321800337643,/Users/adityasingh/Projects/Vocal-X/data_pipeline/raw/te/te_015_S4257321800337643.flac,telugu,different_speaker,0.49694762926311936
S4259557300391493,/Users/adityasingh/Projects/Vocal-X/data_pipeline/raw/te/te_008_S4259557300391493.flac,telugu,S4258725600395882,/Users/adityasingh/Projects/Vocal-X/data_pipeline/raw/mr/mr_001_S4258725600395882.flac,marathi,different_speaker,-0.252163221367045
S4259557300391493,/Users/adityasingh/Projects/Vocal-X/data_pipeline/raw/te/te_008_S4259557300391493.flac,telugu,S4258725600395882,/Users/adityasingh/Projects/Vocal-X/data_pipeline/raw/mr/mr_002_S4258725600395882.flac,marathi,different_speaker,-0.13401108097097447
S4259557300391493,/Users/adityasingh/Projects/Vocal-X/data_pipeline/raw/te/te_008_S4259557300391493.flac,telugu,S4258725600395882,/Users/adityasingh/Projects/Vocal-X/data_pipeline/raw/mr/mr_003_S4258725600395882.flac,marathi,different_speaker,0.44877068891578303
S4259557300391493,/Users/adityasingh/Projects/Vocal-X/data_pipeline/raw/te/te_008_S4259557300391493.flac,telugu,S4257020900340702,/Users/adityasingh/Projects/Vocal-X/data_pipeline/raw/mr/mr_004_S4257020900340702.flac,marathi,different_speaker,-0.29123680182307055
S4259557300391493,/Users/adityasingh/Projects/Vocal-X/data_pipeline/raw/te/te_008_S4259557300391493.flac,telugu,S4257020900340702,/Users/adityasingh/Projects/Vocal-X/data_pipeline/raw/mr/mr_005_S4257020900340702.flac,marathi,different_speaker,-0.36040168140270334
S4259557300391493,/Users/adityasingh/Projects/Vocal-X/data_pipeline/raw/te/te_008_S4259557300391493.flac,telugu,S4257020900340702,/Users/adityasingh/Projects/Vocal-X/data_pipeline/raw/mr/mr_006_S4257020900340702.flac,marathi,different_speaker,-0.2958010849943667
S4259557300391493,/Users/adityasingh/Projects/Vocal-X/data_pipeline/raw/te/te_008_S4259557300391493.flac,telugu,S4259734500395875,/Users/adityasingh/Projects/Vocal-X/data_pipeline/raw/mr/mr_007_S4259734500395875.flac,marathi,different_speaker,0.12122101738747697
S4259557300391493,/Users/adityasingh/Projects/Vocal-X/data_pipeline/raw/te/te_008_S4259557300391493.flac,telugu,S4259734500395875,/Users/adityasingh/Projects/Vocal-X/data_pipeline/raw/mr/mr_008_S4259734500395875.flac,marathi,different_speaker,0.15847032330889763
S4259557300391493,/Users/adityasingh/Projects/Vocal-X/data_pipeline/raw/te/te_008_S4259557300391493.flac,telugu,S4259734500395875,/Users/adityasingh/Projects/Vocal-X/data_pipeline/raw/mr/mr_009_S4259734500395875.flac,marathi,different_speaker,0.009415756507232427
S4259557300391493,/Users/adityasingh/Projects/Vocal-X/data_pipeline/raw/te/te_008_S4259557300391493.flac,telugu,S4257242800308984,/Users/adityasingh/Projects/Vocal-X/data_pipeline/raw/mr/mr_010_S4257242800308984.flac,marathi,different_speaker,0.07328572412579365
S4259557300391493,/Users/adityasingh/Projects/Vocal-X/data_pipeline/raw/te/te_008_S4259557300391493.flac,telugu,S4257242800308984,/Users/adityasingh/Projects/Vocal-X/data_pipeline/raw/mr/mr_011_S4257242800308984.flac,marathi,different_speaker,-0.17240982059738352
S4259557300391493,/Users/adityasingh/Projects/Vocal-X/data_pipeline/raw/te/te_008_S4259557300391493.flac,telugu,S4257242800308984,/Users/adityasingh/Projects/Vocal-X/data_pipeline/raw/mr/mr_012_S4257242800308984.flac,marathi,different_speaker,-0.5050012755355845
S4259557300391493,/Users/adityasingh/Projects/Vocal-X/data_pipeline/raw/te/te_008_S4259557300391493.flac,telugu,S4258045600338732,/Users/adityasingh/Projects/Vocal-X/data_pipeline/raw/mr/mr_013_S4258045600338732.flac,marathi,different_speaker,0.4019282361285696
S4259557300391493,/Users/adityasingh/Projects/Vocal-X/data_pipeline/raw/te/te_008_S4259557300391493.flac,telugu,S4258045600338732,/Users/adityasingh/Projects/Vocal-X/data_pipeline/raw/mr/mr_014_S4258045600338732.flac,marathi,different_speaker,0.4322798345821665
S4259557300391493,/Users/adityasingh/Projects/Vocal-X/data_pipeline/raw/te/te_008_S4259557300391493.flac,telugu,S4258045600338732,/Users/adityasingh/Projects/Vocal-X/data_pipeline/raw/mr/mr_015_S4258045600338732.flac,marathi,different_speaker,0.5113838761786847
S4259557300391493,/Users/adityasingh/Projects/Vocal-X/data_pipeline/raw/te/te_009_S4259557300391493.flac,telugu,S4259010000375320,/Users/adityasingh/Projects/Vocal-X/data_pipeline/raw/te/te_010_S4259010000375320.flac,telugu,different_speaker,0.05564415752469087
S4259557300391493,/Users/adityasingh/Projects/Vocal-X/data_pipeline/raw/te/te_009_S4259557300391493.flac,telugu,S4259010000375320,/Users/adityasingh/Projects/Vocal-X/data_pipeline/raw/te/te_011_S4259010000375320.flac,telugu,different_speaker,-0.025738451712333726
S4259557300391493,/Users/adityasingh/Projects/Vocal-X/data_pipeline/raw/te/te_009_S4259557300391493.flac,telugu,S4259010000375320,/Users/adityasingh/Projects/Vocal-X/data_pipeline/raw/te/te_012_S4259010000375320.flac,telugu,different_speaker,-0.18235065353243843
S4259557300391493,/Users/adityasingh/Projects/Vocal-X/data_pipeline/raw/te/te_009_S4259557300391493.flac,telugu,S4257321800337643,/Users/adityasingh/Projects/Vocal-X/data_pipeline/raw/te/te_013_S4257321800337643.flac,telugu,different_speaker,0.10145114578201653
S4259557300391493,/Users/adityasingh/Projects/Vocal-X/data_pipeline/raw/te/te_009_S4259557300391493.flac,telugu,S4257321800337643,/Users/adityasingh/Projects/Vocal-X/data_pipeline/raw/te/te_014_S4257321800337643.flac,telugu,different_speaker,0.6239534349916711
S4259557300391493,/Users/adityasingh/Projects/Vocal-X/data_pipeline/raw/te/te_009_S4259557300391493.flac,telugu,S4257321800337643,/Users/adityasingh/Projects/Vocal-X/data_pipeline/raw/te/te_015_S4257321800337643.flac,telugu,different_speaker,0.4585411732072073
S4259557300391493,/Users/adityasingh/Projects/Vocal-X/data_pipeline/raw/te/te_009_S4259557300391493.flac,telugu,S4258725600395882,/Users/adityasingh/Projects/Vocal-X/data_pipeline/raw/mr/mr_001_S4258725600395882.flac,marathi,different_speaker,0.14945371697884818
S4259557300391493,/Users/adityasingh/Projects/Vocal-X/data_pipeline/raw/te/te_009_S4259557300391493.flac,telugu,S4258725600395882,/Users/adityasingh/Projects/Vocal-X/data_pipeline/raw/mr/mr_002_S4258725600395882.flac,marathi,different_speaker,-0.01837178595585321
S4259557300391493,/Users/adityasingh/Projects/Vocal-X/data_pipeline/raw/te/te_009_S4259557300391493.flac,telugu,S4258725600395882,/Users/adityasingh/Projects/Vocal-X/data_pipeline/raw/mr/mr_003_S4258725600395882.flac,marathi,different_speaker,-0.13587332781448824
S4259557300391493,/Users/adityasingh/Projects/Vocal-X/data_pipeline/raw/te/te_009_S4259557300391493.flac,telugu,S4257020900340702,/Users/adityasingh/Projects/Vocal-X/data_pipeline/raw/mr/mr_004_S4257020900340702.flac,marathi,different_speaker,0.11406468813855088
S4259557300391493,/Users/adityasingh/Projects/Vocal-X/data_pipeline/raw/te/te_009_S4259557300391493.flac,telugu,S4257020900340702,/Users/adityasingh/Projects/Vocal-X/data_pipeline/raw/mr/mr_005_S4257020900340702.flac,marathi,different_speaker,0.08384062665197847
S4259557300391493,/Users/adityasingh/Projects/Vocal-X/data_pipeline/raw/te/te_009_S4259557300391493.flac,telugu,S4257020900340702,/Users/adityasingh/Projects/Vocal-X/data_pipeline/raw/mr/mr_006_S4257020900340702.flac,marathi,different_speaker,-0.05678410175727528
S4259557300391493,/Users/adityasingh/Projects/Vocal-X/data_pipeline/raw/te/te_009_S4259557300391493.flac,telugu,S4259734500395875,/Users/adityasingh/Projects/Vocal-X/data_pipeline/raw/mr/mr_007_S4259734500395875.flac,marathi,different_speaker,0.4058455706924369
S4259557300391493,/Users/adityasingh/Projects/Vocal-X/data_pipeline/raw/te/te_009_S4259557300391493.flac,telugu,S4259734500395875,/Users/adityasingh/Projects/Vocal-X/data_pipeline/raw/mr/mr_008_S4259734500395875.flac,marathi,different_speaker,0.17498289103392606
S4259557300391493,/Users/adityasingh/Projects/Vocal-X/data_pipeline/raw/te/te_009_S4259557300391493.flac,telugu,S4259734500395875,/Users/adityasingh/Projects/Vocal-X/data_pipeline/raw/mr/mr_009_S4259734500395875.flac,marathi,different_speaker,0.03805522901555195
S4259557300391493,/Users/adityasingh/Projects/Vocal-X/data_pipeline/raw/te/te_009_S4259557300391493.flac,telugu,S4257242800308984,/Users/adityasingh/Projects/Vocal-X/data_pipeline/raw/mr/mr_010_S4257242800308984.flac,marathi,different_speaker,-0.21510344899355435
S4259557300391493,/Users/adityasingh/Projects/Vocal-X/data_pipeline/raw/te/te_009_S4259557300391493.flac,telugu,S4257242800308984,/Users/adityasingh/Projects/Vocal-X/data_pipeline/raw/mr/mr_011_S4257242800308984.flac,marathi,different_speaker,-0.095118124689075
S4259557300391493,/Users/adityasingh/Projects/Vocal-X/data_pipeline/raw/te/te_009_S4259557300391493.flac,telugu,S4257242800308984,/Users/adityasingh/Projects/Vocal-X/data_pipeline/raw/mr/mr_012_S4257242800308984.flac,marathi,different_speaker,0.16853570237889656
S4259557300391493,/Users/adityasingh/Projects/Vocal-X/data_pipeline/raw/te/te_009_S4259557300391493.flac,telugu,S4258045600338732,/Users/adityasingh/Projects/Vocal-X/data_pipeline/raw/mr/mr_013_S4258045600338732.flac,marathi,different_speaker,0.4164050903526505
S4259557300391493,/Users/adityasingh/Projects/Vocal-X/data_pipeline/raw/te/te_009_S4259557300391493.flac,telugu,S4258045600338732,/Users/adityasingh/Projects/Vocal-X/data_pipeline/raw/mr/mr_014_S4258045600338732.flac,marathi,different_speaker,0.24013474422451975
S4259557300391493,/Users/adityasingh/Projects/Vocal-X/data_pipeline/raw/te/te_009_S4259557300391493.flac,telugu,S4258045600338732,/Users/adityasingh/Projects/Vocal-X/data_pipeline/raw/mr/mr_015_S4258045600338732.flac,marathi,different_speaker,0.14273145649907085
S4259010000375320,/Users/adityasingh/Projects/Vocal-X/data_pipeline/raw/te/te_010_S4259010000375320.flac,telugu,S4259010000375320,/Users/adityasingh/Projects/Vocal-X/data_pipeline/raw/te/te_011_S4259010000375320.flac,telugu,same_speaker,0.80790254519676
S4259010000375320,/Users/adityasingh/Projects/Vocal-X/data_pipeline/raw/te/te_010_S4259010000375320.flac,telugu,S4259010000375320,/Users/adityasingh/Projects/Vocal-X/data_pipeline/raw/te/te_012_S4259010000375320.flac,telugu,same_speaker,0.8049797030771729
S4259010000375320,/Users/adityasingh/Projects/Vocal-X/data_pipeline/raw/te/te_010_S4259010000375320.flac,telugu,S4257321800337643,/Users/adityasingh/Projects/Vocal-X/data_pipeline/raw/te/te_013_S4257321800337643.flac,telugu,different_speaker,0.33025287814264354
S4259010000375320,/Users/adityasingh/Projects/Vocal-X/data_pipeline/raw/te/te_010_S4259010000375320.flac,telugu,S4257321800337643,/Users/adityasingh/Projects/Vocal-X/data_pipeline/raw/te/te_014_S4257321800337643.flac,telugu,different_speaker,0.2794367781911348
S4259010000375320,/Users/adityasingh/Projects/Vocal-X/data_pipeline/raw/te/te_010_S4259010000375320.flac,telugu,S4257321800337643,/Users/adityasingh/Projects/Vocal-X/data_pipeline/raw/te/te_015_S4257321800337643.flac,telugu,different_speaker,0.5308246573720132
S4259010000375320,/Users/adityasingh/Projects/Vocal-X/data_pipeline/raw/te/te_010_S4259010000375320.flac,telugu,S4258725600395882,/Users/adityasingh/Projects/Vocal-X/data_pipeline/raw/mr/mr_001_S4258725600395882.flac,marathi,different_speaker,-0.3418187185287958
S4259010000375320,/Users/adityasingh/Projects/Vocal-X/data_pipeline/raw/te/te_010_S4259010000375320.flac,telugu,S4258725600395882,/Users/adityasingh/Projects/Vocal-X/data_pipeline/raw/mr/mr_002_S4258725600395882.flac,marathi,different_speaker,-0.08981831501077554
S4259010000375320,/Users/adityasingh/Projects/Vocal-X/data_pipeline/raw/te/te_010_S4259010000375320.flac,telugu,S4258725600395882,/Users/adityasingh/Projects/Vocal-X/data_pipeline/raw/mr/mr_003_S4258725600395882.flac,marathi,different_speaker,0.4476781166780707
S4259010000375320,/Users/adityasingh/Projects/Vocal-X/data_pipeline/raw/te/te_010_S4259010000375320.flac,telugu,S4257020900340702,/Users/adityasingh/Projects/Vocal-X/data_pipeline/raw/mr/mr_004_S4257020900340702.flac,marathi,different_speaker,-0.19914832187561818
S4259010000375320,/Users/adityasingh/Projects/Vocal-X/data_pipeline/raw/te/te_010_S4259010000375320.flac,telugu,S4257020900340702,/Users/adityasingh/Projects/Vocal-X/data_pipeline/raw/mr/mr_005_S4257020900340702.flac,marathi,different_speaker,-0.26456801593777624
S4259010000375320,/Users/adityasingh/Projects/Vocal-X/data_pipeline/raw/te/te_010_S4259010000375320.flac,telugu,S4257020900340702,/Users/adityasingh/Projects/Vocal-X/data_pipeline/raw/mr/mr_006_S4257020900340702.flac,marathi,different_speaker,-0.2722781943501188
S4259010000375320,/Users/adityasingh/Projects/Vocal-X/data_pipeline/raw/te/te_010_S4259010000375320.flac,telugu,S4259734500395875,/Users/adityasingh/Projects/Vocal-X/data_pipeline/raw/mr/mr_007_S4259734500395875.flac,marathi,different_speaker,0.04346372465036473
S4259010000375320,/Users/adityasingh/Projects/Vocal-X/data_pipeline/raw/te/te_010_S4259010000375320.flac,telugu,S4259734500395875,/Users/adityasingh/Projects/Vocal-X/data_pipeline/raw/mr/mr_008_S4259734500395875.flac,marathi,different_speaker,0.4406666136911085
S4259010000375320,/Users/adityasingh/Projects/Vocal-X/data_pipeline/raw/te/te_010_S4259010000375320.flac,telugu,S4259734500395875,/Users/adityasingh/Projects/Vocal-X/data_pipeline/raw/mr/mr_009_S4259734500395875.flac,marathi,different_speaker,0.18361730155157807
S4259010000375320,/Users/adityasingh/Projects/Vocal-X/data_pipeline/raw/te/te_010_S4259010000375320.flac,telugu,S4257242800308984,/Users/adityasingh/Projects/Vocal-X/data_pipeline/raw/mr/mr_010_S4257242800308984.flac,marathi,different_speaker,0.16090176689639707
S4259010000375320,/Users/adityasingh/Projects/Vocal-X/data_pipeline/raw/te/te_010_S4259010000375320.flac,telugu,S4257242800308984,/Users/adityasingh/Projects/Vocal-X/data_pipeline/raw/mr/mr_011_S4257242800308984.flac,marathi,different_speaker,-0.07598893206631241
S4259010000375320,/Users/adityasingh/Projects/Vocal-X/data_pipeline/raw/te/te_010_S4259010000375320.flac,telugu,S4257242800308984,/Users/adityasingh/Projects/Vocal-X/data_pipeline/raw/mr/mr_012_S4257242800308984.flac,marathi,different_speaker,-0.4012361242674614
S4259010000375320,/Users/adityasingh/Projects/Vocal-X/data_pipeline/raw/te/te_010_S4259010000375320.flac,telugu,S4258045600338732,/Users/adityasingh/Projects/Vocal-X/data_pipeline/raw/mr/mr_013_S4258045600338732.flac,marathi,different_speaker,0.5949053963461337
S4259010000375320,/Users/adityasingh/Projects/Vocal-X/data_pipeline/raw/te/te_010_S4259010000375320.flac,telugu,S4258045600338732,/Users/adityasingh/Projects/Vocal-X/data_pipeline/raw/mr/mr_014_S4258045600338732.flac,marathi,different_speaker,0.4982662614824716
S4259010000375320,/Users/adityasingh/Projects/Vocal-X/data_pipeline/raw/te/te_010_S4259010000375320.flac,telugu,S4258045600338732,/Users/adityasingh/Projects/Vocal-X/data_pipeline/raw/mr/mr_015_S4258045600338732.flac,marathi,different_speaker,0.4061583692425425
S4259010000375320,/Users/adityasingh/Projects/Vocal-X/data_pipeline/raw/te/te_011_S4259010000375320.flac,telugu,S4259010000375320,/Users/adityasingh/Projects/Vocal-X/data_pipeline/raw/te/te_012_S4259010000375320.flac,telugu,same_speaker,0.8277326374791709
S4259010000375320,/Users/adityasingh/Projects/Vocal-X/data_pipeline/raw/te/te_011_S4259010000375320.flac,telugu,S4257321800337643,/Users/adityasingh/Projects/Vocal-X/data_pipeline/raw/te/te_013_S4257321800337643.flac,telugu,different_speaker,0.3202916267863167
S4259010000375320,/Users/adityasingh/Projects/Vocal-X/data_pipeline/raw/te/te_011_S4259010000375320.flac,telugu,S4257321800337643,/Users/adityasingh/Projects/Vocal-X/data_pipeline/raw/te/te_014_S4257321800337643.flac,telugu,different_speaker,0.36495002441541735
S4259010000375320,/Users/adityasingh/Projects/Vocal-X/data_pipeline/raw/te/te_011_S4259010000375320.flac,telugu,S4257321800337643,/Users/adityasingh/Projects/Vocal-X/data_pipeline/raw/te/te_015_S4257321800337643.flac,telugu,different_speaker,0.39523731801794454
S4259010000375320,/Users/adityasingh/Projects/Vocal-X/data_pipeline/raw/te/te_011_S4259010000375320.flac,telugu,S4258725600395882,/Users/adityasingh/Projects/Vocal-X/data_pipeline/raw/mr/mr_001_S4258725600395882.flac,marathi,different_speaker,-0.3285784270364576
S4259010000375320,/Users/adityasingh/Projects/Vocal-X/data_pipeline/raw/te/te_011_S4259010000375320.flac,telugu,S4258725600395882,/Users/adityasingh/Projects/Vocal-X/data_pipeline/raw/mr/mr_002_S4258725600395882.flac,marathi,different_speaker,0.06108575335809089
S4259010000375320,/Users/adityasingh/Projects/Vocal-X/data_pipeline/raw/te/te_011_S4259010000375320.flac,telugu,S4258725600395882,/Users/adityasingh/Projects/Vocal-X/data_pipeline/raw/mr/mr_003_S4258725600395882.flac,marathi,different_speaker,0.39850886891467574
S4259010000375320,/Users/adityasingh/Projects/Vocal-X/data_pipeline/raw/te/te_011_S4259010000375320.flac,telugu,S4257020900340702,/Users/adityasingh/Projects/Vocal-X/data_pipeline/raw/mr/mr_004_S4257020900340702.flac,marathi,different_speaker,-0.2900854792160465
S4259010000375320,/Users/adityasingh/Projects/Vocal-X/data_pipeline/raw/te/te_011_S4259010000375320.flac,telugu,S4257020900340702,/Users/adityasingh/Projects/Vocal-X/data_pipeline/raw/mr/mr_005_S4257020900340702.flac,marathi,different_speaker,-0.3692002787766506
S4259010000375320,/Users/adityasingh/Projects/Vocal-X/data_pipeline/raw/te/te_011_S4259010000375320.flac,telugu,S4257020900340702,/Users/adityasingh/Projects/Vocal-X/data_pipeline/raw/mr/mr_006_S4257020900340702.flac,marathi,different_speaker,-0.3212975637546906
S4259010000375320,/Users/adityasingh/Projects/Vocal-X/data_pipeline/raw/te/te_011_S4259010000375320.flac,telugu,S4259734500395875,/Users/adityasingh/Projects/Vocal-X/data_pipeline/raw/mr/mr_007_S4259734500395875.flac,marathi,different_speaker,0.004339329962526048
S4259010000375320,/Users/adityasingh/Projects/Vocal-X/data_pipeline/raw/te/te_011_S4259010000375320.flac,telugu,S4259734500395875,/Users/adityasingh/Projects/Vocal-X/data_pipeline/raw/mr/mr_008_S4259734500395875.flac,marathi,different_speaker,0.2273847866243779
S4259010000375320,/Users/adityasingh/Projects/Vocal-X/data_pipeline/raw/te/te_011_S4259010000375320.flac,telugu,S4259734500395875,/Users/adityasingh/Projects/Vocal-X/data_pipeline/raw/mr/mr_009_S4259734500395875.flac,marathi,different_speaker,0.251672305817966
S4259010000375320,/Users/adityasingh/Projects/Vocal-X/data_pipeline/raw/te/te_011_S4259010000375320.flac,telugu,S4257242800308984,/Users/adityasingh/Projects/Vocal-X/data_pipeline/raw/mr/mr_010_S4257242800308984.flac,marathi,different_speaker,0.18569586692975779
S4259010000375320,/Users/adityasingh/Projects/Vocal-X/data_pipeline/raw/te/te_011_S4259010000375320.flac,telugu,S4257242800308984,/Users/adityasingh/Projects/Vocal-X/data_pipeline/raw/mr/mr_011_S4257242800308984.flac,marathi,different_speaker,0.12744544476150801
S4259010000375320,/Users/adityasingh/Projects/Vocal-X/data_pipeline/raw/te/te_011_S4259010000375320.flac,telugu,S4257242800308984,/Users/adityasingh/Projects/Vocal-X/data_pipeline/raw/mr/mr_012_S4257242800308984.flac,marathi,different_speaker,-0.5439170327275468
S4259010000375320,/Users/adityasingh/Projects/Vocal-X/data_pipeline/raw/te/te_011_S4259010000375320.flac,telugu,S4258045600338732,/Users/adityasingh/Projects/Vocal-X/data_pipeline/raw/mr/mr_013_S4258045600338732.flac,marathi,different_speaker,0.4192596850873437
S4259010000375320,/Users/adityasingh/Projects/Vocal-X/data_pipeline/raw/te/te_011_S4259010000375320.flac,telugu,S4258045600338732,/Users/adityasingh/Projects/Vocal-X/data_pipeline/raw/mr/mr_014_S4258045600338732.flac,marathi,different_speaker,0.325141671374244
S4259010000375320,/Users/adityasingh/Projects/Vocal-X/data_pipeline/raw/te/te_011_S4259010000375320.flac,telugu,S4258045600338732,/Users/adityasingh/Projects/Vocal-X/data_pipeline/raw/mr/mr_015_S4258045600338732.flac,marathi,different_speaker,0.3953365622396851
S4259010000375320,/Users/adityasingh/Projects/Vocal-X/data_pipeline/raw/te/te_012_S4259010000375320.flac,telugu,S4257321800337643,/Users/adityasingh/Projects/Vocal-X/data_pipeline/raw/te/te_013_S4257321800337643.flac,telugu,different_speaker,0.29337563525532834
S4259010000375320,/Users/adityasingh/Projects/Vocal-X/data_pipeline/raw/te/te_012_S4259010000375320.flac,telugu,S4257321800337643,/Users/adityasingh/Projects/Vocal-X/data_pipeline/raw/te/te_014_S4257321800337643.flac,telugu,different_speaker,0.07869621506346423
S4259010000375320,/Users/adityasingh/Projects/Vocal-X/data_pipeline/raw/te/te_012_S4259010000375320.flac,telugu,S4257321800337643,/Users/adityasingh/Projects/Vocal-X/data_pipeline/raw/te/te_015_S4257321800337643.flac,telugu,different_speaker,0.30645751474963123
S4259010000375320,/Users/adityasingh/Projects/Vocal-X/data_pipeline/raw/te/te_012_S4259010000375320.flac,telugu,S4258725600395882,/Users/adityasingh/Projects/Vocal-X/data_pipeline/raw/mr/mr_001_S4258725600395882.flac,marathi,different_speaker,-0.3117122759057672
S4259010000375320,/Users/adityasingh/Projects/Vocal-X/data_pipeline/raw/te/te_012_S4259010000375320.flac,telugu,S4258725600395882,/Users/adityasingh/Projects/Vocal-X/data_pipeline/raw/mr/mr_002_S4258725600395882.flac,marathi,different_speaker,-0.0161205340454111
S4259010000375320,/Users/adityasingh/Projects/Vocal-X/data_pipeline/raw/te/te_012_S4259010000375320.flac,telugu,S4258725600395882,/Users/adityasingh/Projects/Vocal-X/data_pipeline/raw/mr/mr_003_S4258725600395882.flac,marathi,different_speaker,0.44752504341695565
S4259010000375320,/Users/adityasingh/Projects/Vocal-X/data_pipeline/raw/te/te_012_S4259010000375320.flac,telugu,S4257020900340702,/Users/adityasingh/Projects/Vocal-X/data_pipeline/raw/mr/mr_004_S4257020900340702.flac,marathi,different_speaker,-0.1617453287478664
S4259010000375320,/Users/adityasingh/Projects/Vocal-X/data_pipeline/raw/te/te_012_S4259010000375320.flac,telugu,S4257020900340702,/Users/adityasingh/Projects/Vocal-X/data_pipeline/raw/mr/mr_005_S4257020900340702.flac,marathi,different_speaker,-0.1979496060334289
S4259010000375320,/Users/adityasingh/Projects/Vocal-X/data_pipeline/raw/te/te_012_S4259010000375320.flac,telugu,S4257020900340702,/Users/adityasingh/Projects/Vocal-X/data_pipeline/raw/mr/mr_006_S4257020900340702.flac,marathi,different_speaker,-0.26343449285156845
S4259010000375320,/Users/adityasingh/Projects/Vocal-X/data_pipeline/raw/te/te_012_S4259010000375320.flac,telugu,S4259734500395875,/Users/adityasingh/Projects/Vocal-X/data_pipeline/raw/mr/mr_007_S4259734500395875.flac,marathi,different_speaker,0.13940629703079213
S4259010000375320,/Users/adityasingh/Projects/Vocal-X/data_pipeline/raw/te/te_012_S4259010000375320.flac,telugu,S4259734500395875,/Users/adityasingh/Projects/Vocal-X/data_pipeline/raw/mr/mr_008_S4259734500395875.flac,marathi,different_speaker,0.43130499132240807
S4259010000375320,/Users/adityasingh/Projects/Vocal-X/data_pipeline/raw/te/te_012_S4259010000375320.flac,telugu,S4259734500395875,/Users/adityasingh/Projects/Vocal-X/data_pipeline/raw/mr/mr_009_S4259734500395875.flac,marathi,different_speaker,0.2883033542444417
S4259010000375320,/Users/adityasingh/Projects/Vocal-X/data_pipeline/raw/te/te_012_S4259010000375320.flac,telugu,S4257242800308984,/Users/adityasingh/Projects/Vocal-X/data_pipeline/raw/mr/mr_010_S4257242800308984.flac,marathi,different_speaker,0.3424438427554634
S4259010000375320,/Users/adityasingh/Projects/Vocal-X/data_pipeline/raw/te/te_012_S4259010000375320.flac,telugu,S4257242800308984,/Users/adityasingh/Projects/Vocal-X/data_pipeline/raw/mr/mr_011_S4257242800308984.flac,marathi,different_speaker,0.08536932239388514
S4259010000375320,/Users/adityasingh/Projects/Vocal-X/data_pipeline/raw/te/te_012_S4259010000375320.flac,telugu,S4257242800308984,/Users/adityasingh/Projects/Vocal-X/data_pipeline/raw/mr/mr_012_S4257242800308984.flac,marathi,different_speaker,-0.5475303251445668
S4259010000375320,/Users/adityasingh/Projects/Vocal-X/data_pipeline/raw/te/te_012_S4259010000375320.flac,telugu,S4258045600338732,/Users/adityasingh/Projects/Vocal-X/data_pipeline/raw/mr/mr_013_S4258045600338732.flac,marathi,different_speaker,0.5003671930936219
S4259010000375320,/Users/adityasingh/Projects/Vocal-X/data_pipeline/raw/te/te_012_S4259010000375320.flac,telugu,S4258045600338732,/Users/adityasingh/Projects/Vocal-X/data_pipeline/raw/mr/mr_014_S4258045600338732.flac,marathi,different_speaker,0.3174004254333039
S4259010000375320,/Users/adityasingh/Projects/Vocal-X/data_pipeline/raw/te/te_012_S4259010000375320.flac,telugu,S4258045600338732,/Users/adityasingh/Projects/Vocal-X/data_pipeline/raw/mr/mr_015_S4258045600338732.flac,marathi,different_speaker,0.09117024863347692
S4257321800337643,/Users/adityasingh/Projects/Vocal-X/data_pipeline/raw/te/te_013_S4257321800337643.flac,telugu,S4257321800337643,/Users/adityasingh/Projects/Vocal-X/data_pipeline/raw/te/te_014_S4257321800337643.flac,telugu,same_speaker,0.4628109389072643
S4257321800337643,/Users/adityasingh/Projects/Vocal-X/data_pipeline/raw/te/te_013_S4257321800337643.flac,telugu,S4257321800337643,/Users/adityasingh/Projects/Vocal-X/data_pipeline/raw/te/te_015_S4257321800337643.flac,telugu,same_speaker,0.6537567195193962
S4257321800337643,/Users/adityasingh/Projects/Vocal-X/data_pipeline/raw/te/te_013_S4257321800337643.flac,telugu,S4258725600395882,/Users/adityasingh/Projects/Vocal-X/data_pipeline/raw/mr/mr_001_S4258725600395882.flac,marathi,different_speaker,-0.1172426421463653
S4257321800337643,/Users/adityasingh/Projects/Vocal-X/data_pipeline/raw/te/te_013_S4257321800337643.flac,telugu,S4258725600395882,/Users/adityasingh/Projects/Vocal-X/data_pipeline/raw/mr/mr_002_S4258725600395882.flac,marathi,different_speaker,-0.34093562820912365
S4257321800337643,/Users/adityasingh/Projects/Vocal-X/data_pipeline/raw/te/te_013_S4257321800337643.flac,telugu,S4258725600395882,/Users/adityasingh/Projects/Vocal-X/data_pipeline/raw/mr/mr_003_S4258725600395882.flac,marathi,different_speaker,-0.17731163876398182
S4257321800337643,/Users/adityasingh/Projects/Vocal-X/data_pipeline/raw/te/te_013_S4257321800337643.flac,telugu,S4257020900340702,/Users/adityasingh/Projects/Vocal-X/data_pipeline/raw/mr/mr_004_S4257020900340702.flac,marathi,different_speaker,0.21252979767707825
S4257321800337643,/Users/adityasingh/Projects/Vocal-X/data_pipeline/raw/te/te_013_S4257321800337643.flac,telugu,S4257020900340702,/Users/adityasingh/Projects/Vocal-X/data_pipeline/raw/mr/mr_005_S4257020900340702.flac,marathi,different_speaker,0.09908329175765232
S4257321800337643,/Users/adityasingh/Projects/Vocal-X/data_pipeline/raw/te/te_013_S4257321800337643.flac,telugu,S4257020900340702,/Users/adityasingh/Projects/Vocal-X/data_pipeline/raw/mr/mr_006_S4257020900340702.flac,marathi,different_speaker,0.24531384200447523
S4257321800337643,/Users/adityasingh/Projects/Vocal-X/data_pipeline/raw/te/te_013_S4257321800337643.flac,telugu,S4259734500395875,/Users/adityasingh/Projects/Vocal-X/data_pipeline/raw/mr/mr_007_S4259734500395875.flac,marathi,different_speaker,0.1386112015880717
S4257321800337643,/Users/adityasingh/Projects/Vocal-X/data_pipeline/raw/te/te_013_S4257321800337643.flac,telugu,S4259734500395875,/Users/adityasingh/Projects/Vocal-X/data_pipeline/raw/mr/mr_008_S4259734500395875.flac,marathi,different_speaker,-0.15008193584225196
S4257321800337643,/Users/adityasingh/Projects/Vocal-X/data_pipeline/raw/te/te_013_S4257321800337643.flac,telugu,S4259734500395875,/Users/adityasingh/Projects/Vocal-X/data_pipeline/raw/mr/mr_009_S4259734500395875.flac,marathi,different_speaker,-0.13934524770292794
S4257321800337643,/Users/adityasingh/Projects/Vocal-X/data_pipeline/raw/te/te_013_S4257321800337643.flac,telugu,S4257242800308984,/Users/adityasingh/Projects/Vocal-X/data_pipeline/raw/mr/mr_010_S4257242800308984.flac,marathi,different_speaker,0.5890655969925571
S4257321800337643,/Users/adityasingh/Projects/Vocal-X/data_pipeline/raw/te/te_013_S4257321800337643.flac,telugu,S4257242800308984,/Users/adityasingh/Projects/Vocal-X/data_pipeline/raw/mr/mr_011_S4257242800308984.flac,marathi,different_speaker,-0.239302121138463
S4257321800337643,/Users/adityasingh/Projects/Vocal-X/data_pipeline/raw/te/te_013_S4257321800337643.flac,telugu,S4257242800308984,/Users/adityasingh/Projects/Vocal-X/data_pipeline/raw/mr/mr_012_S4257242800308984.flac,marathi,different_speaker,-0.09452270594033106
S4257321800337643,/Users/adityasingh/Projects/Vocal-X/data_pipeline/raw/te/te_013_S4257321800337643.flac,telugu,S4258045600338732,/Users/adityasingh/Projects/Vocal-X/data_pipeline/raw/mr/mr_013_S4258045600338732.flac,marathi,different_speaker,0.4539218283301406
S4257321800337643,/Users/adityasingh/Projects/Vocal-X/data_pipeline/raw/te/te_013_S4257321800337643.flac,telugu,S4258045600338732,/Users/adityasingh/Projects/Vocal-X/data_pipeline/raw/mr/mr_014_S4258045600338732.flac,marathi,different_speaker,0.5392645172916204
S4257321800337643,/Users/adityasingh/Projects/Vocal-X/data_pipeline/raw/te/te_013_S4257321800337643.flac,telugu,S4258045600338732,/Users/adityasingh/Projects/Vocal-X/data_pipeline/raw/mr/mr_015_S4258045600338732.flac,marathi,different_speaker,0.2794611044423167
S4257321800337643,/Users/adityasingh/Projects/Vocal-X/data_pipeline/raw/te/te_014_S4257321800337643.flac,telugu,S4257321800337643,/Users/adityasingh/Projects/Vocal-X/data_pipeline/raw/te/te_015_S4257321800337643.flac,telugu,same_speaker,0.7888695559225205
S4257321800337643,/Users/adityasingh/Projects/Vocal-X/data_pipeline/raw/te/te_014_S4257321800337643.flac,telugu,S4258725600395882,/Users/adityasingh/Projects/Vocal-X/data_pipeline/raw/mr/mr_001_S4258725600395882.flac,marathi,different_speaker,-0.2270772625661703
S4257321800337643,/Users/adityasingh/Projects/Vocal-X/data_pipeline/raw/te/te_014_S4257321800337643.flac,telugu,S4258725600395882,/Users/adityasingh/Projects/Vocal-X/data_pipeline/raw/mr/mr_002_S4258725600395882.flac,marathi,different_speaker,0.023084528245897063
S4257321800337643,/Users/adityasingh/Projects/Vocal-X/data_pipeline/raw/te/te_014_S4257321800337643.flac,telugu,S4258725600395882,/Users/adityasingh/Projects/Vocal-X/data_pipeline/raw/mr/mr_003_S4258725600395882.flac,marathi,different_speaker,0.03900880305584652
S4257321800337643,/Users/adityasingh/Projects/Vocal-X/data_pipeline/raw/te/te_014_S4257321800337643.flac,telugu,S4257020900340702,/Users/adityasingh/Projects/Vocal-X/data_pipeline/raw/mr/mr_004_S4257020900340702.flac,marathi,different_speaker,-0.0837325119787911
S4257321800337643,/Users/adityasingh/Projects/Vocal-X/data_pipeline/raw/te/te_014_S4257321800337643.flac,telugu,S4257020900340702,/Users/adityasingh/Projects/Vocal-X/data_pipeline/raw/mr/mr_005_S4257020900340702.flac,marathi,different_speaker,-0.1892862463568771
S4257321800337643,/Users/adityasingh/Projects/Vocal-X/data_pipeline/raw/te/te_014_S4257321800337643.flac,telugu,S4257020900340702,/Users/adityasingh/Projects/Vocal-X/data_pipeline/raw/mr/mr_006_S4257020900340702.flac,marathi,different_speaker,-0.17150903754308552
S4257321800337643,/Users/adityasingh/Projects/Vocal-X/data_pipeline/raw/te/te_014_S4257321800337643.flac,telugu,S4259734500395875,/Users/adityasingh/Projects/Vocal-X/data_pipeline/raw/mr/mr_007_S4259734500395875.flac,marathi,different_speaker,-0.032624741103730405
S4257321800337643,/Users/adityasingh/Projects/Vocal-X/data_pipeline/raw/te/te_014_S4257321800337643.flac,telugu,S4259734500395875,/Users/adityasingh/Projects/Vocal-X/data_pipeline/raw/mr/mr_008_S4259734500395875.flac,marathi,different_speaker,0.12173971605550313
S4257321800337643,/Users/adityasingh/Projects/Vocal-X/data_pipeline/raw/te/te_014_S4257321800337643.flac,telugu,S4259734500395875,/Users/adityasingh/Projects/Vocal-X/data_pipeline/raw/mr/mr_009_S4259734500395875.flac,marathi,different_speaker,0.09042823316368673
S4257321800337643,/Users/adityasingh/Projects/Vocal-X/data_pipeline/raw/te/te_014_S4257321800337643.flac,telugu,S4257242800308984,/Users/adityasingh/Projects/Vocal-X/data_pipeline/raw/mr/mr_010_S4257242800308984.flac,marathi,different_speaker,-0.07977179173699157
S4257321800337643,/Users/adityasingh/Projects/Vocal-X/data_pipeline/raw/te/te_014_S4257321800337643.flac,telugu,S4257242800308984,/Users/adityasingh/Projects/Vocal-X/data_pipeline/raw/mr/mr_011_S4257242800308984.flac,marathi,different_speaker,-0.17754600134218235
S4257321800337643,/Users/adityasingh/Projects/Vocal-X/data_pipeline/raw/te/te_014_S4257321800337643.flac,telugu,S4257242800308984,/Users/adityasingh/Projects/Vocal-X/data_pipeline/raw/mr/mr_012_S4257242800308984.flac,marathi,different_speaker,-0.08697563597884893
S4257321800337643,/Users/adityasingh/Projects/Vocal-X/data_pipeline/raw/te/te_014_S4257321800337643.flac,telugu,S4258045600338732,/Users/adityasingh/Projects/Vocal-X/data_pipeline/raw/mr/mr_013_S4258045600338732.flac,marathi,different_speaker,0.4413462837788273
S4257321800337643,/Users/adityasingh/Projects/Vocal-X/data_pipeline/raw/te/te_014_S4257321800337643.flac,telugu,S4258045600338732,/Users/adityasingh/Projects/Vocal-X/data_pipeline/raw/mr/mr_014_S4258045600338732.flac,marathi,different_speaker,0.510646413080067
S4257321800337643,/Users/adityasingh/Projects/Vocal-X/data_pipeline/raw/te/te_014_S4257321800337643.flac,telugu,S4258045600338732,/Users/adityasingh/Projects/Vocal-X/data_pipeline/raw/mr/mr_015_S4258045600338732.flac,marathi,different_speaker,0.47993871247454495
S4257321800337643,/Users/adityasingh/Projects/Vocal-X/data_pipeline/raw/te/te_015_S4257321800337643.flac,telugu,S4258725600395882,/Users/adityasingh/Projects/Vocal-X/data_pipeline/raw/mr/mr_001_S4258725600395882.flac,marathi,different_speaker,-0.3745208865094718
S4257321800337643,/Users/adityasingh/Projects/Vocal-X/data_pipeline/raw/te/te_015_S4257321800337643.flac,telugu,S4258725600395882,/Users/adityasingh/Projects/Vocal-X/data_pipeline/raw/mr/mr_002_S4258725600395882.flac,marathi,different_speaker,-0.21820496180588328
S4257321800337643,/Users/adityasingh/Projects/Vocal-X/data_pipeline/raw/te/te_015_S4257321800337643.flac,telugu,S4258725600395882,/Users/adityasingh/Projects/Vocal-X/data_pipeline/raw/mr/mr_003_S4258725600395882.flac,marathi,different_speaker,0.04457919564002442
S4257321800337643,/Users/adityasingh/Projects/Vocal-X/data_pipeline/raw/te/te_015_S4257321800337643.flac,telugu,S4257020900340702,/Users/adityasingh/Projects/Vocal-X/data_pipeline/raw/mr/mr_004_S4257020900340702.flac,marathi,different_speaker,0.014121906363655906
S4257321800337643,/Users/adityasingh/Projects/Vocal-X/data_pipeline/raw/te/te_015_S4257321800337643.flac,telugu,S4257020900340702,/Users/adityasingh/Projects/Vocal-X/data_pipeline/raw/mr/mr_005_S4257020900340702.flac,marathi,different_speaker,-0.08329402059911312
S4257321800337643,/Users/adityasingh/Projects/Vocal-X/data_pipeline/raw/te/te_015_S4257321800337643.flac,telugu,S4257020900340702,/Users/adityasingh/Projects/Vocal-X/data_pipeline/raw/mr/mr_006_S4257020900340702.flac,marathi,different_speaker,-0.11106233693988869
S4257321800337643,/Users/adityasingh/Projects/Vocal-X/data_pipeline/raw/te/te_015_S4257321800337643.flac,telugu,S4259734500395875,/Users/adityasingh/Projects/Vocal-X/data_pipeline/raw/mr/mr_007_S4259734500395875.flac,marathi,different_speaker,-0.011038455553000695
S4257321800337643,/Users/adityasingh/Projects/Vocal-X/data_pipeline/raw/te/te_015_S4257321800337643.flac,telugu,S4259734500395875,/Users/adityasingh/Projects/Vocal-X/data_pipeline/raw/mr/mr_008_S4259734500395875.flac,marathi,different_speaker,0.31321147488776385
S4257321800337643,/Users/adityasingh/Projects/Vocal-X/data_pipeline/raw/te/te_015_S4257321800337643.flac,telugu,S4259734500395875,/Users/adityasingh/Projects/Vocal-X/data_pipeline/raw/mr/mr_009_S4259734500395875.flac,marathi,different_speaker,0.06188958295330423
S4257321800337643,/Users/adityasingh/Projects/Vocal-X/data_pipeline/raw/te/te_015_S4257321800337643.flac,telugu,S4257242800308984,/Users/adityasingh/Projects/Vocal-X/data_pipeline/raw/mr/mr_010_S4257242800308984.flac,marathi,different_speaker,0.09049187442379558
S4257321800337643,/Users/adityasingh/Projects/Vocal-X/data_pipeline/raw/te/te_015_S4257321800337643.flac,telugu,S4257242800308984,/Users/adityasingh/Projects/Vocal-X/data_pipeline/raw/mr/mr_011_S4257242800308984.flac,marathi,different_speaker,-0.2379167950513985
S4257321800337643,/Users/adityasingh/Projects/Vocal-X/data_pipeline/raw/te/te_015_S4257321800337643.flac,telugu,S4257242800308984,/Users/adityasingh/Projects/Vocal-X/data_pipeline/raw/mr/mr_012_S4257242800308984.flac,marathi,different_speaker,0.053320113414815684
S4257321800337643,/Users/adityasingh/Projects/Vocal-X/data_pipeline/raw/te/te_015_S4257321800337643.flac,telugu,S4258045600338732,/Users/adityasingh/Projects/Vocal-X/data_pipeline/raw/mr/mr_013_S4258045600338732.flac,marathi,different_speaker,0.49707705485189446
S4257321800337643,/Users/adityasingh/Projects/Vocal-X/data_pipeline/raw/te/te_015_S4257321800337643.flac,telugu,S4258045600338732,/Users/adityasingh/Projects/Vocal-X/data_pipeline/raw/mr/mr_014_S4258045600338732.flac,marathi,different_speaker,0.4948634982025915
S4257321800337643,/Users/adityasingh/Projects/Vocal-X/data_pipeline/raw/te/te_015_S4257321800337643.flac,telugu,S4258045600338732,/Users/adityasingh/Projects/Vocal-X/data_pipeline/raw/mr/mr_015_S4258045600338732.flac,marathi,different_speaker,0.2832333879157818
S4258725600395882,/Users/adityasingh/Projects/Vocal-X/data_pipeline/raw/mr/mr_001_S4258725600395882.flac,marathi,S4258725600395882,/Users/adityasingh/Projects/Vocal-X/data_pipeline/raw/mr/mr_002_S4258725600395882.flac,marathi,same_speaker,0.36529598371485456
S4258725600395882,/Users/adityasingh/Projects/Vocal-X/data_pipeline/raw/mr/mr_001_S4258725600395882.flac,marathi,S4258725600395882,/Users/adityasingh/Projects/Vocal-X/data_pipeline/raw/mr/mr_003_S4258725600395882.flac,marathi,same_speaker,0.10277218539930226
S4258725600395882,/Users/adityasingh/Projects/Vocal-X/data_pipeline/raw/mr/mr_001_S4258725600395882.flac,marathi,S4257020900340702,/Users/adityasingh/Projects/Vocal-X/data_pipeline/raw/mr/mr_004_S4257020900340702.flac,marathi,different_speaker,0.14671228314927834
S4258725600395882,/Users/adityasingh/Projects/Vocal-X/data_pipeline/raw/mr/mr_001_S4258725600395882.flac,marathi,S4257020900340702,/Users/adityasingh/Projects/Vocal-X/data_pipeline/raw/mr/mr_005_S4257020900340702.flac,marathi,different_speaker,0.12296451563979792
S4258725600395882,/Users/adityasingh/Projects/Vocal-X/data_pipeline/raw/mr/mr_001_S4258725600395882.flac,marathi,S4257020900340702,/Users/adityasingh/Projects/Vocal-X/data_pipeline/raw/mr/mr_006_S4257020900340702.flac,marathi,different_speaker,0.07494918619943412
S4258725600395882,/Users/adityasingh/Projects/Vocal-X/data_pipeline/raw/mr/mr_001_S4258725600395882.flac,marathi,S4259734500395875,/Users/adityasingh/Projects/Vocal-X/data_pipeline/raw/mr/mr_007_S4259734500395875.flac,marathi,different_speaker,0.6012215165245454
S4258725600395882,/Users/adityasingh/Projects/Vocal-X/data_pipeline/raw/mr/mr_001_S4258725600395882.flac,marathi,S4259734500395875,/Users/adityasingh/Projects/Vocal-X/data_pipeline/raw/mr/mr_008_S4259734500395875.flac,marathi,different_speaker,-0.4033033842969911
S4258725600395882,/Users/adityasingh/Projects/Vocal-X/data_pipeline/raw/mr/mr_001_S4258725600395882.flac,marathi,S4259734500395875,/Users/adityasingh/Projects/Vocal-X/data_pipeline/raw/mr/mr_009_S4259734500395875.flac,marathi,different_speaker,-0.3722066271979723
S4258725600395882,/Users/adityasingh/Projects/Vocal-X/data_pipeline/raw/mr/mr_001_S4258725600395882.flac,marathi,S4257242800308984,/Users/adityasingh/Projects/Vocal-X/data_pipeline/raw/mr/mr_010_S4257242800308984.flac,marathi,different_speaker,-0.08675674287485621
S4258725600395882,/Users/adityasingh/Projects/Vocal-X/data_pipeline/raw/mr/mr_001_S4258725600395882.flac,marathi,S4257242800308984,/Users/adityasingh/Projects/Vocal-X/data_pipeline/raw/mr/mr_011_S4257242800308984.flac,marathi,different_speaker,0.17789906722202983
S4258725600395882,/Users/adityasingh/Projects/Vocal-X/data_pipeline/raw/mr/mr_001_S4258725600395882.flac,marathi,S4257242800308984,/Users/adityasingh/Projects/Vocal-X/data_pipeline/raw/mr/mr_012_S4257242800308984.flac,marathi,different_speaker,0.10698797141712502
S4258725600395882,/Users/adityasingh/Projects/Vocal-X/data_pipeline/raw/mr/mr_001_S4258725600395882.flac,marathi,S4258045600338732,/Users/adityasingh/Projects/Vocal-X/data_pipeline/raw/mr/mr_013_S4258045600338732.flac,marathi,different_speaker,-0.15123991433828674
S4258725600395882,/Users/adityasingh/Projects/Vocal-X/data_pipeline/raw/mr/mr_001_S4258725600395882.flac,marathi,S4258045600338732,/Users/adityasingh/Projects/Vocal-X/data_pipeline/raw/mr/mr_014_S4258045600338732.flac,marathi,different_speaker,-0.0763301007108826
S4258725600395882,/Users/adityasingh/Projects/Vocal-X/data_pipeline/raw/mr/mr_001_S4258725600395882.flac,marathi,S4258045600338732,/Users/adityasingh/Projects/Vocal-X/data_pipeline/raw/mr/mr_015_S4258045600338732.flac,marathi,different_speaker,0.031071900427155765
S4258725600395882,/Users/adityasingh/Projects/Vocal-X/data_pipeline/raw/mr/mr_002_S4258725600395882.flac,marathi,S4258725600395882,/Users/adityasingh/Projects/Vocal-X/data_pipeline/raw/mr/mr_003_S4258725600395882.flac,marathi,same_speaker,0.29521799657050485
S4258725600395882,/Users/adityasingh/Projects/Vocal-X/data_pipeline/raw/mr/mr_002_S4258725600395882.flac,marathi,S4257020900340702,/Users/adityasingh/Projects/Vocal-X/data_pipeline/raw/mr/mr_004_S4257020900340702.flac,marathi,different_speaker,-0.44491731861249995
S4258725600395882,/Users/adityasingh/Projects/Vocal-X/data_pipeline/raw/mr/mr_002_S4258725600395882.flac,marathi,S4257020900340702,/Users/adityasingh/Projects/Vocal-X/data_pipeline/raw/mr/mr_005_S4257020900340702.flac,marathi,different_speaker,-0.4723059683589548
S4258725600395882,/Users/adityasingh/Projects/Vocal-X/data_pipeline/raw/mr/mr_002_S4258725600395882.flac,marathi,S4257020900340702,/Users/adityasingh/Projects/Vocal-X/data_pipeline/raw/mr/mr_006_S4257020900340702.flac,marathi,different_speaker,-0.533055120647291
S4258725600395882,/Users/adityasingh/Projects/Vocal-X/data_pipeline/raw/mr/mr_002_S4258725600395882.flac,marathi,S4259734500395875,/Users/adityasingh/Projects/Vocal-X/data_pipeline/raw/mr/mr_007_S4259734500395875.flac,marathi,different_speaker,0.035779542772423414
S4258725600395882,/Users/adityasingh/Projects/Vocal-X/data_pipeline/raw/mr/mr_002_S4258725600395882.flac,marathi,S4259734500395875,/Users/adityasingh/Projects/Vocal-X/data_pipeline/raw/mr/mr_008_S4259734500395875.flac,marathi,different_speaker,0.15562798943274495
S4258725600395882,/Users/adityasingh/Projects/Vocal-X/data_pipeline/raw/mr/mr_002_S4258725600395882.flac,marathi,S4259734500395875,/Users/adityasingh/Projects/Vocal-X/data_pipeline/raw/mr/mr_009_S4259734500395875.flac,marathi,different_speaker,0.37391181731207956
S4258725600395882,/Users/adityasingh/Projects/Vocal-X/data_pipeline/raw/mr/mr_002_S4258725600395882.flac,marathi,S4257242800308984,/Users/adityasingh/Projects/Vocal-X/data_pipeline/raw/mr/mr_010_S4257242800308984.flac,marathi,different_speaker,0.05691372460578944
S4258725600395882,/Users/adityasingh/Projects/Vocal-X/data_pipeline/raw/mr/mr_002_S4258725600395882.flac,marathi,S4257242800308984,/Users/adityasingh/Projects/Vocal-X/data_pipeline/raw/mr/mr_011_S4257242800308984.flac,marathi,different_speaker,0.6900191152793985
S4258725600395882,/Users/adityasingh/Projects/Vocal-X/data_pipeline/raw/mr/mr_002_S4258725600395882.flac,marathi,S4257242800308984,/Users/adityasingh/Projects/Vocal-X/data_pipeline/raw/mr/mr_012_S4257242800308984.flac,marathi,different_speaker,-0.05419508059761542
S4258725600395882,/Users/adityasingh/Projects/Vocal-X/data_pipeline/raw/mr/mr_002_S4258725600395882.flac,marathi,S4258045600338732,/Users/adityasingh/Projects/Vocal-X/data_pipeline/raw/mr/mr_013_S4258045600338732.flac,marathi,different_speaker,-0.1064185201051178
S4258725600395882,/Users/adityasingh/Projects/Vocal-X/data_pipeline/raw/mr/mr_002_S4258725600395882.flac,marathi,S4258045600338732,/Users/adityasingh/Projects/Vocal-X/data_pipeline/raw/mr/mr_014_S4258045600338732.flac,marathi,different_speaker,0.05650071730399908
S4258725600395882,/Users/adityasingh/Projects/Vocal-X/data_pipeline/raw/mr/mr_002_S4258725600395882.flac,marathi,S4258045600338732,/Users/adityasingh/Projects/Vocal-X/data_pipeline/raw/mr/mr_015_S4258045600338732.flac,marathi,different_speaker,0.10692283566883463
S4258725600395882,/Users/adityasingh/Projects/Vocal-X/data_pipeline/raw/mr/mr_003_S4258725600395882.flac,marathi,S4257020900340702,/Users/adityasingh/Projects/Vocal-X/data_pipeline/raw/mr/mr_004_S4257020900340702.flac,marathi,different_speaker,-0.43154560532368597
S4258725600395882,/Users/adityasingh/Projects/Vocal-X/data_pipeline/raw/mr/mr_003_S4258725600395882.flac,marathi,S4257020900340702,/Users/adityasingh/Projects/Vocal-X/data_pipeline/raw/mr/mr_005_S4257020900340702.flac,marathi,different_speaker,-0.4354550509784074
S4258725600395882,/Users/adityasingh/Projects/Vocal-X/data_pipeline/raw/mr/mr_003_S4258725600395882.flac,marathi,S4257020900340702,/Users/adityasingh/Projects/Vocal-X/data_pipeline/raw/mr/mr_006_S4257020900340702.flac,marathi,different_speaker,-0.5449519248224581
S4258725600395882,/Users/adityasingh/Projects/Vocal-X/data_pipeline/raw/mr/mr_003_S4258725600395882.flac,marathi,S4259734500395875,/Users/adityasingh/Projects/Vocal-X/data_pipeline/raw/mr/mr_007_S4259734500395875.flac,marathi,different_speaker,-0.01277526196530861
S4258725600395882,/Users/adityasingh/Projects/Vocal-X/data_pipeline/raw/mr/mr_003_S4258725600395882.flac,marathi,S4259734500395875,/Users/adityasingh/Projects/Vocal-X/data_pipeline/raw/mr/mr_008_S4259734500395875.flac,marathi,different_speaker,0.18494711570347477
S4258725600395882,/Users/adityasingh/Projects/Vocal-X/data_pipeline/raw/mr/mr_003_S4258725600395882.flac,marathi,S4259734500395875,/Users/adityasingh/Projects/Vocal-X/data_pipeline/raw/mr/mr_009_S4259734500395875.flac,marathi,different_speaker,-0.10441051008297364
S4258725600395882,/Users/adityasingh/Projects/Vocal-X/data_pipeline/raw/mr/mr_003_S4258725600395882.flac,marathi,S4257242800308984,/Users/adityasingh/Projects/Vocal-X/data_pipeline/raw/mr/mr_010_S4257242800308984.flac,marathi,different_speaker,-0.05302524224018175
S4258725600395882,/Users/adityasingh/Projects/Vocal-X/data_pipeline/raw/mr/mr_003_S4258725600395882.flac,marathi,S4257242800308984,/Users/adityasingh/Projects/Vocal-X/data_pipeline/raw/mr/mr_011_S4257242800308984.flac,marathi,different_speaker,0.1687460359332644
S4258725600395882,/Users/adityasingh/Projects/Vocal-X/data_pipeline/raw/mr/mr_003_S4258725600395882.flac,marathi,S4257242800308984,/Users/adityasingh/Projects/Vocal-X/data_pipeline/raw/mr/mr_012_S4257242800308984.flac,marathi,different_speaker,-0.38667941464241073
S4258725600395882,/Users/adityasingh/Projects/Vocal-X/data_pipeline/raw/mr/mr_003_S4258725600395882.flac,marathi,S4258045600338732,/Users/adityasingh/Projects/Vocal-X/data_pipeline/raw/mr/mr_013_S4258045600338732.flac,marathi,different_speaker,-0.11985887478693652
S4258725600395882,/Users/adityasingh/Projects/Vocal-X/data_pipeline/raw/mr/mr_003_S4258725600395882.flac,marathi,S4258045600338732,/Users/adityasingh/Projects/Vocal-X/data_pipeline/raw/mr/mr_014_S4258045600338732.flac,marathi,different_speaker,0.11157431205171683
S4258725600395882,/Users/adityasingh/Projects/Vocal-X/data_pipeline/raw/mr/mr_003_S4258725600395882.flac,marathi,S4258045600338732,/Users/adityasingh/Projects/Vocal-X/data_pipeline/raw/mr/mr_015_S4258045600338732.flac,marathi,different_speaker,0.19007276191871803
S4257020900340702,/Users/adityasingh/Projects/Vocal-X/data_pipeline/raw/mr/mr_004_S4257020900340702.flac,marathi,S4257020900340702,/Users/adityasingh/Projects/Vocal-X/data_pipeline/raw/mr/mr_005_S4257020900340702.flac,marathi,same_speaker,0.9710431667071554
S4257020900340702,/Users/adityasingh/Projects/Vocal-X/data_pipeline/raw/mr/mr_004_S4257020900340702.flac,marathi,S4257020900340702,/Users/adityasingh/Projects/Vocal-X/data_pipeline/raw/mr/mr_006_S4257020900340702.flac,marathi,same_speaker,0.8336242894972494
S4257020900340702,/Users/adityasingh/Projects/Vocal-X/data_pipeline/raw/mr/mr_004_S4257020900340702.flac,marathi,S4259734500395875,/Users/adityasingh/Projects/Vocal-X/data_pipeline/raw/mr/mr_007_S4259734500395875.flac,marathi,different_speaker,0.0605166574678929
S4257020900340702,/Users/adityasingh/Projects/Vocal-X/data_pipeline/raw/mr/mr_004_S4257020900340702.flac,marathi,S4259734500395875,/Users/adityasingh/Projects/Vocal-X/data_pipeline/raw/mr/mr_008_S4259734500395875.flac,marathi,different_speaker,-0.35841417865053493
S4257020900340702,/Users/adityasingh/Projects/Vocal-X/data_pipeline/raw/mr/mr_004_S4257020900340702.flac,marathi,S4259734500395875,/Users/adityasingh/Projects/Vocal-X/data_pipeline/raw/mr/mr_009_S4259734500395875.flac,marathi,different_speaker,-0.4178496811674284
S4257020900340702,/Users/adityasingh/Projects/Vocal-X/data_pipeline/raw/mr/mr_004_S4257020900340702.flac,marathi,S4257242800308984,/Users/adityasingh/Projects/Vocal-X/data_pipeline/raw/mr/mr_010_S4257242800308984.flac,marathi,different_speaker,-0.12774822266901792
S4257020900340702,/Users/adityasingh/Projects/Vocal-X/data_pipeline/raw/mr/mr_004_S4257020900340702.flac,marathi,S4257242800308984,/Users/adityasingh/Projects/Vocal-X/data_pipeline/raw/mr/mr_011_S4257242800308984.flac,marathi,different_speaker,-0.42792808986282344
S4257020900340702,/Users/adityasingh/Projects/Vocal-X/data_pipeline/raw/mr/mr_004_S4257020900340702.flac,marathi,S4257242800308984,/Users/adityasingh/Projects/Vocal-X/data_pipeline/raw/mr/mr_012_S4257242800308984.flac,marathi,different_speaker,0.14373186804333052
S4257020900340702,/Users/adityasingh/Projects/Vocal-X/data_pipeline/raw/mr/mr_004_S4257020900340702.flac,marathi,S4258045600338732,/Users/adityasingh/Projects/Vocal-X/data_pipeline/raw/mr/mr_013_S4258045600338732.flac,marathi,different_speaker,0.2732632983941065
S4257020900340702,/Users/adityasingh/Projects/Vocal-X/data_pipeline/raw/mr/mr_004_S4257020900340702.flac,marathi,S4258045600338732,/Users/adityasingh/Projects/Vocal-X/data_pipeline/raw/mr/mr_014_S4258045600338732.flac,marathi,different_speaker,0.1433030732906574
S4257020900340702,/Users/adityasingh/Projects/Vocal-X/data_pipeline/raw/mr/mr_004_S4257020900340702.flac,marathi,S4258045600338732,/Users/adityasingh/Projects/Vocal-X/data_pipeline/raw/mr/mr_015_S4258045600338732.flac,marathi,different_speaker,-0.023878354904473927
S4257020900340702,/Users/adityasingh/Projects/Vocal-X/data_pipeline/raw/mr/mr_005_S4257020900340702.flac,marathi,S4257020900340702,/Users/adityasingh/Projects/Vocal-X/data_pipeline/raw/mr/mr_006_S4257020900340702.flac,marathi,same_speaker,0.837170453721772
S4257020900340702,/Users/adityasingh/Projects/Vocal-X/data_pipeline/raw/mr/mr_005_S4257020900340702.flac,marathi,S4259734500395875,/Users/adityasingh/Projects/Vocal-X/data_pipeline/raw/mr/mr_007_S4259734500395875.flac,marathi,different_speaker,0.04064024598548656
S4257020900340702,/Users/adityasingh/Projects/Vocal-X/data_pipeline/raw/mr/mr_005_S4257020900340702.flac,marathi,S4259734500395875,/Users/adityasingh/Projects/Vocal-X/data_pipeline/raw/mr/mr_008_S4259734500395875.flac,marathi,different_speaker,-0.35114015190898523
S4257020900340702,/Users/adityasingh/Projects/Vocal-X/data_pipeline/raw/mr/mr_005_S4257020900340702.flac,marathi,S4259734500395875,/Users/adityasingh/Projects/Vocal-X/data_pipeline/raw/mr/mr_009_S4259734500395875.flac,marathi,different_speaker,-0.4300870289217847
S4257020900340702,/Users/adityasingh/Projects/Vocal-X/data_pipeline/raw/mr/mr_005_S4257020900340702.flac,marathi,S4257242800308984,/Users/adityasingh/Projects/Vocal-X/data_pipeline/raw/mr/mr_010_S4257242800308984.flac,marathi,different_speaker,-0.18226702614937965
S4257020900340702,/Users/adityasingh/Projects/Vocal-X/data_pipeline/raw/mr/mr_005_S4257020900340702.flac,marathi,S4257242800308984,/Users/adityasingh/Projects/Vocal-X/data_pipeline/raw/mr/mr_011_S4257242800308984.flac,marathi,different_speaker,-0.47536303533728996
S4257020900340702,/Users/adityasingh/Projects/Vocal-X/data_pipeline/raw/mr/mr_005_S4257020900340702.flac,marathi,S4257242800308984,/Users/adityasingh/Projects/Vocal-X/data_pipeline/raw/mr/mr_012_S4257242800308984.flac,marathi,different_speaker,0.19765576019656114
S4257020900340702,/Users/adityasingh/Projects/Vocal-X/data_pipeline/raw/mr/mr_005_S4257020900340702.flac,marathi,S4258045600338732,/Users/adityasingh/Projects/Vocal-X/data_pipeline/raw/mr/mr_013_S4258045600338732.flac,marathi,different_speaker,0.1940603803000993
S4257020900340702,/Users/adityasingh/Projects/Vocal-X/data_pipeline/raw/mr/mr_005_S4257020900340702.flac,marathi,S4258045600338732,/Users/adityasingh/Projects/Vocal-X/data_pipeline/raw/mr/mr_014_S4258045600338732.flac,marathi,different_speaker,0.0254009165142382
S4257020900340702,/Users/adityasingh/Projects/Vocal-X/data_pipeline/raw/mr/mr_005_S4257020900340702.flac,marathi,S4258045600338732,/Users/adityasingh/Projects/Vocal-X/data_pipeline/raw/mr/mr_015_S4258045600338732.flac,marathi,different_speaker,-0.13636013880342024
S4257020900340702,/Users/adityasingh/Projects/Vocal-X/data_pipeline/raw/mr/mr_006_S4257020900340702.flac,marathi,S4259734500395875,/Users/adityasingh/Projects/Vocal-X/data_pipeline/raw/mr/mr_007_S4259734500395875.flac,marathi,different_speaker,-0.06564045642969799
S4257020900340702,/Users/adityasingh/Projects/Vocal-X/data_pipeline/raw/mr/mr_006_S4257020900340702.flac,marathi,S4259734500395875,/Users/adityasingh/Projects/Vocal-X/data_pipeline/raw/mr/mr_008_S4259734500395875.flac,marathi,different_speaker,-0.5959630417809973
S4257020900340702,/Users/adityasingh/Projects/Vocal-X/data_pipeline/raw/mr/mr_006_S4257020900340702.flac,marathi,S4259734500395875,/Users/adityasingh/Projects/Vocal-X/data_pipeline/raw/mr/mr_009_S4259734500395875.flac,marathi,different_speaker,-0.5503633235512122
S4257020900340702,/Users/adityasingh/Projects/Vocal-X/data_pipeline/raw/mr/mr_006_S4257020900340702.flac,marathi,S4257242800308984,/Users/adityasingh/Projects/Vocal-X/data_pipeline/raw/mr/mr_010_S4257242800308984.flac,marathi,different_speaker,-0.09310972135173871
S4257020900340702,/Users/adityasingh/Projects/Vocal-X/data_pipeline/raw/mr/mr_006_S4257020900340702.flac,marathi,S4257242800308984,/Users/adityasingh/Projects/Vocal-X/data_pipeline/raw/mr/mr_011_S4257242800308984.flac,marathi,different_speaker,-0.5771689827658332
S4257020900340702,/Users/adityasingh/Projects/Vocal-X/data_pipeline/raw/mr/mr_006_S4257020900340702.flac,marathi,S4257242800308984,/Users/adityasingh/Projects/Vocal-X/data_pipeline/raw/mr/mr_012_S4257242800308984.flac,marathi,different_speaker,0.06743876451291375
S4257020900340702,/Users/adityasingh/Projects/Vocal-X/data_pipeline/raw/mr/mr_006_S4257020900340702.flac,marathi,S4258045600338732,/Users/adityasingh/Projects/Vocal-X/data_pipeline/raw/mr/mr_013_S4258045600338732.flac,marathi,different_speaker,0.16911362727541207
S4257020900340702,/Users/adityasingh/Projects/Vocal-X/data_pipeline/raw/mr/mr_006_S4257020900340702.flac,marathi,S4258045600338732,/Users/adityasingh/Projects/Vocal-X/data_pipeline/raw/mr/mr_014_S4258045600338732.flac,marathi,different_speaker,0.15680299854238905
S4257020900340702,/Users/adityasingh/Projects/Vocal-X/data_pipeline/raw/mr/mr_006_S4257020900340702.flac,marathi,S4258045600338732,/Users/adityasingh/Projects/Vocal-X/data_pipeline/raw/mr/mr_015_S4258045600338732.flac,marathi,different_speaker,-0.041427973086242034
S4259734500395875,/Users/adityasingh/Projects/Vocal-X/data_pipeline/raw/mr/mr_007_S4259734500395875.flac,marathi,S4259734500395875,/Users/adityasingh/Projects/Vocal-X/data_pipeline/raw/mr/mr_008_S4259734500395875.flac,marathi,same_speaker,0.15101817923715316
S4259734500395875,/Users/adityasingh/Projects/Vocal-X/data_pipeline/raw/mr/mr_007_S4259734500395875.flac,marathi,S4259734500395875,/Users/adityasingh/Projects/Vocal-X/data_pipeline/raw/mr/mr_009_S4259734500395875.flac,marathi,same_speaker,0.035341700869937674
S4259734500395875,/Users/adityasingh/Projects/Vocal-X/data_pipeline/raw/mr/mr_007_S4259734500395875.flac,marathi,S4257242800308984,/Users/adityasingh/Projects/Vocal-X/data_pipeline/raw/mr/mr_010_S4257242800308984.flac,marathi,different_speaker,0.1542039560475864
S4259734500395875,/Users/adityasingh/Projects/Vocal-X/data_pipeline/raw/mr/mr_007_S4259734500395875.flac,marathi,S4257242800308984,/Users/adityasingh/Projects/Vocal-X/data_pipeline/raw/mr/mr_011_S4257242800308984.flac,marathi,different_speaker,0.06145750737659696
S4259734500395875,/Users/adityasingh/Projects/Vocal-X/data_pipeline/raw/mr/mr_007_S4259734500395875.flac,marathi,S4257242800308984,/Users/adityasingh/Projects/Vocal-X/data_pipeline/raw/mr/mr_012_S4257242800308984.flac,marathi,different_speaker,-0.025592874508996978
S4259734500395875,/Users/adityasingh/Projects/Vocal-X/data_pipeline/raw/mr/mr_007_S4259734500395875.flac,marathi,S4258045600338732,/Users/adityasingh/Projects/Vocal-X/data_pipeline/raw/mr/mr_013_S4258045600338732.flac,marathi,different_speaker,0.25379265151357544
S4259734500395875,/Users/adityasingh/Projects/Vocal-X/data_pipeline/raw/mr/mr_007_S4259734500395875.flac,marathi,S4258045600338732,/Users/adityasingh/Projects/Vocal-X/data_pipeline/raw/mr/mr_014_S4258045600338732.flac,marathi,different_speaker,-0.0100390384450929
S4259734500395875,/Users/adityasingh/Projects/Vocal-X/data_pipeline/raw/mr/mr_007_S4259734500395875.flac,marathi,S4258045600338732,/Users/adityasingh/Projects/Vocal-X/data_pipeline/raw/mr/mr_015_S4258045600338732.flac,marathi,different_speaker,-0.16834169074139718
S4259734500395875,/Users/adityasingh/Projects/Vocal-X/data_pipeline/raw/mr/mr_008_S4259734500395875.flac,marathi,S4259734500395875,/Users/adityasingh/Projects/Vocal-X/data_pipeline/raw/mr/mr_009_S4259734500395875.flac,marathi,same_speaker,0.7715936721592842
S4259734500395875,/Users/adityasingh/Projects/Vocal-X/data_pipeline/raw/mr/mr_008_S4259734500395875.flac,marathi,S4257242800308984,/Users/adityasingh/Projects/Vocal-X/data_pipeline/raw/mr/mr_010_S4257242800308984.flac,marathi,different_speaker,0.0708496437023731
S4259734500395875,/Users/adityasingh/Projects/Vocal-X/data_pipeline/raw/mr/mr_008_S4259734500395875.flac,marathi,S4257242800308984,/Users/adityasingh/Projects/Vocal-X/data_pipeline/raw/mr/mr_011_S4257242800308984.flac,marathi,different_speaker,0.27623955408996465
S4259734500395875,/Users/adityasingh/Projects/Vocal-X/data_pipeline/raw/mr/mr_008_S4259734500395875.flac,marathi,S4257242800308984,/Users/adityasingh/Projects/Vocal-X/data_pipeline/raw/mr/mr_012_S4257242800308984.flac,marathi,different_speaker,0.06210486429150845
S4259734500395875,/Users/adityasingh/Projects/Vocal-X/data_pipeline/raw/mr/mr_008_S4259734500395875.flac,marathi,S4258045600338732,/Users/adityasingh/Projects/Vocal-X/data_pipeline/raw/mr/mr_013_S4258045600338732.flac,marathi,different_speaker,0.3209005406967288
S4259734500395875,/Users/adityasingh/Projects/Vocal-X/data_pipeline/raw/mr/mr_008_S4259734500395875.flac,marathi,S4258045600338732,/Users/adityasingh/Projects/Vocal-X/data_pipeline/raw/mr/mr_014_S4258045600338732.flac,marathi,different_speaker,0.044852132750922265
S4259734500395875,/Users/adityasingh/Projects/Vocal-X/data_pipeline/raw/mr/mr_008_S4259734500395875.flac,marathi,S4258045600338732,/Users/adityasingh/Projects/Vocal-X/data_pipeline/raw/mr/mr_015_S4258045600338732.flac,marathi,different_speaker,-0.133968320082931
S4259734500395875,/Users/adityasingh/Projects/Vocal-X/data_pipeline/raw/mr/mr_009_S4259734500395875.flac,marathi,S4257242800308984,/Users/adityasingh/Projects/Vocal-X/data_pipeline/raw/mr/mr_010_S4257242800308984.flac,marathi,different_speaker,0.23045116663785134
S4259734500395875,/Users/adityasingh/Projects/Vocal-X/data_pipeline/raw/mr/mr_009_S4259734500395875.flac,marathi,S4257242800308984,/Users/adityasingh/Projects/Vocal-X/data_pipeline/raw/mr/mr_011_S4257242800308984.flac,marathi,different_speaker,0.5727704920401301
S4259734500395875,/Users/adityasingh/Projects/Vocal-X/data_pipeline/raw/mr/mr_009_S4259734500395875.flac,marathi,S4257242800308984,/Users/adityasingh/Projects/Vocal-X/data_pipeline/raw/mr/mr_012_S4257242800308984.flac,marathi,different_speaker,0.0427108078403857
S4259734500395875,/Users/adityasingh/Projects/Vocal-X/data_pipeline/raw/mr/mr_009_S4259734500395875.flac,marathi,S4258045600338732,/Users/adityasingh/Projects/Vocal-X/data_pipeline/raw/mr/mr_013_S4258045600338732.flac,marathi,different_speaker,0.1711354782939387
S4259734500395875,/Users/adityasingh/Projects/Vocal-X/data_pipeline/raw/mr/mr_009_S4259734500395875.flac,marathi,S4258045600338732,/Users/adityasingh/Projects/Vocal-X/data_pipeline/raw/mr/mr_014_S4258045600338732.flac,marathi,different_speaker,-0.04397679755661881
S4259734500395875,/Users/adityasingh/Projects/Vocal-X/data_pipeline/raw/mr/mr_009_S4259734500395875.flac,marathi,S4258045600338732,/Users/adityasingh/Projects/Vocal-X/data_pipeline/raw/mr/mr_015_S4258045600338732.flac,marathi,different_speaker,0.030566973415296708
S4257242800308984,/Users/adityasingh/Projects/Vocal-X/data_pipeline/raw/mr/mr_010_S4257242800308984.flac,marathi,S4257242800308984,/Users/adityasingh/Projects/Vocal-X/data_pipeline/raw/mr/mr_011_S4257242800308984.flac,marathi,same_speaker,0.302899179328623
S4257242800308984,/Users/adityasingh/Projects/Vocal-X/data_pipeline/raw/mr/mr_010_S4257242800308984.flac,marathi,S4257242800308984,/Users/adityasingh/Projects/Vocal-X/data_pipeline/raw/mr/mr_012_S4257242800308984.flac,marathi,same_speaker,-0.19560002432092008
S4257242800308984,/Users/adityasingh/Projects/Vocal-X/data_pipeline/raw/mr/mr_010_S4257242800308984.flac,marathi,S4258045600338732,/Users/adityasingh/Projects/Vocal-X/data_pipeline/raw/mr/mr_013_S4258045600338732.flac,marathi,different_speaker,0.19381156837034896
S4257242800308984,/Users/adityasingh/Projects/Vocal-X/data_pipeline/raw/mr/mr_010_S4257242800308984.flac,marathi,S4258045600338732,/Users/adityasingh/Projects/Vocal-X/data_pipeline/raw/mr/mr_014_S4258045600338732.flac,marathi,different_speaker,0.2744838417743797
S4257242800308984,/Users/adityasingh/Projects/Vocal-X/data_pipeline/raw/mr/mr_010_S4257242800308984.flac,marathi,S4258045600338732,/Users/adityasingh/Projects/Vocal-X/data_pipeline/raw/mr/mr_015_S4258045600338732.flac,marathi,different_speaker,-0.07586819009265823
S4257242800308984,/Users/adityasingh/Projects/Vocal-X/data_pipeline/raw/mr/mr_011_S4257242800308984.flac,marathi,S4257242800308984,/Users/adityasingh/Projects/Vocal-X/data_pipeline/raw/mr/mr_012_S4257242800308984.flac,marathi,same_speaker,0.09288875565878091
S4257242800308984,/Users/adityasingh/Projects/Vocal-X/data_pipeline/raw/mr/mr_011_S4257242800308984.flac,marathi,S4258045600338732,/Users/adityasingh/Projects/Vocal-X/data_pipeline/raw/mr/mr_013_S4258045600338732.flac,marathi,different_speaker,-0.2753630485524181
S4257242800308984,/Users/adityasingh/Projects/Vocal-X/data_pipeline/raw/mr/mr_011_S4257242800308984.flac,marathi,S4258045600338732,/Users/adityasingh/Projects/Vocal-X/data_pipeline/raw/mr/mr_014_S4258045600338732.flac,marathi,different_speaker,-0.2974446721184052
S4257242800308984,/Users/adityasingh/Projects/Vocal-X/data_pipeline/raw/mr/mr_011_S4257242800308984.flac,marathi,S4258045600338732,/Users/adityasingh/Projects/Vocal-X/data_pipeline/raw/mr/mr_015_S4258045600338732.flac,marathi,different_speaker,-0.03476763906972452
S4257242800308984,/Users/adityasingh/Projects/Vocal-X/data_pipeline/raw/mr/mr_012_S4257242800308984.flac,marathi,S4258045600338732,/Users/adityasingh/Projects/Vocal-X/data_pipeline/raw/mr/mr_013_S4258045600338732.flac,marathi,different_speaker,-0.2960962699621339
S4257242800308984,/Users/adityasingh/Projects/Vocal-X/data_pipeline/raw/mr/mr_012_S4257242800308984.flac,marathi,S4258045600338732,/Users/adityasingh/Projects/Vocal-X/data_pipeline/raw/mr/mr_014_S4258045600338732.flac,marathi,different_speaker,-0.39131103624759384
S4257242800308984,/Users/adityasingh/Projects/Vocal-X/data_pipeline/raw/mr/mr_012_S4257242800308984.flac,marathi,S4258045600338732,/Users/adityasingh/Projects/Vocal-X/data_pipeline/raw/mr/mr_015_S4258045600338732.flac,marathi,different_speaker,-0.12716756125109743
S4258045600338732,/Users/adityasingh/Projects/Vocal-X/data_pipeline/raw/mr/mr_013_S4258045600338732.flac,marathi,S4258045600338732,/Users/adityasingh/Projects/Vocal-X/data_pipeline/raw/mr/mr_014_S4258045600338732.flac,marathi,same_speaker,0.7420873854753594
S4258045600338732,/Users/adityasingh/Projects/Vocal-X/data_pipeline/raw/mr/mr_013_S4258045600338732.flac,marathi,S4258045600338732,/Users/adityasingh/Projects/Vocal-X/data_pipeline/raw/mr/mr_015_S4258045600338732.flac,marathi,same_speaker,0.2686180994201043
S4258045600338732,/Users/adityasingh/Projects/Vocal-X/data_pipeline/raw/mr/mr_014_S4258045600338732.flac,marathi,S4258045600338732,/Users/adityasingh/Projects/Vocal-X/data_pipeline/raw/mr/mr_015_S4258045600338732.flac,marathi,same_speaker,0.5371345124906276
